[INFO][AppLauncher]: Using device: cuda:0
[INFO][AppLauncher]: Loading experience file: /home/user/IsaacLab/apps/isaaclab.python.headless.kit
Loading user config located at: '/home/user/miniconda3/envs/env_isaaclab/lib/python3.11/site-packages/isaacsim/kit/data/Kit/Isaac-Sim/5.1/user.config.json'
[Info] [carb] Logging to file: /home/user/miniconda3/envs/env_isaaclab/lib/python3.11/site-packages/isaacsim/kit/logs/Kit/Isaac-Sim/5.1/kit_20260807_105326.log
2026-08-07T17:53:26Z [111ms] [Warning] [omni.usd_config.extension] Enable omni.materialx.libs extension to use MaterialX
2026-08-07T17:53:27Z [397ms] [Warning] [carb] Acquiring non optional plugin interface which is not listed as dependency: [omni::physx::IPhysxBenchmarks v1.0] (plugin: <default plugin>), by client: omni.physics.physx.plugin. Add it to CARB_PLUGIN_IMPL_DEPS() macro of a client.
2026-08-07T17:53:27Z [403ms] [Warning] [omni.isaac.dynamic_control] omni.isaac.dynamic_control is deprecated as of Isaac Sim 4.5. No action is needed from end-users.
2026-08-07T17:53:30Z [3,629ms] [Warning] [gpu.foundation.plugin] Skipping unsupported non-NVIDIA GPU: Intel(R) Graphics (ARL)
2026-08-07T17:53:30Z [3,629ms] [Warning] [gpu.foundation.plugin] Skipping unsupported non-NVIDIA GPU: Intel(R) Graphics (ARL)

|---------------------------------------------------------------------------------------------|
| Driver Version: 580.159.03    | Graphics API: Vulkan
|=============================================================================================|
| GPU | Name                             | Active | LDA | GPU Memory | Vendor-ID | LUID       |
|     |                                  |        |     |            | Device-ID | UUID       |
|     |                                  |        |     |            | Bus-ID    |            |
|---------------------------------------------------------------------------------------------|
| 0   | NVIDIA GeForce RTX 5090 Laptop.. | Yes: 0 |     | 24463   MB | 10de      | 0          |
|     |                                  |        |     |            | 2c58      | 7954a422.. |
|     |                                  |        |     |            | 2         |            |
|---------------------------------------------------------------------------------------------|
| 1   | Intel(R) Graphics (ARL)          |        |     | 47789   MB | 8086      | 0          |
|     |                                  |        |     |            | 7d67      | 8680677d.. |
|     |                                  |        |     |            | 0         |            |
|=============================================================================================|
| OS: 24.04.4 LTS (Noble Numbat) ubuntu, Version: 24.04.4, Kernel: 7.0.0-28-generic
| XServer Vendor: The X.Org Foundation, XServer Version: 12101011 (1.21.1.11)
| Processor: Intel(R) Core(TM) Ultra 9 275HX
| Cores: 24 | Logical Cores: 24
|---------------------------------------------------------------------------------------------|
| Total Memory (MB): 63719 | Free Memory: 41328
| Total Page/Swap (MB): 8191 | Free Page/Swap: 8171
|---------------------------------------------------------------------------------------------|
2026-08-07T17:53:31Z [4,626ms] [Warning] [gpu.foundation.plugin] CPU performance profile is set to powersave. This profile sets the CPU to the lowest frequency reducing performance.
2026-08-07T17:53:31Z [4,643ms] [Warning] [gpu.foundation.plugin] IOMMU is enabled.
2026-08-07T17:53:31Z [4,643ms] [Warning] [gpu.foundation.plugin] Detected IOMMU is enabled. Running CUDA peer-to-peer bandwidth and latency validation.
Unidirectional P2P=Enabled Bandwidth (P2P Writes) Matrix (GB/s)
   D\D     0 
     0 774.11 
P2P=Enabled Latency (P2P Writes) Matrix (us)
   GPU     0 
     0   2.07 

   CPU     0 
     0   1.79 
2026-08-07T17:53:31Z [4,737ms] [Warning] [omni.kvdb.plugin] Disabling key-value database because another kit process is locking it
Gym has been unmaintained since 2022 and does not support NumPy 2.0 amongst other critical functionality.
Please upgrade to Gymnasium, the maintained drop-in replacement of Gym, or contact the authors of your software and request that they upgrade.
See the migration guide at https://gymnasium.farama.org/introduction/migration_guide/ for additional information.
[INFO]: Parsing configuration from: screwdriver_rl.tasks.linker_l20.screwdriver_rotation_topdown_hora_env_cfg:LinkerL20ScrewdriverRotationTopdownHoraEnvCfg

[36m======================================================================================[0m
[36m[1m[INFO][IsaacLab]: Logging to file: /tmp/isaaclab/logs/isaaclab_2026-08-07_10-53-33.log[0m
[36m======================================================================================[0m

[33m10:53:33 [simulation_context.py] WARNING: The `enable_external_forces_every_iteration` parameter in the PhysxCfg is set to False. If you are experiencing noisy velocities, consider enabling this flag. You may need to slightly increase the number of velocity iterations (setting it to 1 or 2 rather than 0), together with this flag, to improve the accuracy of velocity updates.[0m
[INFO]: Base environment:
	Environment device    : cuda:0
	Environment seed      : 20260807
	Physics step-size     : 0.016666666666666666
	Rendering step-size   : 0.1
	Environment step-size : 0.1
2026-08-07T17:53:33Z [6,878ms] [Warning] [gpu.foundation.plugin] Skipping unsupported non-NVIDIA GPU: Intel(R) Graphics (ARL)
2026-08-07T17:53:33Z [6,878ms] [Warning] [gpu.foundation.plugin] Skipping unsupported non-NVIDIA GPU: Intel(R) Graphics (ARL)

|---------------------------------------------------------------------------------------------|
| Driver Version: 580.159.03    | Graphics API: Vulkan
|=============================================================================================|
| GPU | Name                             | Active | LDA | GPU Memory | Vendor-ID | LUID       |
|     |                                  |        |     |            | Device-ID | UUID       |
|     |                                  |        |     |            | Bus-ID    |            |
|---------------------------------------------------------------------------------------------|
| 0   | NVIDIA GeForce RTX 5090 Laptop.. | Yes: 0 |     | 24463   MB | 10de      | 0          |
|     |                                  |        |     |            | 2c58      | 7954a422.. |
|     |                                  |        |     |            | 2         |            |
|---------------------------------------------------------------------------------------------|
| 1   | Intel(R) Graphics (ARL)          |        |     | 47789   MB | 8086      | 0          |
|     |                                  |        |     |            | 7d67      | 8680677d.. |
|     |                                  |        |     |            | 0         |            |
|=============================================================================================|
| OS: 24.04.4 LTS (Noble Numbat) ubuntu, Version: 24.04.4, Kernel: 7.0.0-28-generic
| XServer Vendor: The X.Org Foundation, XServer Version: 12101011 (1.21.1.11)
| Processor: Intel(R) Core(TM) Ultra 9 275HX
| Cores: 24 | Logical Cores: 24
|---------------------------------------------------------------------------------------------|
| Total Memory (MB): 63719 | Free Memory: 40653
| Total Page/Swap (MB): 8191 | Free Page/Swap: 8171
|---------------------------------------------------------------------------------------------|
2026-08-07T17:53:34Z [7,671ms] [Warning] [gpu.foundation.plugin] CPU performance profile is set to powersave. This profile sets the CPU to the lowest frequency reducing performance.
Unidirectional P2P=Enabled Bandwidth (P2P Writes) Matrix (GB/s)
   D\D     0 
     0 411.27 
P2P=Enabled Latency (P2P Writes) Matrix (us)
   GPU     0 
     0   2.13 

   CPU     0 
     0   1.68 
2026-08-07T17:53:34Z [7,687ms] [Warning] [gpu.foundation.plugin] IOMMU is enabled.
2026-08-07T17:53:34Z [7,687ms] [Warning] [gpu.foundation.plugin] Detected IOMMU is enabled. Running CUDA peer-to-peer bandwidth and latency validation.
Unidirectional P2P=Enabled Bandwidth (P2P Writes) Matrix (GB/s)
   D\D     0 
     0 338.49 
P2P=Enabled Latency (P2P Writes) Matrix (us)
   GPU     0 
     0   2.07 

   CPU     0 
     0   1.66 
2026-08-07T17:53:35Z [8,369ms] [Warning] [omni.graph.visualization.nodes._impl.extension] No Viewport Window to add omni.graph.visualization.nodes-2.1.3 scene to
2026-08-07T17:53:35Z [8,553ms] [Warning] [isaacsim.asset.importer.urdf] No mass specified for link index_tip
2026-08-07T17:53:35Z [8,553ms] [Warning] [omni.usd] Warning: in _ReportErrors at line 3172 of /builds/omniverse/usd-ci/USD/pxr/usd/usd/stage.cpp -- In </linkerhand_l20_left/index_tip/visuals>: Unresolved reference prim path @/tmp/IsaacLab/usd_20260807_105335_548/configuration/linkerhand_l20_left_physics.usd@</visuals/index_tip> introduced by @/tmp/IsaacLab/usd_20260807_105335_548/configuration/linkerhand_l20_left_base.usd@</linkerhand_l20_left/index_tip/visuals> (recomposing stage on stage @/tmp/IsaacLab/usd_20260807_105335_548/configuration/linkerhand_l20_left_physics.usd@ <0x6533f2bacee0>)

2026-08-07T17:53:35Z [8,553ms] [Warning] [omni.usd] Warning: in _ReportErrors at line 3172 of /builds/omniverse/usd-ci/USD/pxr/usd/usd/stage.cpp -- In </linkerhand_l20_left/index_tip/visuals>: Unresolved reference prim path @/tmp/IsaacLab/usd_20260807_105335_548/linkerhand_l20_left.usd@</visuals/index_tip> introduced by @/tmp/IsaacLab/usd_20260807_105335_548/configuration/linkerhand_l20_left_base.usd@</linkerhand_l20_left/index_tip/visuals> (recomposing stage on stage @/tmp/IsaacLab/usd_20260807_105335_548/linkerhand_l20_left.usd@ <0x6533f2b9a470>)

2026-08-07T17:53:35Z [8,553ms] [Warning] [omni.usd] Warning: in _ReportErrors at line 3172 of /builds/omniverse/usd-ci/USD/pxr/usd/usd/stage.cpp -- In </linkerhand_l20_left/index_tip/visuals>: Unresolved reference prim path @/tmp/IsaacLab/usd_20260807_105335_548/linkerhand_l20_left.usd@</visuals/index_tip> introduced by @/tmp/IsaacLab/usd_20260807_105335_548/configuration/linkerhand_l20_left_base.usd@</linkerhand_l20_left/index_tip/visuals> (recomposing stage on stage @/tmp/IsaacLab/usd_20260807_105335_548/linkerhand_l20_left.usd@ <0x6533f2b95ad0>)

2026-08-07T17:53:35Z [8,553ms] [Warning] [omni.usd] Warning: in _ReportErrors at line 3172 of /builds/omniverse/usd-ci/USD/pxr/usd/usd/stage.cpp -- In </linkerhand_l20_left/index_tip/visuals>: Unresolved reference prim path @/tmp/IsaacLab/usd_20260807_105335_548/configuration/linkerhand_l20_left_base.usd@</visuals/index_tip> introduced by @/tmp/IsaacLab/usd_20260807_105335_548/configuration/linkerhand_l20_left_base.usd@</linkerhand_l20_left/index_tip/visuals> (recomposing stage on stage @/tmp/IsaacLab/usd_20260807_105335_548/configuration/linkerhand_l20_left_base.usd@ <0x6533f2f360b0>)

2026-08-07T17:53:35Z [8,553ms] [Warning] [omni.usd] Warning: in _ReportErrors at line 3172 of /builds/omniverse/usd-ci/USD/pxr/usd/usd/stage.cpp -- In </linkerhand_l20_left/index_tip/visuals>: Unresolved reference prim path @/tmp/IsaacLab/usd_20260807_105335_548/configuration/linkerhand_l20_left_physics.usd@</visuals/index_tip> introduced by @/tmp/IsaacLab/usd_20260807_105335_548/configuration/linkerhand_l20_left_base.usd@</linkerhand_l20_left/index_tip/visuals> (recomposing stage on stage @/tmp/IsaacLab/usd_20260807_105335_548/configuration/linkerhand_l20_left_physics.usd@ <0x6533f2bacee0>)

2026-08-07T17:53:35Z [8,553ms] [Warning] [omni.usd] Warning: in _ReportErrors at line 3172 of /builds/omniverse/usd-ci/USD/pxr/usd/usd/stage.cpp -- In </linkerhand_l20_left/index_tip/visuals>: Unresolved reference prim path @/tmp/IsaacLab/usd_20260807_105335_548/linkerhand_l20_left.usd@</visuals/index_tip> introduced by @/tmp/IsaacLab/usd_20260807_105335_548/configuration/linkerhand_l20_left_base.usd@</linkerhand_l20_left/index_tip/visuals> (recomposing stage on stage @/tmp/IsaacLab/usd_20260807_105335_548/linkerhand_l20_left.usd@ <0x6533f2b9a470>)

2026-08-07T17:53:35Z [8,553ms] [Warning] [omni.usd] Warning: in _ReportErrors at line 3172 of /builds/omniverse/usd-ci/USD/pxr/usd/usd/stage.cpp -- In </linkerhand_l20_left/index_tip/visuals>: Unresolved reference prim path @/tmp/IsaacLab/usd_20260807_105335_548/linkerhand_l20_left.usd@</visuals/index_tip> introduced by @/tmp/IsaacLab/usd_20260807_105335_548/configuration/linkerhand_l20_left_base.usd@</linkerhand_l20_left/index_tip/visuals> (recomposing stage on stage @/tmp/IsaacLab/usd_20260807_105335_548/linkerhand_l20_left.usd@ <0x6533f2b95ad0>)

2026-08-07T17:53:35Z [8,553ms] [Warning] [omni.usd] Warning: in _ReportErrors at line 3172 of /builds/omniverse/usd-ci/USD/pxr/usd/usd/stage.cpp -- In </linkerhand_l20_left/index_tip/visuals>: Unresolved reference prim path @/tmp/IsaacLab/usd_20260807_105335_548/configuration/linkerhand_l20_left_base.usd@</visuals/index_tip> introduced by @/tmp/IsaacLab/usd_20260807_105335_548/configuration/linkerhand_l20_left_base.usd@</linkerhand_l20_left/index_tip/visuals> (recomposing stage on stage @/tmp/IsaacLab/usd_20260807_105335_548/configuration/linkerhand_l20_left_base.usd@ <0x6533f2f360b0>)

2026-08-07T17:53:35Z [8,554ms] [Warning] [isaacsim.asset.importer.urdf] Link index_tip has no colliders, and no inertia was imported; assigning a small isotropic inertia matrix
2026-08-07T17:53:35Z [8,625ms] [Warning] [isaacsim.asset.importer.urdf] No mass specified for link middle_tip
2026-08-07T17:53:35Z [8,626ms] [Warning] [omni.usd] Warning: in _ReportErrors at line 3172 of /builds/omniverse/usd-ci/USD/pxr/usd/usd/stage.cpp -- In </linkerhand_l20_left/middle_tip/visuals>: Unresolved reference prim path @/tmp/IsaacLab/usd_20260807_105335_548/configuration/linkerhand_l20_left_physics.usd@</visuals/middle_tip> introduced by @/tmp/IsaacLab/usd_20260807_105335_548/configuration/linkerhand_l20_left_base.usd@</linkerhand_l20_left/middle_tip/visuals> (recomposing stage on stage @/tmp/IsaacLab/usd_20260807_105335_548/configuration/linkerhand_l20_left_physics.usd@ <0x6533f2bacee0>)

2026-08-07T17:53:35Z [8,626ms] [Warning] [omni.usd] Warning: in _ReportErrors at line 3172 of /builds/omniverse/usd-ci/USD/pxr/usd/usd/stage.cpp -- In </linkerhand_l20_left/middle_tip/visuals>: Unresolved reference prim path @/tmp/IsaacLab/usd_20260807_105335_548/linkerhand_l20_left.usd@</visuals/middle_tip> introduced by @/tmp/IsaacLab/usd_20260807_105335_548/configuration/linkerhand_l20_left_base.usd@</linkerhand_l20_left/middle_tip/visuals> (recomposing stage on stage @/tmp/IsaacLab/usd_20260807_105335_548/linkerhand_l20_left.usd@ <0x6533f2b9a470>)

2026-08-07T17:53:35Z [8,626ms] [Warning] [omni.usd] Warning: in _ReportErrors at line 3172 of /builds/omniverse/usd-ci/USD/pxr/usd/usd/stage.cpp -- In </linkerhand_l20_left/middle_tip/visuals>: Unresolved reference prim path @/tmp/IsaacLab/usd_20260807_105335_548/linkerhand_l20_left.usd@</visuals/middle_tip> introduced by @/tmp/IsaacLab/usd_20260807_105335_548/configuration/linkerhand_l20_left_base.usd@</linkerhand_l20_left/middle_tip/visuals> (recomposing stage on stage @/tmp/IsaacLab/usd_20260807_105335_548/linkerhand_l20_left.usd@ <0x6533f2b95ad0>)

2026-08-07T17:53:35Z [8,626ms] [Warning] [omni.usd] Warning: in _ReportErrors at line 3172 of /builds/omniverse/usd-ci/USD/pxr/usd/usd/stage.cpp -- In </linkerhand_l20_left/middle_tip/visuals>: Unresolved reference prim path @/tmp/IsaacLab/usd_20260807_105335_548/configuration/linkerhand_l20_left_base.usd@</visuals/middle_tip> introduced by @/tmp/IsaacLab/usd_20260807_105335_548/configuration/linkerhand_l20_left_base.usd@</linkerhand_l20_left/middle_tip/visuals> (recomposing stage on stage @/tmp/IsaacLab/usd_20260807_105335_548/configuration/linkerhand_l20_left_base.usd@ <0x6533f2f360b0>)

2026-08-07T17:53:35Z [8,626ms] [Warning] [omni.usd] Warning: in _ReportErrors at line 3172 of /builds/omniverse/usd-ci/USD/pxr/usd/usd/stage.cpp -- In </linkerhand_l20_left/middle_tip/visuals>: Unresolved reference prim path @/tmp/IsaacLab/usd_20260807_105335_548/configuration/linkerhand_l20_left_physics.usd@</visuals/middle_tip> introduced by @/tmp/IsaacLab/usd_20260807_105335_548/configuration/linkerhand_l20_left_base.usd@</linkerhand_l20_left/middle_tip/visuals> (recomposing stage on stage @/tmp/IsaacLab/usd_20260807_105335_548/configuration/linkerhand_l20_left_physics.usd@ <0x6533f2bacee0>)

2026-08-07T17:53:35Z [8,626ms] [Warning] [omni.usd] Warning: in _ReportErrors at line 3172 of /builds/omniverse/usd-ci/USD/pxr/usd/usd/stage.cpp -- In </linkerhand_l20_left/middle_tip/visuals>: Unresolved reference prim path @/tmp/IsaacLab/usd_20260807_105335_548/linkerhand_l20_left.usd@</visuals/middle_tip> introduced by @/tmp/IsaacLab/usd_20260807_105335_548/configuration/linkerhand_l20_left_base.usd@</linkerhand_l20_left/middle_tip/visuals> (recomposing stage on stage @/tmp/IsaacLab/usd_20260807_105335_548/linkerhand_l20_left.usd@ <0x6533f2b9a470>)

2026-08-07T17:53:35Z [8,626ms] [Warning] [omni.usd] Warning: in _ReportErrors at line 3172 of /builds/omniverse/usd-ci/USD/pxr/usd/usd/stage.cpp -- In </linkerhand_l20_left/middle_tip/visuals>: Unresolved reference prim path @/tmp/IsaacLab/usd_20260807_105335_548/linkerhand_l20_left.usd@</visuals/middle_tip> introduced by @/tmp/IsaacLab/usd_20260807_105335_548/configuration/linkerhand_l20_left_base.usd@</linkerhand_l20_left/middle_tip/visuals> (recomposing stage on stage @/tmp/IsaacLab/usd_20260807_105335_548/linkerhand_l20_left.usd@ <0x6533f2b95ad0>)

2026-08-07T17:53:35Z [8,626ms] [Warning] [omni.usd] Warning: in _ReportErrors at line 3172 of /builds/omniverse/usd-ci/USD/pxr/usd/usd/stage.cpp -- In </linkerhand_l20_left/middle_tip/visuals>: Unresolved reference prim path @/tmp/IsaacLab/usd_20260807_105335_548/configuration/linkerhand_l20_left_base.usd@</visuals/middle_tip> introduced by @/tmp/IsaacLab/usd_20260807_105335_548/configuration/linkerhand_l20_left_base.usd@</linkerhand_l20_left/middle_tip/visuals> (recomposing stage on stage @/tmp/IsaacLab/usd_20260807_105335_548/configuration/linkerhand_l20_left_base.usd@ <0x6533f2f360b0>)

2026-08-07T17:53:35Z [8,626ms] [Warning] [isaacsim.asset.importer.urdf] Link middle_tip has no colliders, and no inertia was imported; assigning a small isotropic inertia matrix
2026-08-07T17:53:35Z [8,695ms] [Warning] [isaacsim.asset.importer.urdf] No mass specified for link pinky_tip
2026-08-07T17:53:35Z [8,696ms] [Warning] [omni.usd] Warning: in _ReportErrors at line 3172 of /builds/omniverse/usd-ci/USD/pxr/usd/usd/stage.cpp -- In </linkerhand_l20_left/pinky_tip/visuals>: Unresolved reference prim path @/tmp/IsaacLab/usd_20260807_105335_548/configuration/linkerhand_l20_left_physics.usd@</visuals/pinky_tip> introduced by @/tmp/IsaacLab/usd_20260807_105335_548/configuration/linkerhand_l20_left_base.usd@</linkerhand_l20_left/pinky_tip/visuals> (recomposing stage on stage @/tmp/IsaacLab/usd_20260807_105335_548/configuration/linkerhand_l20_left_physics.usd@ <0x6533f2bacee0>)

2026-08-07T17:53:35Z [8,696ms] [Warning] [omni.usd] Warning: in _ReportErrors at line 3172 of /builds/omniverse/usd-ci/USD/pxr/usd/usd/stage.cpp -- In </linkerhand_l20_left/pinky_tip/visuals>: Unresolved reference prim path @/tmp/IsaacLab/usd_20260807_105335_548/linkerhand_l20_left.usd@</visuals/pinky_tip> introduced by @/tmp/IsaacLab/usd_20260807_105335_548/configuration/linkerhand_l20_left_base.usd@</linkerhand_l20_left/pinky_tip/visuals> (recomposing stage on stage @/tmp/IsaacLab/usd_20260807_105335_548/linkerhand_l20_left.usd@ <0x6533f2b9a470>)

2026-08-07T17:53:35Z [8,696ms] [Warning] [omni.usd] Warning: in _ReportErrors at line 3172 of /builds/omniverse/usd-ci/USD/pxr/usd/usd/stage.cpp -- In </linkerhand_l20_left/pinky_tip/visuals>: Unresolved reference prim path @/tmp/IsaacLab/usd_20260807_105335_548/linkerhand_l20_left.usd@</visuals/pinky_tip> introduced by @/tmp/IsaacLab/usd_20260807_105335_548/configuration/linkerhand_l20_left_base.usd@</linkerhand_l20_left/pinky_tip/visuals> (recomposing stage on stage @/tmp/IsaacLab/usd_20260807_105335_548/linkerhand_l20_left.usd@ <0x6533f2b95ad0>)

2026-08-07T17:53:35Z [8,696ms] [Warning] [omni.usd] Warning: in _ReportErrors at line 3172 of /builds/omniverse/usd-ci/USD/pxr/usd/usd/stage.cpp -- In </linkerhand_l20_left/pinky_tip/visuals>: Unresolved reference prim path @/tmp/IsaacLab/usd_20260807_105335_548/configuration/linkerhand_l20_left_base.usd@</visuals/pinky_tip> introduced by @/tmp/IsaacLab/usd_20260807_105335_548/configuration/linkerhand_l20_left_base.usd@</linkerhand_l20_left/pinky_tip/visuals> (recomposing stage on stage @/tmp/IsaacLab/usd_20260807_105335_548/configuration/linkerhand_l20_left_base.usd@ <0x6533f2f360b0>)

2026-08-07T17:53:35Z [8,697ms] [Warning] [omni.usd] Warning: in _ReportErrors at line 3172 of /builds/omniverse/usd-ci/USD/pxr/usd/usd/stage.cpp -- In </linkerhand_l20_left/pinky_tip/visuals>: Unresolved reference prim path @/tmp/IsaacLab/usd_20260807_105335_548/configuration/linkerhand_l20_left_physics.usd@</visuals/pinky_tip> introduced by @/tmp/IsaacLab/usd_20260807_105335_548/configuration/linkerhand_l20_left_base.usd@</linkerhand_l20_left/pinky_tip/visuals> (recomposing stage on stage @/tmp/IsaacLab/usd_20260807_105335_548/configuration/linkerhand_l20_left_physics.usd@ <0x6533f2bacee0>)

2026-08-07T17:53:35Z [8,697ms] [Warning] [omni.usd] Warning: in _ReportErrors at line 3172 of /builds/omniverse/usd-ci/USD/pxr/usd/usd/stage.cpp -- In </linkerhand_l20_left/pinky_tip/visuals>: Unresolved reference prim path @/tmp/IsaacLab/usd_20260807_105335_548/linkerhand_l20_left.usd@</visuals/pinky_tip> introduced by @/tmp/IsaacLab/usd_20260807_105335_548/configuration/linkerhand_l20_left_base.usd@</linkerhand_l20_left/pinky_tip/visuals> (recomposing stage on stage @/tmp/IsaacLab/usd_20260807_105335_548/linkerhand_l20_left.usd@ <0x6533f2b9a470>)

2026-08-07T17:53:35Z [8,697ms] [Warning] [omni.usd] Warning: in _ReportErrors at line 3172 of /builds/omniverse/usd-ci/USD/pxr/usd/usd/stage.cpp -- In </linkerhand_l20_left/pinky_tip/visuals>: Unresolved reference prim path @/tmp/IsaacLab/usd_20260807_105335_548/linkerhand_l20_left.usd@</visuals/pinky_tip> introduced by @/tmp/IsaacLab/usd_20260807_105335_548/configuration/linkerhand_l20_left_base.usd@</linkerhand_l20_left/pinky_tip/visuals> (recomposing stage on stage @/tmp/IsaacLab/usd_20260807_105335_548/linkerhand_l20_left.usd@ <0x6533f2b95ad0>)

2026-08-07T17:53:35Z [8,697ms] [Warning] [omni.usd] Warning: in _ReportErrors at line 3172 of /builds/omniverse/usd-ci/USD/pxr/usd/usd/stage.cpp -- In </linkerhand_l20_left/pinky_tip/visuals>: Unresolved reference prim path @/tmp/IsaacLab/usd_20260807_105335_548/configuration/linkerhand_l20_left_base.usd@</visuals/pinky_tip> introduced by @/tmp/IsaacLab/usd_20260807_105335_548/configuration/linkerhand_l20_left_base.usd@</linkerhand_l20_left/pinky_tip/visuals> (recomposing stage on stage @/tmp/IsaacLab/usd_20260807_105335_548/configuration/linkerhand_l20_left_base.usd@ <0x6533f2f360b0>)

2026-08-07T17:53:35Z [8,697ms] [Warning] [isaacsim.asset.importer.urdf] Link pinky_tip has no colliders, and no inertia was imported; assigning a small isotropic inertia matrix
2026-08-07T17:53:35Z [8,769ms] [Warning] [isaacsim.asset.importer.urdf] No mass specified for link ring_tip
2026-08-07T17:53:35Z [8,770ms] [Warning] [omni.usd] Warning: in _ReportErrors at line 3172 of /builds/omniverse/usd-ci/USD/pxr/usd/usd/stage.cpp -- In </linkerhand_l20_left/ring_tip/visuals>: Unresolved reference prim path @/tmp/IsaacLab/usd_20260807_105335_548/configuration/linkerhand_l20_left_physics.usd@</visuals/ring_tip> introduced by @/tmp/IsaacLab/usd_20260807_105335_548/configuration/linkerhand_l20_left_base.usd@</linkerhand_l20_left/ring_tip/visuals> (recomposing stage on stage @/tmp/IsaacLab/usd_20260807_105335_548/configuration/linkerhand_l20_left_physics.usd@ <0x6533f2bacee0>)

2026-08-07T17:53:35Z [8,770ms] [Warning] [omni.usd] Warning: in _ReportErrors at line 3172 of /builds/omniverse/usd-ci/USD/pxr/usd/usd/stage.cpp -- In </linkerhand_l20_left/ring_tip/visuals>: Unresolved reference prim path @/tmp/IsaacLab/usd_20260807_105335_548/linkerhand_l20_left.usd@</visuals/ring_tip> introduced by @/tmp/IsaacLab/usd_20260807_105335_548/configuration/linkerhand_l20_left_base.usd@</linkerhand_l20_left/ring_tip/visuals> (recomposing stage on stage @/tmp/IsaacLab/usd_20260807_105335_548/linkerhand_l20_left.usd@ <0x6533f2b9a470>)

2026-08-07T17:53:35Z [8,770ms] [Warning] [omni.usd] Warning: in _ReportErrors at line 3172 of /builds/omniverse/usd-ci/USD/pxr/usd/usd/stage.cpp -- In </linkerhand_l20_left/ring_tip/visuals>: Unresolved reference prim path @/tmp/IsaacLab/usd_20260807_105335_548/linkerhand_l20_left.usd@</visuals/ring_tip> introduced by @/tmp/IsaacLab/usd_20260807_105335_548/configuration/linkerhand_l20_left_base.usd@</linkerhand_l20_left/ring_tip/visuals> (recomposing stage on stage @/tmp/IsaacLab/usd_20260807_105335_548/linkerhand_l20_left.usd@ <0x6533f2b95ad0>)

2026-08-07T17:53:35Z [8,770ms] [Warning] [omni.usd] Warning: in _ReportErrors at line 3172 of /builds/omniverse/usd-ci/USD/pxr/usd/usd/stage.cpp -- In </linkerhand_l20_left/ring_tip/visuals>: Unresolved reference prim path @/tmp/IsaacLab/usd_20260807_105335_548/configuration/linkerhand_l20_left_base.usd@</visuals/ring_tip> introduced by @/tmp/IsaacLab/usd_20260807_105335_548/configuration/linkerhand_l20_left_base.usd@</linkerhand_l20_left/ring_tip/visuals> (recomposing stage on stage @/tmp/IsaacLab/usd_20260807_105335_548/configuration/linkerhand_l20_left_base.usd@ <0x6533f2f360b0>)

2026-08-07T17:53:35Z [8,770ms] [Warning] [omni.usd] Warning: in _ReportErrors at line 3172 of /builds/omniverse/usd-ci/USD/pxr/usd/usd/stage.cpp -- In </linkerhand_l20_left/ring_tip/visuals>: Unresolved reference prim path @/tmp/IsaacLab/usd_20260807_105335_548/configuration/linkerhand_l20_left_physics.usd@</visuals/ring_tip> introduced by @/tmp/IsaacLab/usd_20260807_105335_548/configuration/linkerhand_l20_left_base.usd@</linkerhand_l20_left/ring_tip/visuals> (recomposing stage on stage @/tmp/IsaacLab/usd_20260807_105335_548/configuration/linkerhand_l20_left_physics.usd@ <0x6533f2bacee0>)

2026-08-07T17:53:35Z [8,770ms] [Warning] [omni.usd] Warning: in _ReportErrors at line 3172 of /builds/omniverse/usd-ci/USD/pxr/usd/usd/stage.cpp -- In </linkerhand_l20_left/ring_tip/visuals>: Unresolved reference prim path @/tmp/IsaacLab/usd_20260807_105335_548/linkerhand_l20_left.usd@</visuals/ring_tip> introduced by @/tmp/IsaacLab/usd_20260807_105335_548/configuration/linkerhand_l20_left_base.usd@</linkerhand_l20_left/ring_tip/visuals> (recomposing stage on stage @/tmp/IsaacLab/usd_20260807_105335_548/linkerhand_l20_left.usd@ <0x6533f2b9a470>)

2026-08-07T17:53:35Z [8,770ms] [Warning] [omni.usd] Warning: in _ReportErrors at line 3172 of /builds/omniverse/usd-ci/USD/pxr/usd/usd/stage.cpp -- In </linkerhand_l20_left/ring_tip/visuals>: Unresolved reference prim path @/tmp/IsaacLab/usd_20260807_105335_548/linkerhand_l20_left.usd@</visuals/ring_tip> introduced by @/tmp/IsaacLab/usd_20260807_105335_548/configuration/linkerhand_l20_left_base.usd@</linkerhand_l20_left/ring_tip/visuals> (recomposing stage on stage @/tmp/IsaacLab/usd_20260807_105335_548/linkerhand_l20_left.usd@ <0x6533f2b95ad0>)

2026-08-07T17:53:35Z [8,770ms] [Warning] [omni.usd] Warning: in _ReportErrors at line 3172 of /builds/omniverse/usd-ci/USD/pxr/usd/usd/stage.cpp -- In </linkerhand_l20_left/ring_tip/visuals>: Unresolved reference prim path @/tmp/IsaacLab/usd_20260807_105335_548/configuration/linkerhand_l20_left_base.usd@</visuals/ring_tip> introduced by @/tmp/IsaacLab/usd_20260807_105335_548/configuration/linkerhand_l20_left_base.usd@</linkerhand_l20_left/ring_tip/visuals> (recomposing stage on stage @/tmp/IsaacLab/usd_20260807_105335_548/configuration/linkerhand_l20_left_base.usd@ <0x6533f2f360b0>)

2026-08-07T17:53:35Z [8,770ms] [Warning] [isaacsim.asset.importer.urdf] Link ring_tip has no colliders, and no inertia was imported; assigning a small isotropic inertia matrix
2026-08-07T17:53:35Z [8,862ms] [Warning] [isaacsim.asset.importer.urdf] No mass specified for link thumb_tip
2026-08-07T17:53:35Z [8,862ms] [Warning] [omni.usd] Warning: in _ReportErrors at line 3172 of /builds/omniverse/usd-ci/USD/pxr/usd/usd/stage.cpp -- In </linkerhand_l20_left/thumb_tip/visuals>: Unresolved reference prim path @/tmp/IsaacLab/usd_20260807_105335_548/configuration/linkerhand_l20_left_physics.usd@</visuals/thumb_tip> introduced by @/tmp/IsaacLab/usd_20260807_105335_548/configuration/linkerhand_l20_left_base.usd@</linkerhand_l20_left/thumb_tip/visuals> (recomposing stage on stage @/tmp/IsaacLab/usd_20260807_105335_548/configuration/linkerhand_l20_left_physics.usd@ <0x6533f2bacee0>)

2026-08-07T17:53:35Z [8,862ms] [Warning] [omni.usd] Warning: in _ReportErrors at line 3172 of /builds/omniverse/usd-ci/USD/pxr/usd/usd/stage.cpp -- In </linkerhand_l20_left/thumb_tip/visuals>: Unresolved reference prim path @/tmp/IsaacLab/usd_20260807_105335_548/linkerhand_l20_left.usd@</visuals/thumb_tip> introduced by @/tmp/IsaacLab/usd_20260807_105335_548/configuration/linkerhand_l20_left_base.usd@</linkerhand_l20_left/thumb_tip/visuals> (recomposing stage on stage @/tmp/IsaacLab/usd_20260807_105335_548/linkerhand_l20_left.usd@ <0x6533f2b9a470>)

2026-08-07T17:53:35Z [8,862ms] [Warning] [omni.usd] Warning: in _ReportErrors at line 3172 of /builds/omniverse/usd-ci/USD/pxr/usd/usd/stage.cpp -- In </linkerhand_l20_left/thumb_tip/visuals>: Unresolved reference prim path @/tmp/IsaacLab/usd_20260807_105335_548/linkerhand_l20_left.usd@</visuals/thumb_tip> introduced by @/tmp/IsaacLab/usd_20260807_105335_548/configuration/linkerhand_l20_left_base.usd@</linkerhand_l20_left/thumb_tip/visuals> (recomposing stage on stage @/tmp/IsaacLab/usd_20260807_105335_548/linkerhand_l20_left.usd@ <0x6533f2b95ad0>)

2026-08-07T17:53:35Z [8,862ms] [Warning] [omni.usd] Warning: in _ReportErrors at line 3172 of /builds/omniverse/usd-ci/USD/pxr/usd/usd/stage.cpp -- In </linkerhand_l20_left/thumb_tip/visuals>: Unresolved reference prim path @/tmp/IsaacLab/usd_20260807_105335_548/configuration/linkerhand_l20_left_base.usd@</visuals/thumb_tip> introduced by @/tmp/IsaacLab/usd_20260807_105335_548/configuration/linkerhand_l20_left_base.usd@</linkerhand_l20_left/thumb_tip/visuals> (recomposing stage on stage @/tmp/IsaacLab/usd_20260807_105335_548/configuration/linkerhand_l20_left_base.usd@ <0x6533f2f360b0>)

2026-08-07T17:53:35Z [8,862ms] [Warning] [omni.usd] Warning: in _ReportErrors at line 3172 of /builds/omniverse/usd-ci/USD/pxr/usd/usd/stage.cpp -- In </linkerhand_l20_left/thumb_tip/visuals>: Unresolved reference prim path @/tmp/IsaacLab/usd_20260807_105335_548/configuration/linkerhand_l20_left_physics.usd@</visuals/thumb_tip> introduced by @/tmp/IsaacLab/usd_20260807_105335_548/configuration/linkerhand_l20_left_base.usd@</linkerhand_l20_left/thumb_tip/visuals> (recomposing stage on stage @/tmp/IsaacLab/usd_20260807_105335_548/configuration/linkerhand_l20_left_physics.usd@ <0x6533f2bacee0>)

2026-08-07T17:53:35Z [8,862ms] [Warning] [omni.usd] Warning: in _ReportErrors at line 3172 of /builds/omniverse/usd-ci/USD/pxr/usd/usd/stage.cpp -- In </linkerhand_l20_left/thumb_tip/visuals>: Unresolved reference prim path @/tmp/IsaacLab/usd_20260807_105335_548/linkerhand_l20_left.usd@</visuals/thumb_tip> introduced by @/tmp/IsaacLab/usd_20260807_105335_548/configuration/linkerhand_l20_left_base.usd@</linkerhand_l20_left/thumb_tip/visuals> (recomposing stage on stage @/tmp/IsaacLab/usd_20260807_105335_548/linkerhand_l20_left.usd@ <0x6533f2b9a470>)

2026-08-07T17:53:35Z [8,862ms] [Warning] [omni.usd] Warning: in _ReportErrors at line 3172 of /builds/omniverse/usd-ci/USD/pxr/usd/usd/stage.cpp -- In </linkerhand_l20_left/thumb_tip/visuals>: Unresolved reference prim path @/tmp/IsaacLab/usd_20260807_105335_548/linkerhand_l20_left.usd@</visuals/thumb_tip> introduced by @/tmp/IsaacLab/usd_20260807_105335_548/configuration/linkerhand_l20_left_base.usd@</linkerhand_l20_left/thumb_tip/visuals> (recomposing stage on stage @/tmp/IsaacLab/usd_20260807_105335_548/linkerhand_l20_left.usd@ <0x6533f2b95ad0>)

2026-08-07T17:53:35Z [8,862ms] [Warning] [omni.usd] Warning: in _ReportErrors at line 3172 of /builds/omniverse/usd-ci/USD/pxr/usd/usd/stage.cpp -- In </linkerhand_l20_left/thumb_tip/visuals>: Unresolved reference prim path @/tmp/IsaacLab/usd_20260807_105335_548/configuration/linkerhand_l20_left_base.usd@</visuals/thumb_tip> introduced by @/tmp/IsaacLab/usd_20260807_105335_548/configuration/linkerhand_l20_left_base.usd@</linkerhand_l20_left/thumb_tip/visuals> (recomposing stage on stage @/tmp/IsaacLab/usd_20260807_105335_548/configuration/linkerhand_l20_left_base.usd@ <0x6533f2f360b0>)

2026-08-07T17:53:35Z [8,862ms] [Warning] [isaacsim.asset.importer.urdf] Link thumb_tip has no colliders, and no inertia was imported; assigning a small isotropic inertia matrix
2026-08-07T17:53:35Z [8,885ms] [Warning] [omni.usd] Warning: in _ReportErrors at line 3172 of /builds/omniverse/usd-ci/USD/pxr/usd/usd/stage.cpp -- In </linkerhand_l20_left/thumb_tip/visuals>: Unresolved reference prim path @/tmp/IsaacLab/usd_20260807_105335_548/configuration/linkerhand_l20_left_base.usd@</visuals/thumb_tip> introduced by @/tmp/IsaacLab/usd_20260807_105335_548/configuration/linkerhand_l20_left_base.usd@</linkerhand_l20_left/thumb_tip/visuals> (recomposing stage on stage @/tmp/IsaacLab/usd_20260807_105335_548/linkerhand_l20_left.usd@ <0x6533f2b9a470>)

2026-08-07T17:53:35Z [8,885ms] [Warning] [omni.usd] Warning: in _ReportErrors at line 3172 of /builds/omniverse/usd-ci/USD/pxr/usd/usd/stage.cpp -- In </linkerhand_l20_left/index_tip/visuals>: Unresolved reference prim path @/tmp/IsaacLab/usd_20260807_105335_548/configuration/linkerhand_l20_left_base.usd@</visuals/index_tip> introduced by @/tmp/IsaacLab/usd_20260807_105335_548/configuration/linkerhand_l20_left_base.usd@</linkerhand_l20_left/index_tip/visuals> (recomposing stage on stage @/tmp/IsaacLab/usd_20260807_105335_548/linkerhand_l20_left.usd@ <0x6533f2b9a470>)

2026-08-07T17:53:35Z [8,885ms] [Warning] [omni.usd] Warning: in _ReportErrors at line 3172 of /builds/omniverse/usd-ci/USD/pxr/usd/usd/stage.cpp -- In </linkerhand_l20_left/middle_tip/visuals>: Unresolved reference prim path @/tmp/IsaacLab/usd_20260807_105335_548/configuration/linkerhand_l20_left_base.usd@</visuals/middle_tip> introduced by @/tmp/IsaacLab/usd_20260807_105335_548/configuration/linkerhand_l20_left_base.usd@</linkerhand_l20_left/middle_tip/visuals> (recomposing stage on stage @/tmp/IsaacLab/usd_20260807_105335_548/linkerhand_l20_left.usd@ <0x6533f2b9a470>)

2026-08-07T17:53:35Z [8,885ms] [Warning] [omni.usd] Warning: in _ReportErrors at line 3172 of /builds/omniverse/usd-ci/USD/pxr/usd/usd/stage.cpp -- In </linkerhand_l20_left/pinky_tip/visuals>: Unresolved reference prim path @/tmp/IsaacLab/usd_20260807_105335_548/configuration/linkerhand_l20_left_base.usd@</visuals/pinky_tip> introduced by @/tmp/IsaacLab/usd_20260807_105335_548/configuration/linkerhand_l20_left_base.usd@</linkerhand_l20_left/pinky_tip/visuals> (recomposing stage on stage @/tmp/IsaacLab/usd_20260807_105335_548/linkerhand_l20_left.usd@ <0x6533f2b9a470>)

2026-08-07T17:53:35Z [8,885ms] [Warning] [omni.usd] Warning: in _ReportErrors at line 3172 of /builds/omniverse/usd-ci/USD/pxr/usd/usd/stage.cpp -- In </linkerhand_l20_left/ring_tip/visuals>: Unresolved reference prim path @/tmp/IsaacLab/usd_20260807_105335_548/configuration/linkerhand_l20_left_base.usd@</visuals/ring_tip> introduced by @/tmp/IsaacLab/usd_20260807_105335_548/configuration/linkerhand_l20_left_base.usd@</linkerhand_l20_left/ring_tip/visuals> (recomposing stage on stage @/tmp/IsaacLab/usd_20260807_105335_548/linkerhand_l20_left.usd@ <0x6533f2b9a470>)

2026-08-07T17:53:35Z [8,886ms] [Warning] [omni.usd] Warning: in _ReportErrors at line 3172 of /builds/omniverse/usd-ci/USD/pxr/usd/usd/stage.cpp -- In </linkerhand_l20_left/thumb_tip/visuals>: Unresolved reference prim path @/tmp/IsaacLab/usd_20260807_105335_548/configuration/linkerhand_l20_left_base.usd@</visuals/thumb_tip> introduced by @/tmp/IsaacLab/usd_20260807_105335_548/configuration/linkerhand_l20_left_base.usd@</linkerhand_l20_left/thumb_tip/visuals> (recomposing stage on stage @/tmp/IsaacLab/usd_20260807_105335_548/linkerhand_l20_left.usd@ <0x6533f2b95ad0>)

2026-08-07T17:53:35Z [8,886ms] [Warning] [omni.usd] Warning: in _ReportErrors at line 3172 of /builds/omniverse/usd-ci/USD/pxr/usd/usd/stage.cpp -- In </linkerhand_l20_left/index_tip/visuals>: Unresolved reference prim path @/tmp/IsaacLab/usd_20260807_105335_548/configuration/linkerhand_l20_left_base.usd@</visuals/index_tip> introduced by @/tmp/IsaacLab/usd_20260807_105335_548/configuration/linkerhand_l20_left_base.usd@</linkerhand_l20_left/index_tip/visuals> (recomposing stage on stage @/tmp/IsaacLab/usd_20260807_105335_548/linkerhand_l20_left.usd@ <0x6533f2b95ad0>)

2026-08-07T17:53:35Z [8,886ms] [Warning] [omni.usd] Warning: in _ReportErrors at line 3172 of /builds/omniverse/usd-ci/USD/pxr/usd/usd/stage.cpp -- In </linkerhand_l20_left/middle_tip/visuals>: Unresolved reference prim path @/tmp/IsaacLab/usd_20260807_105335_548/configuration/linkerhand_l20_left_base.usd@</visuals/middle_tip> introduced by @/tmp/IsaacLab/usd_20260807_105335_548/configuration/linkerhand_l20_left_base.usd@</linkerhand_l20_left/middle_tip/visuals> (recomposing stage on stage @/tmp/IsaacLab/usd_20260807_105335_548/linkerhand_l20_left.usd@ <0x6533f2b95ad0>)

2026-08-07T17:53:35Z [8,886ms] [Warning] [omni.usd] Warning: in _ReportErrors at line 3172 of /builds/omniverse/usd-ci/USD/pxr/usd/usd/stage.cpp -- In </linkerhand_l20_left/pinky_tip/visuals>: Unresolved reference prim path @/tmp/IsaacLab/usd_20260807_105335_548/configuration/linkerhand_l20_left_base.usd@</visuals/pinky_tip> introduced by @/tmp/IsaacLab/usd_20260807_105335_548/configuration/linkerhand_l20_left_base.usd@</linkerhand_l20_left/pinky_tip/visuals> (recomposing stage on stage @/tmp/IsaacLab/usd_20260807_105335_548/linkerhand_l20_left.usd@ <0x6533f2b95ad0>)

2026-08-07T17:53:35Z [8,886ms] [Warning] [omni.usd] Warning: in _ReportErrors at line 3172 of /builds/omniverse/usd-ci/USD/pxr/usd/usd/stage.cpp -- In </linkerhand_l20_left/ring_tip/visuals>: Unresolved reference prim path @/tmp/IsaacLab/usd_20260807_105335_548/configuration/linkerhand_l20_left_base.usd@</visuals/ring_tip> introduced by @/tmp/IsaacLab/usd_20260807_105335_548/configuration/linkerhand_l20_left_base.usd@</linkerhand_l20_left/ring_tip/visuals> (recomposing stage on stage @/tmp/IsaacLab/usd_20260807_105335_548/linkerhand_l20_left.usd@ <0x6533f2b95ad0>)

2026-08-07T17:53:35Z [8,887ms] [Warning] [omni.usd] Warning: in _ReportErrors at line 3172 of /builds/omniverse/usd-ci/USD/pxr/usd/usd/stage.cpp -- In </linkerhand_l20_left/thumb_tip/visuals>: Unresolved reference prim path @/tmp/IsaacLab/usd_20260807_105335_548/configuration/linkerhand_l20_left_physics.usd@</visuals/thumb_tip> introduced by @/tmp/IsaacLab/usd_20260807_105335_548/configuration/linkerhand_l20_left_base.usd@</linkerhand_l20_left/thumb_tip/visuals> (recomposing stage on stage @/tmp/IsaacLab/usd_20260807_105335_548/linkerhand_l20_left.usd@ <0x6533f2b9a470>)

2026-08-07T17:53:35Z [8,887ms] [Warning] [omni.usd] Warning: in _ReportErrors at line 3172 of /builds/omniverse/usd-ci/USD/pxr/usd/usd/stage.cpp -- In </linkerhand_l20_left/index_tip/visuals>: Unresolved reference prim path @/tmp/IsaacLab/usd_20260807_105335_548/configuration/linkerhand_l20_left_physics.usd@</visuals/index_tip> introduced by @/tmp/IsaacLab/usd_20260807_105335_548/configuration/linkerhand_l20_left_base.usd@</linkerhand_l20_left/index_tip/visuals> (recomposing stage on stage @/tmp/IsaacLab/usd_20260807_105335_548/linkerhand_l20_left.usd@ <0x6533f2b9a470>)

2026-08-07T17:53:35Z [8,887ms] [Warning] [omni.usd] Warning: in _ReportErrors at line 3172 of /builds/omniverse/usd-ci/USD/pxr/usd/usd/stage.cpp -- In </linkerhand_l20_left/middle_tip/visuals>: Unresolved reference prim path @/tmp/IsaacLab/usd_20260807_105335_548/configuration/linkerhand_l20_left_physics.usd@</visuals/middle_tip> introduced by @/tmp/IsaacLab/usd_20260807_105335_548/configuration/linkerhand_l20_left_base.usd@</linkerhand_l20_left/middle_tip/visuals> (recomposing stage on stage @/tmp/IsaacLab/usd_20260807_105335_548/linkerhand_l20_left.usd@ <0x6533f2b9a470>)

2026-08-07T17:53:35Z [8,887ms] [Warning] [omni.usd] Warning: in _ReportErrors at line 3172 of /builds/omniverse/usd-ci/USD/pxr/usd/usd/stage.cpp -- In </linkerhand_l20_left/pinky_tip/visuals>: Unresolved reference prim path @/tmp/IsaacLab/usd_20260807_105335_548/configuration/linkerhand_l20_left_physics.usd@</visuals/pinky_tip> introduced by @/tmp/IsaacLab/usd_20260807_105335_548/configuration/linkerhand_l20_left_base.usd@</linkerhand_l20_left/pinky_tip/visuals> (recomposing stage on stage @/tmp/IsaacLab/usd_20260807_105335_548/linkerhand_l20_left.usd@ <0x6533f2b9a470>)

2026-08-07T17:53:35Z [8,887ms] [Warning] [omni.usd] Warning: in _ReportErrors at line 3172 of /builds/omniverse/usd-ci/USD/pxr/usd/usd/stage.cpp -- In </linkerhand_l20_left/ring_tip/visuals>: Unresolved reference prim path @/tmp/IsaacLab/usd_20260807_105335_548/configuration/linkerhand_l20_left_physics.usd@</visuals/ring_tip> introduced by @/tmp/IsaacLab/usd_20260807_105335_548/configuration/linkerhand_l20_left_base.usd@</linkerhand_l20_left/ring_tip/visuals> (recomposing stage on stage @/tmp/IsaacLab/usd_20260807_105335_548/linkerhand_l20_left.usd@ <0x6533f2b9a470>)

2026-08-07T17:53:35Z [8,888ms] [Warning] [omni.usd] Warning: in _ReportErrors at line 3172 of /builds/omniverse/usd-ci/USD/pxr/usd/usd/stage.cpp -- In </linkerhand_l20_left/thumb_tip/visuals>: Unresolved reference prim path @/tmp/IsaacLab/usd_20260807_105335_548/configuration/linkerhand_l20_left_physics.usd@</visuals/thumb_tip> introduced by @/tmp/IsaacLab/usd_20260807_105335_548/configuration/linkerhand_l20_left_base.usd@</linkerhand_l20_left/thumb_tip/visuals> (recomposing stage on stage @/tmp/IsaacLab/usd_20260807_105335_548/linkerhand_l20_left.usd@ <0x6533f2b95ad0>)

2026-08-07T17:53:35Z [8,888ms] [Warning] [omni.usd] Warning: in _ReportErrors at line 3172 of /builds/omniverse/usd-ci/USD/pxr/usd/usd/stage.cpp -- In </linkerhand_l20_left/middle_tip/visuals>: Unresolved reference prim path @/tmp/IsaacLab/usd_20260807_105335_548/configuration/linkerhand_l20_left_physics.usd@</visuals/middle_tip> introduced by @/tmp/IsaacLab/usd_20260807_105335_548/configuration/linkerhand_l20_left_base.usd@</linkerhand_l20_left/middle_tip/visuals> (recomposing stage on stage @/tmp/IsaacLab/usd_20260807_105335_548/linkerhand_l20_left.usd@ <0x6533f2b95ad0>)

2026-08-07T17:53:35Z [8,888ms] [Warning] [omni.usd] Warning: in _ReportErrors at line 3172 of /builds/omniverse/usd-ci/USD/pxr/usd/usd/stage.cpp -- In </linkerhand_l20_left/index_tip/visuals>: Unresolved reference prim path @/tmp/IsaacLab/usd_20260807_105335_548/configuration/linkerhand_l20_left_physics.usd@</visuals/index_tip> introduced by @/tmp/IsaacLab/usd_20260807_105335_548/configuration/linkerhand_l20_left_base.usd@</linkerhand_l20_left/index_tip/visuals> (recomposing stage on stage @/tmp/IsaacLab/usd_20260807_105335_548/linkerhand_l20_left.usd@ <0x6533f2b95ad0>)

2026-08-07T17:53:35Z [8,888ms] [Warning] [omni.usd] Warning: in _ReportErrors at line 3172 of /builds/omniverse/usd-ci/USD/pxr/usd/usd/stage.cpp -- In </linkerhand_l20_left/pinky_tip/visuals>: Unresolved reference prim path @/tmp/IsaacLab/usd_20260807_105335_548/configuration/linkerhand_l20_left_physics.usd@</visuals/pinky_tip> introduced by @/tmp/IsaacLab/usd_20260807_105335_548/configuration/linkerhand_l20_left_base.usd@</linkerhand_l20_left/pinky_tip/visuals> (recomposing stage on stage @/tmp/IsaacLab/usd_20260807_105335_548/linkerhand_l20_left.usd@ <0x6533f2b95ad0>)

2026-08-07T17:53:35Z [8,888ms] [Warning] [omni.usd] Warning: in _ReportErrors at line 3172 of /builds/omniverse/usd-ci/USD/pxr/usd/usd/stage.cpp -- In </linkerhand_l20_left/ring_tip/visuals>: Unresolved reference prim path @/tmp/IsaacLab/usd_20260807_105335_548/configuration/linkerhand_l20_left_physics.usd@</visuals/ring_tip> introduced by @/tmp/IsaacLab/usd_20260807_105335_548/configuration/linkerhand_l20_left_base.usd@</linkerhand_l20_left/ring_tip/visuals> (recomposing stage on stage @/tmp/IsaacLab/usd_20260807_105335_548/linkerhand_l20_left.usd@ <0x6533f2b95ad0>)

2026-08-07T17:53:35Z [8,889ms] [Warning] [omni.usd] Warning: in _ReportErrors at line 3172 of /builds/omniverse/usd-ci/USD/pxr/usd/usd/stage.cpp -- In </linkerhand_l20_left/thumb_tip/visuals>: Unresolved reference prim path @/tmp/IsaacLab/usd_20260807_105335_548/configuration/linkerhand_l20_left_physics.usd@</visuals/thumb_tip> introduced by @/tmp/IsaacLab/usd_20260807_105335_548/configuration/linkerhand_l20_left_base.usd@</linkerhand_l20_left/thumb_tip/visuals> (recomposing stage on stage @/tmp/IsaacLab/usd_20260807_105335_548/linkerhand_l20_left.usd@ <0x6533f2b9a470>)

2026-08-07T17:53:35Z [8,889ms] [Warning] [omni.usd] Warning: in _ReportErrors at line 3172 of /builds/omniverse/usd-ci/USD/pxr/usd/usd/stage.cpp -- In </linkerhand_l20_left/index_tip/visuals>: Unresolved reference prim path @/tmp/IsaacLab/usd_20260807_105335_548/configuration/linkerhand_l20_left_physics.usd@</visuals/index_tip> introduced by @/tmp/IsaacLab/usd_20260807_105335_548/configuration/linkerhand_l20_left_base.usd@</linkerhand_l20_left/index_tip/visuals> (recomposing stage on stage @/tmp/IsaacLab/usd_20260807_105335_548/linkerhand_l20_left.usd@ <0x6533f2b9a470>)

2026-08-07T17:53:35Z [8,889ms] [Warning] [omni.usd] Warning: in _ReportErrors at line 3172 of /builds/omniverse/usd-ci/USD/pxr/usd/usd/stage.cpp -- In </linkerhand_l20_left/middle_tip/visuals>: Unresolved reference prim path @/tmp/IsaacLab/usd_20260807_105335_548/configuration/linkerhand_l20_left_physics.usd@</visuals/middle_tip> introduced by @/tmp/IsaacLab/usd_20260807_105335_548/configuration/linkerhand_l20_left_base.usd@</linkerhand_l20_left/middle_tip/visuals> (recomposing stage on stage @/tmp/IsaacLab/usd_20260807_105335_548/linkerhand_l20_left.usd@ <0x6533f2b9a470>)

2026-08-07T17:53:35Z [8,889ms] [Warning] [omni.usd] Warning: in _ReportErrors at line 3172 of /builds/omniverse/usd-ci/USD/pxr/usd/usd/stage.cpp -- In </linkerhand_l20_left/pinky_tip/visuals>: Unresolved reference prim path @/tmp/IsaacLab/usd_20260807_105335_548/configuration/linkerhand_l20_left_physics.usd@</visuals/pinky_tip> introduced by @/tmp/IsaacLab/usd_20260807_105335_548/configuration/linkerhand_l20_left_base.usd@</linkerhand_l20_left/pinky_tip/visuals> (recomposing stage on stage @/tmp/IsaacLab/usd_20260807_105335_548/linkerhand_l20_left.usd@ <0x6533f2b9a470>)

2026-08-07T17:53:35Z [8,889ms] [Warning] [omni.usd] Warning: in _ReportErrors at line 3172 of /builds/omniverse/usd-ci/USD/pxr/usd/usd/stage.cpp -- In </linkerhand_l20_left/ring_tip/visuals>: Unresolved reference prim path @/tmp/IsaacLab/usd_20260807_105335_548/configuration/linkerhand_l20_left_physics.usd@</visuals/ring_tip> introduced by @/tmp/IsaacLab/usd_20260807_105335_548/configuration/linkerhand_l20_left_base.usd@</linkerhand_l20_left/ring_tip/visuals> (recomposing stage on stage @/tmp/IsaacLab/usd_20260807_105335_548/linkerhand_l20_left.usd@ <0x6533f2b9a470>)

2026-08-07T17:53:35Z [8,889ms] [Warning] [omni.usd] Warning: in _ReportErrors at line 3172 of /builds/omniverse/usd-ci/USD/pxr/usd/usd/stage.cpp -- In </linkerhand_l20_left/thumb_tip/visuals>: Unresolved reference prim path @/tmp/IsaacLab/usd_20260807_105335_548/configuration/linkerhand_l20_left_physics.usd@</visuals/thumb_tip> introduced by @/tmp/IsaacLab/usd_20260807_105335_548/configuration/linkerhand_l20_left_base.usd@</linkerhand_l20_left/thumb_tip/visuals> (recomposing stage on stage @/tmp/IsaacLab/usd_20260807_105335_548/linkerhand_l20_left.usd@ <0x6533f2b95ad0>)

2026-08-07T17:53:35Z [8,889ms] [Warning] [omni.usd] Warning: in _ReportErrors at line 3172 of /builds/omniverse/usd-ci/USD/pxr/usd/usd/stage.cpp -- In </linkerhand_l20_left/index_tip/visuals>: Unresolved reference prim path @/tmp/IsaacLab/usd_20260807_105335_548/configuration/linkerhand_l20_left_physics.usd@</visuals/index_tip> introduced by @/tmp/IsaacLab/usd_20260807_105335_548/configuration/linkerhand_l20_left_base.usd@</linkerhand_l20_left/index_tip/visuals> (recomposing stage on stage @/tmp/IsaacLab/usd_20260807_105335_548/linkerhand_l20_left.usd@ <0x6533f2b95ad0>)

2026-08-07T17:53:35Z [8,889ms] [Warning] [omni.usd] Warning: in _ReportErrors at line 3172 of /builds/omniverse/usd-ci/USD/pxr/usd/usd/stage.cpp -- In </linkerhand_l20_left/middle_tip/visuals>: Unresolved reference prim path @/tmp/IsaacLab/usd_20260807_105335_548/configuration/linkerhand_l20_left_physics.usd@</visuals/middle_tip> introduced by @/tmp/IsaacLab/usd_20260807_105335_548/configuration/linkerhand_l20_left_base.usd@</linkerhand_l20_left/middle_tip/visuals> (recomposing stage on stage @/tmp/IsaacLab/usd_20260807_105335_548/linkerhand_l20_left.usd@ <0x6533f2b95ad0>)

2026-08-07T17:53:35Z [8,889ms] [Warning] [omni.usd] Warning: in _ReportErrors at line 3172 of /builds/omniverse/usd-ci/USD/pxr/usd/usd/stage.cpp -- In </linkerhand_l20_left/pinky_tip/visuals>: Unresolved reference prim path @/tmp/IsaacLab/usd_20260807_105335_548/configuration/linkerhand_l20_left_physics.usd@</visuals/pinky_tip> introduced by @/tmp/IsaacLab/usd_20260807_105335_548/configuration/linkerhand_l20_left_base.usd@</linkerhand_l20_left/pinky_tip/visuals> (recomposing stage on stage @/tmp/IsaacLab/usd_20260807_105335_548/linkerhand_l20_left.usd@ <0x6533f2b95ad0>)

2026-08-07T17:53:35Z [8,889ms] [Warning] [omni.usd] Warning: in _ReportErrors at line 3172 of /builds/omniverse/usd-ci/USD/pxr/usd/usd/stage.cpp -- In </linkerhand_l20_left/ring_tip/visuals>: Unresolved reference prim path @/tmp/IsaacLab/usd_20260807_105335_548/configuration/linkerhand_l20_left_physics.usd@</visuals/ring_tip> introduced by @/tmp/IsaacLab/usd_20260807_105335_548/configuration/linkerhand_l20_left_base.usd@</linkerhand_l20_left/ring_tip/visuals> (recomposing stage on stage @/tmp/IsaacLab/usd_20260807_105335_548/linkerhand_l20_left.usd@ <0x6533f2b95ad0>)

2026-08-07T17:53:35Z [8,890ms] [Warning] [omni.usd] Warning: in _ReportErrors at line 3172 of /builds/omniverse/usd-ci/USD/pxr/usd/usd/stage.cpp -- In </linkerhand_l20_left/thumb_tip/visuals>: Unresolved reference prim path @/tmp/IsaacLab/usd_20260807_105335_548/configuration/linkerhand_l20_left_physics.usd@</visuals/thumb_tip> introduced by @/tmp/IsaacLab/usd_20260807_105335_548/configuration/linkerhand_l20_left_base.usd@</linkerhand_l20_left/thumb_tip/visuals> (recomposing stage on stage @/tmp/IsaacLab/usd_20260807_105335_548/linkerhand_l20_left.usd@ <0x6533f2b9a470>)

2026-08-07T17:53:35Z [8,890ms] [Warning] [omni.usd] Warning: in _ReportErrors at line 3172 of /builds/omniverse/usd-ci/USD/pxr/usd/usd/stage.cpp -- In </linkerhand_l20_left/index_tip/visuals>: Unresolved reference prim path @/tmp/IsaacLab/usd_20260807_105335_548/configuration/linkerhand_l20_left_physics.usd@</visuals/index_tip> introduced by @/tmp/IsaacLab/usd_20260807_105335_548/configuration/linkerhand_l20_left_base.usd@</linkerhand_l20_left/index_tip/visuals> (recomposing stage on stage @/tmp/IsaacLab/usd_20260807_105335_548/linkerhand_l20_left.usd@ <0x6533f2b9a470>)

2026-08-07T17:53:35Z [8,890ms] [Warning] [omni.usd] Warning: in _ReportErrors at line 3172 of /builds/omniverse/usd-ci/USD/pxr/usd/usd/stage.cpp -- In </linkerhand_l20_left/middle_tip/visuals>: Unresolved reference prim path @/tmp/IsaacLab/usd_20260807_105335_548/configuration/linkerhand_l20_left_physics.usd@</visuals/middle_tip> introduced by @/tmp/IsaacLab/usd_20260807_105335_548/configuration/linkerhand_l20_left_base.usd@</linkerhand_l20_left/middle_tip/visuals> (recomposing stage on stage @/tmp/IsaacLab/usd_20260807_105335_548/linkerhand_l20_left.usd@ <0x6533f2b9a470>)

2026-08-07T17:53:35Z [8,890ms] [Warning] [omni.usd] Warning: in _ReportErrors at line 3172 of /builds/omniverse/usd-ci/USD/pxr/usd/usd/stage.cpp -- In </linkerhand_l20_left/pinky_tip/visuals>: Unresolved reference prim path @/tmp/IsaacLab/usd_20260807_105335_548/configuration/linkerhand_l20_left_physics.usd@</visuals/pinky_tip> introduced by @/tmp/IsaacLab/usd_20260807_105335_548/configuration/linkerhand_l20_left_base.usd@</linkerhand_l20_left/pinky_tip/visuals> (recomposing stage on stage @/tmp/IsaacLab/usd_20260807_105335_548/linkerhand_l20_left.usd@ <0x6533f2b9a470>)

2026-08-07T17:53:35Z [8,890ms] [Warning] [omni.usd] Warning: in _ReportErrors at line 3172 of /builds/omniverse/usd-ci/USD/pxr/usd/usd/stage.cpp -- In </linkerhand_l20_left/ring_tip/visuals>: Unresolved reference prim path @/tmp/IsaacLab/usd_20260807_105335_548/configuration/linkerhand_l20_left_physics.usd@</visuals/ring_tip> introduced by @/tmp/IsaacLab/usd_20260807_105335_548/configuration/linkerhand_l20_left_base.usd@</linkerhand_l20_left/ring_tip/visuals> (recomposing stage on stage @/tmp/IsaacLab/usd_20260807_105335_548/linkerhand_l20_left.usd@ <0x6533f2b9a470>)

2026-08-07T17:53:35Z [8,891ms] [Warning] [omni.usd] Warning: in _ReportErrors at line 3172 of /builds/omniverse/usd-ci/USD/pxr/usd/usd/stage.cpp -- In </linkerhand_l20_left/thumb_tip/visuals>: Unresolved reference prim path @/tmp/IsaacLab/usd_20260807_105335_548/configuration/linkerhand_l20_left_physics.usd@</visuals/thumb_tip> introduced by @/tmp/IsaacLab/usd_20260807_105335_548/configuration/linkerhand_l20_left_base.usd@</linkerhand_l20_left/thumb_tip/visuals> (recomposing stage on stage @/tmp/IsaacLab/usd_20260807_105335_548/linkerhand_l20_left.usd@ <0x6533f2b95ad0>)

2026-08-07T17:53:35Z [8,891ms] [Warning] [omni.usd] Warning: in _ReportErrors at line 3172 of /builds/omniverse/usd-ci/USD/pxr/usd/usd/stage.cpp -- In </linkerhand_l20_left/index_tip/visuals>: Unresolved reference prim path @/tmp/IsaacLab/usd_20260807_105335_548/configuration/linkerhand_l20_left_physics.usd@</visuals/index_tip> introduced by @/tmp/IsaacLab/usd_20260807_105335_548/configuration/linkerhand_l20_left_base.usd@</linkerhand_l20_left/index_tip/visuals> (recomposing stage on stage @/tmp/IsaacLab/usd_20260807_105335_548/linkerhand_l20_left.usd@ <0x6533f2b95ad0>)

2026-08-07T17:53:35Z [8,891ms] [Warning] [omni.usd] Warning: in _ReportErrors at line 3172 of /builds/omniverse/usd-ci/USD/pxr/usd/usd/stage.cpp -- In </linkerhand_l20_left/middle_tip/visuals>: Unresolved reference prim path @/tmp/IsaacLab/usd_20260807_105335_548/configuration/linkerhand_l20_left_physics.usd@</visuals/middle_tip> introduced by @/tmp/IsaacLab/usd_20260807_105335_548/configuration/linkerhand_l20_left_base.usd@</linkerhand_l20_left/middle_tip/visuals> (recomposing stage on stage @/tmp/IsaacLab/usd_20260807_105335_548/linkerhand_l20_left.usd@ <0x6533f2b95ad0>)

2026-08-07T17:53:35Z [8,891ms] [Warning] [omni.usd] Warning: in _ReportErrors at line 3172 of /builds/omniverse/usd-ci/USD/pxr/usd/usd/stage.cpp -- In </linkerhand_l20_left/pinky_tip/visuals>: Unresolved reference prim path @/tmp/IsaacLab/usd_20260807_105335_548/configuration/linkerhand_l20_left_physics.usd@</visuals/pinky_tip> introduced by @/tmp/IsaacLab/usd_20260807_105335_548/configuration/linkerhand_l20_left_base.usd@</linkerhand_l20_left/pinky_tip/visuals> (recomposing stage on stage @/tmp/IsaacLab/usd_20260807_105335_548/linkerhand_l20_left.usd@ <0x6533f2b95ad0>)

2026-08-07T17:53:35Z [8,891ms] [Warning] [omni.usd] Warning: in _ReportErrors at line 3172 of /builds/omniverse/usd-ci/USD/pxr/usd/usd/stage.cpp -- In </linkerhand_l20_left/ring_tip/visuals>: Unresolved reference prim path @/tmp/IsaacLab/usd_20260807_105335_548/configuration/linkerhand_l20_left_physics.usd@</visuals/ring_tip> introduced by @/tmp/IsaacLab/usd_20260807_105335_548/configuration/linkerhand_l20_left_base.usd@</linkerhand_l20_left/ring_tip/visuals> (recomposing stage on stage @/tmp/IsaacLab/usd_20260807_105335_548/linkerhand_l20_left.usd@ <0x6533f2b95ad0>)

2026-08-07T17:53:35Z [8,892ms] [Warning] [omni.usd] Warning: in _ReportErrors at line 3172 of /builds/omniverse/usd-ci/USD/pxr/usd/usd/stage.cpp -- In </linkerhand_l20_left/thumb_tip/visuals>: Unresolved reference prim path @/tmp/IsaacLab/usd_20260807_105335_548/configuration/linkerhand_l20_left_physics.usd@</visuals/thumb_tip> introduced by @/tmp/IsaacLab/usd_20260807_105335_548/configuration/linkerhand_l20_left_base.usd@</linkerhand_l20_left/thumb_tip/visuals> (recomposing stage on stage @/tmp/IsaacLab/usd_20260807_105335_548/linkerhand_l20_left.usd@ <0x6533f2b9a470>)

2026-08-07T17:53:35Z [8,892ms] [Warning] [omni.usd] Warning: in _ReportErrors at line 3172 of /builds/omniverse/usd-ci/USD/pxr/usd/usd/stage.cpp -- In </linkerhand_l20_left/index_tip/visuals>: Unresolved reference prim path @/tmp/IsaacLab/usd_20260807_105335_548/configuration/linkerhand_l20_left_physics.usd@</visuals/index_tip> introduced by @/tmp/IsaacLab/usd_20260807_105335_548/configuration/linkerhand_l20_left_base.usd@</linkerhand_l20_left/index_tip/visuals> (recomposing stage on stage @/tmp/IsaacLab/usd_20260807_105335_548/linkerhand_l20_left.usd@ <0x6533f2b9a470>)

2026-08-07T17:53:35Z [8,892ms] [Warning] [omni.usd] Warning: in _ReportErrors at line 3172 of /builds/omniverse/usd-ci/USD/pxr/usd/usd/stage.cpp -- In </linkerhand_l20_left/middle_tip/visuals>: Unresolved reference prim path @/tmp/IsaacLab/usd_20260807_105335_548/configuration/linkerhand_l20_left_physics.usd@</visuals/middle_tip> introduced by @/tmp/IsaacLab/usd_20260807_105335_548/configuration/linkerhand_l20_left_base.usd@</linkerhand_l20_left/middle_tip/visuals> (recomposing stage on stage @/tmp/IsaacLab/usd_20260807_105335_548/linkerhand_l20_left.usd@ <0x6533f2b9a470>)

2026-08-07T17:53:35Z [8,892ms] [Warning] [omni.usd] Warning: in _ReportErrors at line 3172 of /builds/omniverse/usd-ci/USD/pxr/usd/usd/stage.cpp -- In </linkerhand_l20_left/pinky_tip/visuals>: Unresolved reference prim path @/tmp/IsaacLab/usd_20260807_105335_548/configuration/linkerhand_l20_left_physics.usd@</visuals/pinky_tip> introduced by @/tmp/IsaacLab/usd_20260807_105335_548/configuration/linkerhand_l20_left_base.usd@</linkerhand_l20_left/pinky_tip/visuals> (recomposing stage on stage @/tmp/IsaacLab/usd_20260807_105335_548/linkerhand_l20_left.usd@ <0x6533f2b9a470>)

2026-08-07T17:53:35Z [8,892ms] [Warning] [omni.usd] Warning: in _ReportErrors at line 3172 of /builds/omniverse/usd-ci/USD/pxr/usd/usd/stage.cpp -- In </linkerhand_l20_left/ring_tip/visuals>: Unresolved reference prim path @/tmp/IsaacLab/usd_20260807_105335_548/configuration/linkerhand_l20_left_physics.usd@</visuals/ring_tip> introduced by @/tmp/IsaacLab/usd_20260807_105335_548/configuration/linkerhand_l20_left_base.usd@</linkerhand_l20_left/ring_tip/visuals> (recomposing stage on stage @/tmp/IsaacLab/usd_20260807_105335_548/linkerhand_l20_left.usd@ <0x6533f2b9a470>)

2026-08-07T17:53:35Z [8,893ms] [Warning] [omni.usd] Warning: in _ReportErrors at line 3172 of /builds/omniverse/usd-ci/USD/pxr/usd/usd/stage.cpp -- In </linkerhand_l20_left/thumb_tip/visuals>: Unresolved reference prim path @/tmp/IsaacLab/usd_20260807_105335_548/configuration/linkerhand_l20_left_physics.usd@</visuals/thumb_tip> introduced by @/tmp/IsaacLab/usd_20260807_105335_548/configuration/linkerhand_l20_left_base.usd@</linkerhand_l20_left/thumb_tip/visuals> (recomposing stage on stage @/tmp/IsaacLab/usd_20260807_105335_548/linkerhand_l20_left.usd@ <0x6533f2b95ad0>)

2026-08-07T17:53:35Z [8,893ms] [Warning] [omni.usd] Warning: in _ReportErrors at line 3172 of /builds/omniverse/usd-ci/USD/pxr/usd/usd/stage.cpp -- In </linkerhand_l20_left/index_tip/visuals>: Unresolved reference prim path @/tmp/IsaacLab/usd_20260807_105335_548/configuration/linkerhand_l20_left_physics.usd@</visuals/index_tip> introduced by @/tmp/IsaacLab/usd_20260807_105335_548/configuration/linkerhand_l20_left_base.usd@</linkerhand_l20_left/index_tip/visuals> (recomposing stage on stage @/tmp/IsaacLab/usd_20260807_105335_548/linkerhand_l20_left.usd@ <0x6533f2b95ad0>)

2026-08-07T17:53:35Z [8,893ms] [Warning] [omni.usd] Warning: in _ReportErrors at line 3172 of /builds/omniverse/usd-ci/USD/pxr/usd/usd/stage.cpp -- In </linkerhand_l20_left/middle_tip/visuals>: Unresolved reference prim path @/tmp/IsaacLab/usd_20260807_105335_548/configuration/linkerhand_l20_left_physics.usd@</visuals/middle_tip> introduced by @/tmp/IsaacLab/usd_20260807_105335_548/configuration/linkerhand_l20_left_base.usd@</linkerhand_l20_left/middle_tip/visuals> (recomposing stage on stage @/tmp/IsaacLab/usd_20260807_105335_548/linkerhand_l20_left.usd@ <0x6533f2b95ad0>)

2026-08-07T17:53:35Z [8,893ms] [Warning] [omni.usd] Warning: in _ReportErrors at line 3172 of /builds/omniverse/usd-ci/USD/pxr/usd/usd/stage.cpp -- In </linkerhand_l20_left/pinky_tip/visuals>: Unresolved reference prim path @/tmp/IsaacLab/usd_20260807_105335_548/configuration/linkerhand_l20_left_physics.usd@</visuals/pinky_tip> introduced by @/tmp/IsaacLab/usd_20260807_105335_548/configuration/linkerhand_l20_left_base.usd@</linkerhand_l20_left/pinky_tip/visuals> (recomposing stage on stage @/tmp/IsaacLab/usd_20260807_105335_548/linkerhand_l20_left.usd@ <0x6533f2b95ad0>)

2026-08-07T17:53:35Z [8,893ms] [Warning] [omni.usd] Warning: in _ReportErrors at line 3172 of /builds/omniverse/usd-ci/USD/pxr/usd/usd/stage.cpp -- In </linkerhand_l20_left/ring_tip/visuals>: Unresolved reference prim path @/tmp/IsaacLab/usd_20260807_105335_548/configuration/linkerhand_l20_left_physics.usd@</visuals/ring_tip> introduced by @/tmp/IsaacLab/usd_20260807_105335_548/configuration/linkerhand_l20_left_base.usd@</linkerhand_l20_left/ring_tip/visuals> (recomposing stage on stage @/tmp/IsaacLab/usd_20260807_105335_548/linkerhand_l20_left.usd@ <0x6533f2b95ad0>)

2026-08-07T17:53:35Z [8,894ms] [Warning] [omni.usd] Warning: in _ReportErrors at line 3172 of /builds/omniverse/usd-ci/USD/pxr/usd/usd/stage.cpp -- In </linkerhand_l20_left/thumb_tip/visuals>: Unresolved reference prim path @/tmp/IsaacLab/usd_20260807_105335_548/configuration/linkerhand_l20_left_physics.usd@</visuals/thumb_tip> introduced by @/tmp/IsaacLab/usd_20260807_105335_548/configuration/linkerhand_l20_left_base.usd@</linkerhand_l20_left/thumb_tip/visuals> (recomposing stage on stage @/tmp/IsaacLab/usd_20260807_105335_548/linkerhand_l20_left.usd@ <0x6533f2b9a470>)

2026-08-07T17:53:35Z [8,894ms] [Warning] [omni.usd] Warning: in _ReportErrors at line 3172 of /builds/omniverse/usd-ci/USD/pxr/usd/usd/stage.cpp -- In </linkerhand_l20_left/index_tip/visuals>: Unresolved reference prim path @/tmp/IsaacLab/usd_20260807_105335_548/configuration/linkerhand_l20_left_physics.usd@</visuals/index_tip> introduced by @/tmp/IsaacLab/usd_20260807_105335_548/configuration/linkerhand_l20_left_base.usd@</linkerhand_l20_left/index_tip/visuals> (recomposing stage on stage @/tmp/IsaacLab/usd_20260807_105335_548/linkerhand_l20_left.usd@ <0x6533f2b9a470>)

2026-08-07T17:53:35Z [8,894ms] [Warning] [omni.usd] Warning: in _ReportErrors at line 3172 of /builds/omniverse/usd-ci/USD/pxr/usd/usd/stage.cpp -- In </linkerhand_l20_left/middle_tip/visuals>: Unresolved reference prim path @/tmp/IsaacLab/usd_20260807_105335_548/configuration/linkerhand_l20_left_physics.usd@</visuals/middle_tip> introduced by @/tmp/IsaacLab/usd_20260807_105335_548/configuration/linkerhand_l20_left_base.usd@</linkerhand_l20_left/middle_tip/visuals> (recomposing stage on stage @/tmp/IsaacLab/usd_20260807_105335_548/linkerhand_l20_left.usd@ <0x6533f2b9a470>)

2026-08-07T17:53:35Z [8,894ms] [Warning] [omni.usd] Warning: in _ReportErrors at line 3172 of /builds/omniverse/usd-ci/USD/pxr/usd/usd/stage.cpp -- In </linkerhand_l20_left/pinky_tip/visuals>: Unresolved reference prim path @/tmp/IsaacLab/usd_20260807_105335_548/configuration/linkerhand_l20_left_physics.usd@</visuals/pinky_tip> introduced by @/tmp/IsaacLab/usd_20260807_105335_548/configuration/linkerhand_l20_left_base.usd@</linkerhand_l20_left/pinky_tip/visuals> (recomposing stage on stage @/tmp/IsaacLab/usd_20260807_105335_548/linkerhand_l20_left.usd@ <0x6533f2b9a470>)

2026-08-07T17:53:35Z [8,894ms] [Warning] [omni.usd] Warning: in _ReportErrors at line 3172 of /builds/omniverse/usd-ci/USD/pxr/usd/usd/stage.cpp -- In </linkerhand_l20_left/ring_tip/visuals>: Unresolved reference prim path @/tmp/IsaacLab/usd_20260807_105335_548/configuration/linkerhand_l20_left_physics.usd@</visuals/ring_tip> introduced by @/tmp/IsaacLab/usd_20260807_105335_548/configuration/linkerhand_l20_left_base.usd@</linkerhand_l20_left/ring_tip/visuals> (recomposing stage on stage @/tmp/IsaacLab/usd_20260807_105335_548/linkerhand_l20_left.usd@ <0x6533f2b9a470>)

2026-08-07T17:53:35Z [8,895ms] [Warning] [omni.usd] Warning: in _ReportErrors at line 3172 of /builds/omniverse/usd-ci/USD/pxr/usd/usd/stage.cpp -- In </linkerhand_l20_left/thumb_tip/visuals>: Unresolved reference prim path @/tmp/IsaacLab/usd_20260807_105335_548/configuration/linkerhand_l20_left_physics.usd@</visuals/thumb_tip> introduced by @/tmp/IsaacLab/usd_20260807_105335_548/configuration/linkerhand_l20_left_base.usd@</linkerhand_l20_left/thumb_tip/visuals> (recomposing stage on stage @/tmp/IsaacLab/usd_20260807_105335_548/linkerhand_l20_left.usd@ <0x6533f2b95ad0>)

2026-08-07T17:53:35Z [8,895ms] [Warning] [omni.usd] Warning: in _ReportErrors at line 3172 of /builds/omniverse/usd-ci/USD/pxr/usd/usd/stage.cpp -- In </linkerhand_l20_left/index_tip/visuals>: Unresolved reference prim path @/tmp/IsaacLab/usd_20260807_105335_548/configuration/linkerhand_l20_left_physics.usd@</visuals/index_tip> introduced by @/tmp/IsaacLab/usd_20260807_105335_548/configuration/linkerhand_l20_left_base.usd@</linkerhand_l20_left/index_tip/visuals> (recomposing stage on stage @/tmp/IsaacLab/usd_20260807_105335_548/linkerhand_l20_left.usd@ <0x6533f2b95ad0>)

2026-08-07T17:53:35Z [8,895ms] [Warning] [omni.usd] Warning: in _ReportErrors at line 3172 of /builds/omniverse/usd-ci/USD/pxr/usd/usd/stage.cpp -- In </linkerhand_l20_left/middle_tip/visuals>: Unresolved reference prim path @/tmp/IsaacLab/usd_20260807_105335_548/configuration/linkerhand_l20_left_physics.usd@</visuals/middle_tip> introduced by @/tmp/IsaacLab/usd_20260807_105335_548/configuration/linkerhand_l20_left_base.usd@</linkerhand_l20_left/middle_tip/visuals> (recomposing stage on stage @/tmp/IsaacLab/usd_20260807_105335_548/linkerhand_l20_left.usd@ <0x6533f2b95ad0>)

2026-08-07T17:53:35Z [8,895ms] [Warning] [omni.usd] Warning: in _ReportErrors at line 3172 of /builds/omniverse/usd-ci/USD/pxr/usd/usd/stage.cpp -- In </linkerhand_l20_left/pinky_tip/visuals>: Unresolved reference prim path @/tmp/IsaacLab/usd_20260807_105335_548/configuration/linkerhand_l20_left_physics.usd@</visuals/pinky_tip> introduced by @/tmp/IsaacLab/usd_20260807_105335_548/configuration/linkerhand_l20_left_base.usd@</linkerhand_l20_left/pinky_tip/visuals> (recomposing stage on stage @/tmp/IsaacLab/usd_20260807_105335_548/linkerhand_l20_left.usd@ <0x6533f2b95ad0>)

2026-08-07T17:53:35Z [8,895ms] [Warning] [omni.usd] Warning: in _ReportErrors at line 3172 of /builds/omniverse/usd-ci/USD/pxr/usd/usd/stage.cpp -- In </linkerhand_l20_left/ring_tip/visuals>: Unresolved reference prim path @/tmp/IsaacLab/usd_20260807_105335_548/configuration/linkerhand_l20_left_physics.usd@</visuals/ring_tip> introduced by @/tmp/IsaacLab/usd_20260807_105335_548/configuration/linkerhand_l20_left_base.usd@</linkerhand_l20_left/ring_tip/visuals> (recomposing stage on stage @/tmp/IsaacLab/usd_20260807_105335_548/linkerhand_l20_left.usd@ <0x6533f2b95ad0>)

2026-08-07T17:53:35Z [8,896ms] [Warning] [omni.usd] Warning: in _ReportErrors at line 3172 of /builds/omniverse/usd-ci/USD/pxr/usd/usd/stage.cpp -- In </linkerhand_l20_left/thumb_tip/visuals>: Unresolved reference prim path @/tmp/IsaacLab/usd_20260807_105335_548/configuration/linkerhand_l20_left_physics.usd@</visuals/thumb_tip> introduced by @/tmp/IsaacLab/usd_20260807_105335_548/configuration/linkerhand_l20_left_base.usd@</linkerhand_l20_left/thumb_tip/visuals> (recomposing stage on stage @/tmp/IsaacLab/usd_20260807_105335_548/linkerhand_l20_left.usd@ <0x6533f2b9a470>)

2026-08-07T17:53:35Z [8,896ms] [Warning] [omni.usd] Warning: in _ReportErrors at line 3172 of /builds/omniverse/usd-ci/USD/pxr/usd/usd/stage.cpp -- In </linkerhand_l20_left/middle_tip/visuals>: Unresolved reference prim path @/tmp/IsaacLab/usd_20260807_105335_548/configuration/linkerhand_l20_left_physics.usd@</visuals/middle_tip> introduced by @/tmp/IsaacLab/usd_20260807_105335_548/configuration/linkerhand_l20_left_base.usd@</linkerhand_l20_left/middle_tip/visuals> (recomposing stage on stage @/tmp/IsaacLab/usd_20260807_105335_548/linkerhand_l20_left.usd@ <0x6533f2b9a470>)

2026-08-07T17:53:35Z [8,896ms] [Warning] [omni.usd] Warning: in _ReportErrors at line 3172 of /builds/omniverse/usd-ci/USD/pxr/usd/usd/stage.cpp -- In </linkerhand_l20_left/index_tip/visuals>: Unresolved reference prim path @/tmp/IsaacLab/usd_20260807_105335_548/configuration/linkerhand_l20_left_physics.usd@</visuals/index_tip> introduced by @/tmp/IsaacLab/usd_20260807_105335_548/configuration/linkerhand_l20_left_base.usd@</linkerhand_l20_left/index_tip/visuals> (recomposing stage on stage @/tmp/IsaacLab/usd_20260807_105335_548/linkerhand_l20_left.usd@ <0x6533f2b9a470>)

2026-08-07T17:53:35Z [8,896ms] [Warning] [omni.usd] Warning: in _ReportErrors at line 3172 of /builds/omniverse/usd-ci/USD/pxr/usd/usd/stage.cpp -- In </linkerhand_l20_left/pinky_tip/visuals>: Unresolved reference prim path @/tmp/IsaacLab/usd_20260807_105335_548/configuration/linkerhand_l20_left_physics.usd@</visuals/pinky_tip> introduced by @/tmp/IsaacLab/usd_20260807_105335_548/configuration/linkerhand_l20_left_base.usd@</linkerhand_l20_left/pinky_tip/visuals> (recomposing stage on stage @/tmp/IsaacLab/usd_20260807_105335_548/linkerhand_l20_left.usd@ <0x6533f2b9a470>)

2026-08-07T17:53:35Z [8,896ms] [Warning] [omni.usd] Warning: in _ReportErrors at line 3172 of /builds/omniverse/usd-ci/USD/pxr/usd/usd/stage.cpp -- In </linkerhand_l20_left/ring_tip/visuals>: Unresolved reference prim path @/tmp/IsaacLab/usd_20260807_105335_548/configuration/linkerhand_l20_left_physics.usd@</visuals/ring_tip> introduced by @/tmp/IsaacLab/usd_20260807_105335_548/configuration/linkerhand_l20_left_base.usd@</linkerhand_l20_left/ring_tip/visuals> (recomposing stage on stage @/tmp/IsaacLab/usd_20260807_105335_548/linkerhand_l20_left.usd@ <0x6533f2b9a470>)

2026-08-07T17:53:35Z [8,896ms] [Warning] [omni.usd] Warning: in _ReportErrors at line 3172 of /builds/omniverse/usd-ci/USD/pxr/usd/usd/stage.cpp -- In </linkerhand_l20_left/thumb_tip/visuals>: Unresolved reference prim path @/tmp/IsaacLab/usd_20260807_105335_548/configuration/linkerhand_l20_left_physics.usd@</visuals/thumb_tip> introduced by @/tmp/IsaacLab/usd_20260807_105335_548/configuration/linkerhand_l20_left_base.usd@</linkerhand_l20_left/thumb_tip/visuals> (recomposing stage on stage @/tmp/IsaacLab/usd_20260807_105335_548/linkerhand_l20_left.usd@ <0x6533f2b95ad0>)

2026-08-07T17:53:35Z [8,896ms] [Warning] [omni.usd] Warning: in _ReportErrors at line 3172 of /builds/omniverse/usd-ci/USD/pxr/usd/usd/stage.cpp -- In </linkerhand_l20_left/index_tip/visuals>: Unresolved reference prim path @/tmp/IsaacLab/usd_20260807_105335_548/configuration/linkerhand_l20_left_physics.usd@</visuals/index_tip> introduced by @/tmp/IsaacLab/usd_20260807_105335_548/configuration/linkerhand_l20_left_base.usd@</linkerhand_l20_left/index_tip/visuals> (recomposing stage on stage @/tmp/IsaacLab/usd_20260807_105335_548/linkerhand_l20_left.usd@ <0x6533f2b95ad0>)

2026-08-07T17:53:35Z [8,896ms] [Warning] [omni.usd] Warning: in _ReportErrors at line 3172 of /builds/omniverse/usd-ci/USD/pxr/usd/usd/stage.cpp -- In </linkerhand_l20_left/middle_tip/visuals>: Unresolved reference prim path @/tmp/IsaacLab/usd_20260807_105335_548/configuration/linkerhand_l20_left_physics.usd@</visuals/middle_tip> introduced by @/tmp/IsaacLab/usd_20260807_105335_548/configuration/linkerhand_l20_left_base.usd@</linkerhand_l20_left/middle_tip/visuals> (recomposing stage on stage @/tmp/IsaacLab/usd_20260807_105335_548/linkerhand_l20_left.usd@ <0x6533f2b95ad0>)

2026-08-07T17:53:35Z [8,896ms] [Warning] [omni.usd] Warning: in _ReportErrors at line 3172 of /builds/omniverse/usd-ci/USD/pxr/usd/usd/stage.cpp -- In </linkerhand_l20_left/pinky_tip/visuals>: Unresolved reference prim path @/tmp/IsaacLab/usd_20260807_105335_548/configuration/linkerhand_l20_left_physics.usd@</visuals/pinky_tip> introduced by @/tmp/IsaacLab/usd_20260807_105335_548/configuration/linkerhand_l20_left_base.usd@</linkerhand_l20_left/pinky_tip/visuals> (recomposing stage on stage @/tmp/IsaacLab/usd_20260807_105335_548/linkerhand_l20_left.usd@ <0x6533f2b95ad0>)

2026-08-07T17:53:35Z [8,896ms] [Warning] [omni.usd] Warning: in _ReportErrors at line 3172 of /builds/omniverse/usd-ci/USD/pxr/usd/usd/stage.cpp -- In </linkerhand_l20_left/ring_tip/visuals>: Unresolved reference prim path @/tmp/IsaacLab/usd_20260807_105335_548/configuration/linkerhand_l20_left_physics.usd@</visuals/ring_tip> introduced by @/tmp/IsaacLab/usd_20260807_105335_548/configuration/linkerhand_l20_left_base.usd@</linkerhand_l20_left/ring_tip/visuals> (recomposing stage on stage @/tmp/IsaacLab/usd_20260807_105335_548/linkerhand_l20_left.usd@ <0x6533f2b95ad0>)

2026-08-07T17:53:35Z [8,897ms] [Warning] [omni.usd] Warning: in _ReportErrors at line 3172 of /builds/omniverse/usd-ci/USD/pxr/usd/usd/stage.cpp -- In </linkerhand_l20_left/index_tip/visuals>: Unresolved reference prim path @/tmp/IsaacLab/usd_20260807_105335_548/configuration/linkerhand_l20_left_physics.usd@</visuals/index_tip> introduced by @/tmp/IsaacLab/usd_20260807_105335_548/configuration/linkerhand_l20_left_base.usd@</linkerhand_l20_left/index_tip/visuals> (recomposing stage on stage @/tmp/IsaacLab/usd_20260807_105335_548/linkerhand_l20_left.usd@ <0x6533f2b9a470>)

2026-08-07T17:53:35Z [8,897ms] [Warning] [omni.usd] Warning: in _ReportErrors at line 3172 of /builds/omniverse/usd-ci/USD/pxr/usd/usd/stage.cpp -- In </linkerhand_l20_left/thumb_tip/visuals>: Unresolved reference prim path @/tmp/IsaacLab/usd_20260807_105335_548/configuration/linkerhand_l20_left_physics.usd@</visuals/thumb_tip> introduced by @/tmp/IsaacLab/usd_20260807_105335_548/configuration/linkerhand_l20_left_base.usd@</linkerhand_l20_left/thumb_tip/visuals> (recomposing stage on stage @/tmp/IsaacLab/usd_20260807_105335_548/linkerhand_l20_left.usd@ <0x6533f2b9a470>)

2026-08-07T17:53:35Z [8,897ms] [Warning] [omni.usd] Warning: in _ReportErrors at line 3172 of /builds/omniverse/usd-ci/USD/pxr/usd/usd/stage.cpp -- In </linkerhand_l20_left/middle_tip/visuals>: Unresolved reference prim path @/tmp/IsaacLab/usd_20260807_105335_548/configuration/linkerhand_l20_left_physics.usd@</visuals/middle_tip> introduced by @/tmp/IsaacLab/usd_20260807_105335_548/configuration/linkerhand_l20_left_base.usd@</linkerhand_l20_left/middle_tip/visuals> (recomposing stage on stage @/tmp/IsaacLab/usd_20260807_105335_548/linkerhand_l20_left.usd@ <0x6533f2b9a470>)

2026-08-07T17:53:35Z [8,897ms] [Warning] [omni.usd] Warning: in _ReportErrors at line 3172 of /builds/omniverse/usd-ci/USD/pxr/usd/usd/stage.cpp -- In </linkerhand_l20_left/pinky_tip/visuals>: Unresolved reference prim path @/tmp/IsaacLab/usd_20260807_105335_548/configuration/linkerhand_l20_left_physics.usd@</visuals/pinky_tip> introduced by @/tmp/IsaacLab/usd_20260807_105335_548/configuration/linkerhand_l20_left_base.usd@</linkerhand_l20_left/pinky_tip/visuals> (recomposing stage on stage @/tmp/IsaacLab/usd_20260807_105335_548/linkerhand_l20_left.usd@ <0x6533f2b9a470>)

2026-08-07T17:53:35Z [8,897ms] [Warning] [omni.usd] Warning: in _ReportErrors at line 3172 of /builds/omniverse/usd-ci/USD/pxr/usd/usd/stage.cpp -- In </linkerhand_l20_left/ring_tip/visuals>: Unresolved reference prim path @/tmp/IsaacLab/usd_20260807_105335_548/configuration/linkerhand_l20_left_physics.usd@</visuals/ring_tip> introduced by @/tmp/IsaacLab/usd_20260807_105335_548/configuration/linkerhand_l20_left_base.usd@</linkerhand_l20_left/ring_tip/visuals> (recomposing stage on stage @/tmp/IsaacLab/usd_20260807_105335_548/linkerhand_l20_left.usd@ <0x6533f2b9a470>)

2026-08-07T17:53:35Z [8,898ms] [Warning] [omni.usd] Warning: in _ReportErrors at line 3172 of /builds/omniverse/usd-ci/USD/pxr/usd/usd/stage.cpp -- In </linkerhand_l20_left/index_tip/visuals>: Unresolved reference prim path @/tmp/IsaacLab/usd_20260807_105335_548/configuration/linkerhand_l20_left_physics.usd@</visuals/index_tip> introduced by @/tmp/IsaacLab/usd_20260807_105335_548/configuration/linkerhand_l20_left_base.usd@</linkerhand_l20_left/index_tip/visuals> (recomposing stage on stage @/tmp/IsaacLab/usd_20260807_105335_548/linkerhand_l20_left.usd@ <0x6533f2b95ad0>)

2026-08-07T17:53:35Z [8,898ms] [Warning] [omni.usd] Warning: in _ReportErrors at line 3172 of /builds/omniverse/usd-ci/USD/pxr/usd/usd/stage.cpp -- In </linkerhand_l20_left/middle_tip/visuals>: Unresolved reference prim path @/tmp/IsaacLab/usd_20260807_105335_548/configuration/linkerhand_l20_left_physics.usd@</visuals/middle_tip> introduced by @/tmp/IsaacLab/usd_20260807_105335_548/configuration/linkerhand_l20_left_base.usd@</linkerhand_l20_left/middle_tip/visuals> (recomposing stage on stage @/tmp/IsaacLab/usd_20260807_105335_548/linkerhand_l20_left.usd@ <0x6533f2b95ad0>)

2026-08-07T17:53:35Z [8,898ms] [Warning] [omni.usd] Warning: in _ReportErrors at line 3172 of /builds/omniverse/usd-ci/USD/pxr/usd/usd/stage.cpp -- In </linkerhand_l20_left/thumb_tip/visuals>: Unresolved reference prim path @/tmp/IsaacLab/usd_20260807_105335_548/configuration/linkerhand_l20_left_physics.usd@</visuals/thumb_tip> introduced by @/tmp/IsaacLab/usd_20260807_105335_548/configuration/linkerhand_l20_left_base.usd@</linkerhand_l20_left/thumb_tip/visuals> (recomposing stage on stage @/tmp/IsaacLab/usd_20260807_105335_548/linkerhand_l20_left.usd@ <0x6533f2b95ad0>)

2026-08-07T17:53:35Z [8,898ms] [Warning] [omni.usd] Warning: in _ReportErrors at line 3172 of /builds/omniverse/usd-ci/USD/pxr/usd/usd/stage.cpp -- In </linkerhand_l20_left/pinky_tip/visuals>: Unresolved reference prim path @/tmp/IsaacLab/usd_20260807_105335_548/configuration/linkerhand_l20_left_physics.usd@</visuals/pinky_tip> introduced by @/tmp/IsaacLab/usd_20260807_105335_548/configuration/linkerhand_l20_left_base.usd@</linkerhand_l20_left/pinky_tip/visuals> (recomposing stage on stage @/tmp/IsaacLab/usd_20260807_105335_548/linkerhand_l20_left.usd@ <0x6533f2b95ad0>)

2026-08-07T17:53:35Z [8,898ms] [Warning] [omni.usd] Warning: in _ReportErrors at line 3172 of /builds/omniverse/usd-ci/USD/pxr/usd/usd/stage.cpp -- In </linkerhand_l20_left/ring_tip/visuals>: Unresolved reference prim path @/tmp/IsaacLab/usd_20260807_105335_548/configuration/linkerhand_l20_left_physics.usd@</visuals/ring_tip> introduced by @/tmp/IsaacLab/usd_20260807_105335_548/configuration/linkerhand_l20_left_base.usd@</linkerhand_l20_left/ring_tip/visuals> (recomposing stage on stage @/tmp/IsaacLab/usd_20260807_105335_548/linkerhand_l20_left.usd@ <0x6533f2b95ad0>)

2026-08-07T17:53:35Z [9,008ms] [Warning] [omni.usd] Warning: in _ReportErrors at line 3172 of /builds/omniverse/usd-ci/USD/pxr/usd/usd/stage.cpp -- In </World/envs/env_0/LinkerHand/thumb_tip/visuals>: Unresolved reference prim path @/tmp/IsaacLab/usd_20260807_105335_548/configuration/linkerhand_l20_left_physics.usd@</visuals/thumb_tip> introduced by @/tmp/IsaacLab/usd_20260807_105335_548/configuration/linkerhand_l20_left_base.usd@</linkerhand_l20_left/thumb_tip/visuals> (recomposing stage on stage @anon:0x6533d3be8570:World0.usd@ <0x6533d3bedb00>)

2026-08-07T17:53:35Z [9,008ms] [Warning] [omni.usd] Warning: in _ReportErrors at line 3172 of /builds/omniverse/usd-ci/USD/pxr/usd/usd/stage.cpp -- In </World/envs/env_0/LinkerHand/index_tip/visuals>: Unresolved reference prim path @/tmp/IsaacLab/usd_20260807_105335_548/configuration/linkerhand_l20_left_physics.usd@</visuals/index_tip> introduced by @/tmp/IsaacLab/usd_20260807_105335_548/configuration/linkerhand_l20_left_base.usd@</linkerhand_l20_left/index_tip/visuals> (recomposing stage on stage @anon:0x6533d3be8570:World0.usd@ <0x6533d3bedb00>)

2026-08-07T17:53:35Z [9,008ms] [Warning] [omni.usd] Warning: in _ReportErrors at line 3172 of /builds/omniverse/usd-ci/USD/pxr/usd/usd/stage.cpp -- In </World/envs/env_0/LinkerHand/middle_tip/visuals>: Unresolved reference prim path @/tmp/IsaacLab/usd_20260807_105335_548/configuration/linkerhand_l20_left_physics.usd@</visuals/middle_tip> introduced by @/tmp/IsaacLab/usd_20260807_105335_548/configuration/linkerhand_l20_left_base.usd@</linkerhand_l20_left/middle_tip/visuals> (recomposing stage on stage @anon:0x6533d3be8570:World0.usd@ <0x6533d3bedb00>)

2026-08-07T17:53:35Z [9,008ms] [Warning] [omni.usd] Warning: in _ReportErrors at line 3172 of /builds/omniverse/usd-ci/USD/pxr/usd/usd/stage.cpp -- In </World/envs/env_0/LinkerHand/pinky_tip/visuals>: Unresolved reference prim path @/tmp/IsaacLab/usd_20260807_105335_548/configuration/linkerhand_l20_left_physics.usd@</visuals/pinky_tip> introduced by @/tmp/IsaacLab/usd_20260807_105335_548/configuration/linkerhand_l20_left_base.usd@</linkerhand_l20_left/pinky_tip/visuals> (recomposing stage on stage @anon:0x6533d3be8570:World0.usd@ <0x6533d3bedb00>)

2026-08-07T17:53:35Z [9,008ms] [Warning] [omni.usd] Warning: in _ReportErrors at line 3172 of /builds/omniverse/usd-ci/USD/pxr/usd/usd/stage.cpp -- In </World/envs/env_0/LinkerHand/ring_tip/visuals>: Unresolved reference prim path @/tmp/IsaacLab/usd_20260807_105335_548/configuration/linkerhand_l20_left_physics.usd@</visuals/ring_tip> introduced by @/tmp/IsaacLab/usd_20260807_105335_548/configuration/linkerhand_l20_left_base.usd@</linkerhand_l20_left/ring_tip/visuals> (recomposing stage on stage @anon:0x6533d3be8570:World0.usd@ <0x6533d3bedb00>)

[33m10:53:35 [prims.py] WARNING: Could not perform 'modify_collision_properties' on any prims under: '/World/envs/env_0/LinkerHand'. This might be because of the following reasons:
	(1) The desired attribute does not exist on any of the prims.
	(2) The desired attribute exists on an instanced prim.
		Discovered list of instanced prim paths: ['/World/envs/env_0/LinkerHand/hand_base_link/visuals', '/World/envs/env_0/LinkerHand/hand_base_link/collisions', '/World/envs/env_0/LinkerHand/index_metacarpals/visuals', '/World/envs/env_0/LinkerHand/index_metacarpals/collisions', '/World/envs/env_0/LinkerHand/index_proximal/visuals', '/World/envs/env_0/LinkerHand/index_proximal/collisions', '/World/envs/env_0/LinkerHand/index_middle/visuals', '/World/envs/env_0/LinkerHand/index_middle/collisions', '/World/envs/env_0/LinkerHand/index_distal/visuals', '/World/envs/env_0/LinkerHand/index_distal/collisions', '/World/envs/env_0/LinkerHand/middle_metacarpals/visuals', '/World/envs/env_0/LinkerHand/middle_metacarpals/collisions', '/World/envs/env_0/LinkerHand/middle_proximal/visuals', '/World/envs/env_0/LinkerHand/middle_proximal/collisions', '/World/envs/env_0/LinkerHand/middle_middle/visuals', '/World/envs/env_0/LinkerHand/middle_middle/collisions', '/World/envs/env_0/LinkerHand/middle_distal/visuals', '/World/envs/env_0/LinkerHand/middle_distal/collisions', '/World/envs/env_0/LinkerHand/pinky_metacarpals/visuals', '/World/envs/env_0/LinkerHand/pinky_metacarpals/collisions', '/World/envs/env_0/LinkerHand/pinky_proximal/visuals', '/World/envs/env_0/LinkerHand/pinky_proximal/collisions', '/World/envs/env_0/LinkerHand/pinky_middle/visuals', '/World/envs/env_0/LinkerHand/pinky_middle/collisions', '/World/envs/env_0/LinkerHand/pinky_distal/visuals', '/World/envs/env_0/LinkerHand/pinky_distal/collisions', '/World/envs/env_0/LinkerHand/ring_metacarpals/visuals', '/World/envs/env_0/LinkerHand/ring_metacarpals/collisions', '/World/envs/env_0/LinkerHand/ring_proximal/visuals', '/World/envs/env_0/LinkerHand/ring_proximal/collisions', '/World/envs/env_0/LinkerHand/ring_middle/visuals', '/World/envs/env_0/LinkerHand/ring_middle/collisions', '/World/envs/env_0/LinkerHand/ring_distal/visuals', '/World/envs/env_0/LinkerHand/ring_distal/collisions', '/World/envs/env_0/LinkerHand/thumb_metacarpals_base2/visuals', '/World/envs/env_0/LinkerHand/thumb_metacarpals_base2/collisions', '/World/envs/env_0/LinkerHand/thumb_metacarpals_base1/visuals', '/World/envs/env_0/LinkerHand/thumb_metacarpals_base1/collisions', '/World/envs/env_0/LinkerHand/thumb_metacarpals/visuals', '/World/envs/env_0/LinkerHand/thumb_metacarpals/collisions', '/World/envs/env_0/LinkerHand/thumb_proximal/visuals', '/World/envs/env_0/LinkerHand/thumb_proximal/collisions', '/World/envs/env_0/LinkerHand/thumb_distal/visuals', '/World/envs/env_0/LinkerHand/thumb_distal/collisions'][0m
2026-08-07T17:53:35Z [9,042ms] [Warning] [omni.usd] Warning: in _ReportErrors at line 3172 of /builds/omniverse/usd-ci/USD/pxr/usd/usd/stage.cpp -- In </screwdriver_on_the_table_64mm_handle/vitrual_link_1/visuals>: Unresolved reference prim path @/tmp/IsaacLab/usd_20260807_105335_5437/configuration/screwdriver_64mm_handle_physics.usd@</visuals/vitrual_link_1> introduced by @/tmp/IsaacLab/usd_20260807_105335_5437/configuration/screwdriver_64mm_handle_base.usd@</screwdriver_on_the_table_64mm_handle/vitrual_link_1/visuals> (recomposing stage on stage @/tmp/IsaacLab/usd_20260807_105335_5437/configuration/screwdriver_64mm_handle_physics.usd@ <0x6533f2f5fb00>)

2026-08-07T17:53:35Z [9,042ms] [Warning] [omni.usd] Warning: in _ReportErrors at line 3172 of /builds/omniverse/usd-ci/USD/pxr/usd/usd/stage.cpp -- In </screwdriver_on_the_table_64mm_handle/vitrual_link_1/visuals>: Unresolved reference prim path @/tmp/IsaacLab/usd_20260807_105335_5437/screwdriver_64mm_handle.usd@</visuals/vitrual_link_1> introduced by @/tmp/IsaacLab/usd_20260807_105335_5437/configuration/screwdriver_64mm_handle_base.usd@</screwdriver_on_the_table_64mm_handle/vitrual_link_1/visuals> (recomposing stage on stage @/tmp/IsaacLab/usd_20260807_105335_5437/screwdriver_64mm_handle.usd@ <0x6533f2ff3050>)

2026-08-07T17:53:35Z [9,043ms] [Warning] [omni.usd] Warning: in _ReportErrors at line 3172 of /builds/omniverse/usd-ci/USD/pxr/usd/usd/stage.cpp -- In </screwdriver_on_the_table_64mm_handle/vitrual_link_1/visuals>: Unresolved reference prim path @/tmp/IsaacLab/usd_20260807_105335_5437/screwdriver_64mm_handle.usd@</visuals/vitrual_link_1> introduced by @/tmp/IsaacLab/usd_20260807_105335_5437/configuration/screwdriver_64mm_handle_base.usd@</screwdriver_on_the_table_64mm_handle/vitrual_link_1/visuals> (recomposing stage on stage @/tmp/IsaacLab/usd_20260807_105335_5437/screwdriver_64mm_handle.usd@ <0x6533f2dbd160>)

2026-08-07T17:53:35Z [9,043ms] [Warning] [omni.usd] Warning: in _ReportErrors at line 3172 of /builds/omniverse/usd-ci/USD/pxr/usd/usd/stage.cpp -- In </screwdriver_on_the_table_64mm_handle/vitrual_link_1/visuals>: Unresolved reference prim path @/tmp/IsaacLab/usd_20260807_105335_5437/configuration/screwdriver_64mm_handle_base.usd@</visuals/vitrual_link_1> introduced by @/tmp/IsaacLab/usd_20260807_105335_5437/configuration/screwdriver_64mm_handle_base.usd@</screwdriver_on_the_table_64mm_handle/vitrual_link_1/visuals> (recomposing stage on stage @/tmp/IsaacLab/usd_20260807_105335_5437/configuration/screwdriver_64mm_handle_base.usd@ <0x6533f2ee4c90>)

2026-08-07T17:53:35Z [9,043ms] [Warning] [omni.usd] Warning: in _ReportErrors at line 3172 of /builds/omniverse/usd-ci/USD/pxr/usd/usd/stage.cpp -- In </screwdriver_on_the_table_64mm_handle/vitrual_link_1/visuals>: Unresolved reference prim path @/tmp/IsaacLab/usd_20260807_105335_5437/configuration/screwdriver_64mm_handle_physics.usd@</visuals/vitrual_link_1> introduced by @/tmp/IsaacLab/usd_20260807_105335_5437/configuration/screwdriver_64mm_handle_base.usd@</screwdriver_on_the_table_64mm_handle/vitrual_link_1/visuals> (recomposing stage on stage @/tmp/IsaacLab/usd_20260807_105335_5437/configuration/screwdriver_64mm_handle_physics.usd@ <0x6533f2f5fb00>)

2026-08-07T17:53:35Z [9,043ms] [Warning] [omni.usd] Warning: in _ReportErrors at line 3172 of /builds/omniverse/usd-ci/USD/pxr/usd/usd/stage.cpp -- In </screwdriver_on_the_table_64mm_handle/vitrual_link_1/visuals>: Unresolved reference prim path @/tmp/IsaacLab/usd_20260807_105335_5437/screwdriver_64mm_handle.usd@</visuals/vitrual_link_1> introduced by @/tmp/IsaacLab/usd_20260807_105335_5437/configuration/screwdriver_64mm_handle_base.usd@</screwdriver_on_the_table_64mm_handle/vitrual_link_1/visuals> (recomposing stage on stage @/tmp/IsaacLab/usd_20260807_105335_5437/screwdriver_64mm_handle.usd@ <0x6533f2ff3050>)

2026-08-07T17:53:35Z [9,043ms] [Warning] [omni.usd] Warning: in _ReportErrors at line 3172 of /builds/omniverse/usd-ci/USD/pxr/usd/usd/stage.cpp -- In </screwdriver_on_the_table_64mm_handle/vitrual_link_1/visuals>: Unresolved reference prim path @/tmp/IsaacLab/usd_20260807_105335_5437/screwdriver_64mm_handle.usd@</visuals/vitrual_link_1> introduced by @/tmp/IsaacLab/usd_20260807_105335_5437/configuration/screwdriver_64mm_handle_base.usd@</screwdriver_on_the_table_64mm_handle/vitrual_link_1/visuals> (recomposing stage on stage @/tmp/IsaacLab/usd_20260807_105335_5437/screwdriver_64mm_handle.usd@ <0x6533f2dbd160>)

2026-08-07T17:53:35Z [9,043ms] [Warning] [omni.usd] Warning: in _ReportErrors at line 3172 of /builds/omniverse/usd-ci/USD/pxr/usd/usd/stage.cpp -- In </screwdriver_on_the_table_64mm_handle/vitrual_link_1/visuals>: Unresolved reference prim path @/tmp/IsaacLab/usd_20260807_105335_5437/configuration/screwdriver_64mm_handle_base.usd@</visuals/vitrual_link_1> introduced by @/tmp/IsaacLab/usd_20260807_105335_5437/configuration/screwdriver_64mm_handle_base.usd@</screwdriver_on_the_table_64mm_handle/vitrual_link_1/visuals> (recomposing stage on stage @/tmp/IsaacLab/usd_20260807_105335_5437/configuration/screwdriver_64mm_handle_base.usd@ <0x6533f2ee4c90>)

2026-08-07T17:53:35Z [9,044ms] [Warning] [omni.usd] Warning: in _ReportErrors at line 3172 of /builds/omniverse/usd-ci/USD/pxr/usd/usd/stage.cpp -- In </screwdriver_on_the_table_64mm_handle/vitrual_link_2/visuals>: Unresolved reference prim path @/tmp/IsaacLab/usd_20260807_105335_5437/configuration/screwdriver_64mm_handle_physics.usd@</visuals/vitrual_link_2> introduced by @/tmp/IsaacLab/usd_20260807_105335_5437/configuration/screwdriver_64mm_handle_base.usd@</screwdriver_on_the_table_64mm_handle/vitrual_link_2/visuals> (recomposing stage on stage @/tmp/IsaacLab/usd_20260807_105335_5437/configuration/screwdriver_64mm_handle_physics.usd@ <0x6533f2f5fb00>)

2026-08-07T17:53:35Z [9,044ms] [Warning] [omni.usd] Warning: in _ReportErrors at line 3172 of /builds/omniverse/usd-ci/USD/pxr/usd/usd/stage.cpp -- In </screwdriver_on_the_table_64mm_handle/vitrual_link_2/visuals>: Unresolved reference prim path @/tmp/IsaacLab/usd_20260807_105335_5437/screwdriver_64mm_handle.usd@</visuals/vitrual_link_2> introduced by @/tmp/IsaacLab/usd_20260807_105335_5437/configuration/screwdriver_64mm_handle_base.usd@</screwdriver_on_the_table_64mm_handle/vitrual_link_2/visuals> (recomposing stage on stage @/tmp/IsaacLab/usd_20260807_105335_5437/screwdriver_64mm_handle.usd@ <0x6533f2ff3050>)

2026-08-07T17:53:35Z [9,044ms] [Warning] [omni.usd] Warning: in _ReportErrors at line 3172 of /builds/omniverse/usd-ci/USD/pxr/usd/usd/stage.cpp -- In </screwdriver_on_the_table_64mm_handle/vitrual_link_2/visuals>: Unresolved reference prim path @/tmp/IsaacLab/usd_20260807_105335_5437/screwdriver_64mm_handle.usd@</visuals/vitrual_link_2> introduced by @/tmp/IsaacLab/usd_20260807_105335_5437/configuration/screwdriver_64mm_handle_base.usd@</screwdriver_on_the_table_64mm_handle/vitrual_link_2/visuals> (recomposing stage on stage @/tmp/IsaacLab/usd_20260807_105335_5437/screwdriver_64mm_handle.usd@ <0x6533f2dbd160>)

2026-08-07T17:53:35Z [9,045ms] [Warning] [omni.usd] Warning: in _ReportErrors at line 3172 of /builds/omniverse/usd-ci/USD/pxr/usd/usd/stage.cpp -- In </screwdriver_on_the_table_64mm_handle/vitrual_link_2/visuals>: Unresolved reference prim path @/tmp/IsaacLab/usd_20260807_105335_5437/configuration/screwdriver_64mm_handle_base.usd@</visuals/vitrual_link_2> introduced by @/tmp/IsaacLab/usd_20260807_105335_5437/configuration/screwdriver_64mm_handle_base.usd@</screwdriver_on_the_table_64mm_handle/vitrual_link_2/visuals> (recomposing stage on stage @/tmp/IsaacLab/usd_20260807_105335_5437/configuration/screwdriver_64mm_handle_base.usd@ <0x6533f2ee4c90>)

2026-08-07T17:53:35Z [9,045ms] [Warning] [omni.usd] Warning: in _ReportErrors at line 3172 of /builds/omniverse/usd-ci/USD/pxr/usd/usd/stage.cpp -- In </screwdriver_on_the_table_64mm_handle/vitrual_link_2/visuals>: Unresolved reference prim path @/tmp/IsaacLab/usd_20260807_105335_5437/configuration/screwdriver_64mm_handle_physics.usd@</visuals/vitrual_link_2> introduced by @/tmp/IsaacLab/usd_20260807_105335_5437/configuration/screwdriver_64mm_handle_base.usd@</screwdriver_on_the_table_64mm_handle/vitrual_link_2/visuals> (recomposing stage on stage @/tmp/IsaacLab/usd_20260807_105335_5437/configuration/screwdriver_64mm_handle_physics.usd@ <0x6533f2f5fb00>)

2026-08-07T17:53:35Z [9,045ms] [Warning] [omni.usd] Warning: in _ReportErrors at line 3172 of /builds/omniverse/usd-ci/USD/pxr/usd/usd/stage.cpp -- In </screwdriver_on_the_table_64mm_handle/vitrual_link_2/visuals>: Unresolved reference prim path @/tmp/IsaacLab/usd_20260807_105335_5437/screwdriver_64mm_handle.usd@</visuals/vitrual_link_2> introduced by @/tmp/IsaacLab/usd_20260807_105335_5437/configuration/screwdriver_64mm_handle_base.usd@</screwdriver_on_the_table_64mm_handle/vitrual_link_2/visuals> (recomposing stage on stage @/tmp/IsaacLab/usd_20260807_105335_5437/screwdriver_64mm_handle.usd@ <0x6533f2ff3050>)

2026-08-07T17:53:35Z [9,045ms] [Warning] [omni.usd] Warning: in _ReportErrors at line 3172 of /builds/omniverse/usd-ci/USD/pxr/usd/usd/stage.cpp -- In </screwdriver_on_the_table_64mm_handle/vitrual_link_2/visuals>: Unresolved reference prim path @/tmp/IsaacLab/usd_20260807_105335_5437/screwdriver_64mm_handle.usd@</visuals/vitrual_link_2> introduced by @/tmp/IsaacLab/usd_20260807_105335_5437/configuration/screwdriver_64mm_handle_base.usd@</screwdriver_on_the_table_64mm_handle/vitrual_link_2/visuals> (recomposing stage on stage @/tmp/IsaacLab/usd_20260807_105335_5437/screwdriver_64mm_handle.usd@ <0x6533f2dbd160>)

2026-08-07T17:53:35Z [9,045ms] [Warning] [omni.usd] Warning: in _ReportErrors at line 3172 of /builds/omniverse/usd-ci/USD/pxr/usd/usd/stage.cpp -- In </screwdriver_on_the_table_64mm_handle/vitrual_link_2/visuals>: Unresolved reference prim path @/tmp/IsaacLab/usd_20260807_105335_5437/configuration/screwdriver_64mm_handle_base.usd@</visuals/vitrual_link_2> introduced by @/tmp/IsaacLab/usd_20260807_105335_5437/configuration/screwdriver_64mm_handle_base.usd@</screwdriver_on_the_table_64mm_handle/vitrual_link_2/visuals> (recomposing stage on stage @/tmp/IsaacLab/usd_20260807_105335_5437/configuration/screwdriver_64mm_handle_base.usd@ <0x6533f2ee4c90>)

2026-08-07T17:53:35Z [9,064ms] [Warning] [omni.usd] Warning: in _ReportErrors at line 3172 of /builds/omniverse/usd-ci/USD/pxr/usd/usd/stage.cpp -- In </screwdriver_on_the_table_64mm_handle/vitrual_link_1/visuals>: Unresolved reference prim path @/tmp/IsaacLab/usd_20260807_105335_5437/configuration/screwdriver_64mm_handle_base.usd@</visuals/vitrual_link_1> introduced by @/tmp/IsaacLab/usd_20260807_105335_5437/configuration/screwdriver_64mm_handle_base.usd@</screwdriver_on_the_table_64mm_handle/vitrual_link_1/visuals> (recomposing stage on stage @/tmp/IsaacLab/usd_20260807_105335_5437/screwdriver_64mm_handle.usd@ <0x6533f2ff3050>)

2026-08-07T17:53:35Z [9,064ms] [Warning] [omni.usd] Warning: in _ReportErrors at line 3172 of /builds/omniverse/usd-ci/USD/pxr/usd/usd/stage.cpp -- In </screwdriver_on_the_table_64mm_handle/vitrual_link_2/visuals>: Unresolved reference prim path @/tmp/IsaacLab/usd_20260807_105335_5437/configuration/screwdriver_64mm_handle_base.usd@</visuals/vitrual_link_2> introduced by @/tmp/IsaacLab/usd_20260807_105335_5437/configuration/screwdriver_64mm_handle_base.usd@</screwdriver_on_the_table_64mm_handle/vitrual_link_2/visuals> (recomposing stage on stage @/tmp/IsaacLab/usd_20260807_105335_5437/screwdriver_64mm_handle.usd@ <0x6533f2ff3050>)

2026-08-07T17:53:35Z [9,064ms] [Warning] [omni.usd] Warning: in _ReportErrors at line 3172 of /builds/omniverse/usd-ci/USD/pxr/usd/usd/stage.cpp -- In </screwdriver_on_the_table_64mm_handle/vitrual_link_2/visuals>: Unresolved reference prim path @/tmp/IsaacLab/usd_20260807_105335_5437/configuration/screwdriver_64mm_handle_base.usd@</visuals/vitrual_link_2> introduced by @/tmp/IsaacLab/usd_20260807_105335_5437/configuration/screwdriver_64mm_handle_base.usd@</screwdriver_on_the_table_64mm_handle/vitrual_link_2/visuals> (recomposing stage on stage @/tmp/IsaacLab/usd_20260807_105335_5437/screwdriver_64mm_handle.usd@ <0x6533f2dbd160>)

2026-08-07T17:53:35Z [9,064ms] [Warning] [omni.usd] Warning: in _ReportErrors at line 3172 of /builds/omniverse/usd-ci/USD/pxr/usd/usd/stage.cpp -- In </screwdriver_on_the_table_64mm_handle/vitrual_link_1/visuals>: Unresolved reference prim path @/tmp/IsaacLab/usd_20260807_105335_5437/configuration/screwdriver_64mm_handle_base.usd@</visuals/vitrual_link_1> introduced by @/tmp/IsaacLab/usd_20260807_105335_5437/configuration/screwdriver_64mm_handle_base.usd@</screwdriver_on_the_table_64mm_handle/vitrual_link_1/visuals> (recomposing stage on stage @/tmp/IsaacLab/usd_20260807_105335_5437/screwdriver_64mm_handle.usd@ <0x6533f2dbd160>)

2026-08-07T17:53:35Z [9,065ms] [Warning] [omni.usd] Warning: in _ReportErrors at line 3172 of /builds/omniverse/usd-ci/USD/pxr/usd/usd/stage.cpp -- In </screwdriver_on_the_table_64mm_handle/vitrual_link_2/visuals>: Unresolved reference prim path @/tmp/IsaacLab/usd_20260807_105335_5437/configuration/screwdriver_64mm_handle_physics.usd@</visuals/vitrual_link_2> introduced by @/tmp/IsaacLab/usd_20260807_105335_5437/configuration/screwdriver_64mm_handle_base.usd@</screwdriver_on_the_table_64mm_handle/vitrual_link_2/visuals> (recomposing stage on stage @/tmp/IsaacLab/usd_20260807_105335_5437/screwdriver_64mm_handle.usd@ <0x6533f2ff3050>)

2026-08-07T17:53:35Z [9,065ms] [Warning] [omni.usd] Warning: in _ReportErrors at line 3172 of /builds/omniverse/usd-ci/USD/pxr/usd/usd/stage.cpp -- In </screwdriver_on_the_table_64mm_handle/vitrual_link_1/visuals>: Unresolved reference prim path @/tmp/IsaacLab/usd_20260807_105335_5437/configuration/screwdriver_64mm_handle_physics.usd@</visuals/vitrual_link_1> introduced by @/tmp/IsaacLab/usd_20260807_105335_5437/configuration/screwdriver_64mm_handle_base.usd@</screwdriver_on_the_table_64mm_handle/vitrual_link_1/visuals> (recomposing stage on stage @/tmp/IsaacLab/usd_20260807_105335_5437/screwdriver_64mm_handle.usd@ <0x6533f2ff3050>)

2026-08-07T17:53:35Z [9,065ms] [Warning] [omni.usd] Warning: in _ReportErrors at line 3172 of /builds/omniverse/usd-ci/USD/pxr/usd/usd/stage.cpp -- In </screwdriver_on_the_table_64mm_handle/vitrual_link_2/visuals>: Unresolved reference prim path @/tmp/IsaacLab/usd_20260807_105335_5437/configuration/screwdriver_64mm_handle_physics.usd@</visuals/vitrual_link_2> introduced by @/tmp/IsaacLab/usd_20260807_105335_5437/configuration/screwdriver_64mm_handle_base.usd@</screwdriver_on_the_table_64mm_handle/vitrual_link_2/visuals> (recomposing stage on stage @/tmp/IsaacLab/usd_20260807_105335_5437/screwdriver_64mm_handle.usd@ <0x6533f2dbd160>)

2026-08-07T17:53:35Z [9,065ms] [Warning] [omni.usd] Warning: in _ReportErrors at line 3172 of /builds/omniverse/usd-ci/USD/pxr/usd/usd/stage.cpp -- In </screwdriver_on_the_table_64mm_handle/vitrual_link_1/visuals>: Unresolved reference prim path @/tmp/IsaacLab/usd_20260807_105335_5437/configuration/screwdriver_64mm_handle_physics.usd@</visuals/vitrual_link_1> introduced by @/tmp/IsaacLab/usd_20260807_105335_5437/configuration/screwdriver_64mm_handle_base.usd@</screwdriver_on_the_table_64mm_handle/vitrual_link_1/visuals> (recomposing stage on stage @/tmp/IsaacLab/usd_20260807_105335_5437/screwdriver_64mm_handle.usd@ <0x6533f2dbd160>)

2026-08-07T17:53:35Z [9,065ms] [Warning] [omni.usd] Warning: in _ReportErrors at line 3172 of /builds/omniverse/usd-ci/USD/pxr/usd/usd/stage.cpp -- In </screwdriver_on_the_table_64mm_handle/vitrual_link_1/visuals>: Unresolved reference prim path @/tmp/IsaacLab/usd_20260807_105335_5437/configuration/screwdriver_64mm_handle_physics.usd@</visuals/vitrual_link_1> introduced by @/tmp/IsaacLab/usd_20260807_105335_5437/configuration/screwdriver_64mm_handle_base.usd@</screwdriver_on_the_table_64mm_handle/vitrual_link_1/visuals> (recomposing stage on stage @/tmp/IsaacLab/usd_20260807_105335_5437/screwdriver_64mm_handle.usd@ <0x6533f2ff3050>)

2026-08-07T17:53:35Z [9,065ms] [Warning] [omni.usd] Warning: in _ReportErrors at line 3172 of /builds/omniverse/usd-ci/USD/pxr/usd/usd/stage.cpp -- In </screwdriver_on_the_table_64mm_handle/vitrual_link_2/visuals>: Unresolved reference prim path @/tmp/IsaacLab/usd_20260807_105335_5437/configuration/screwdriver_64mm_handle_physics.usd@</visuals/vitrual_link_2> introduced by @/tmp/IsaacLab/usd_20260807_105335_5437/configuration/screwdriver_64mm_handle_base.usd@</screwdriver_on_the_table_64mm_handle/vitrual_link_2/visuals> (recomposing stage on stage @/tmp/IsaacLab/usd_20260807_105335_5437/screwdriver_64mm_handle.usd@ <0x6533f2ff3050>)

2026-08-07T17:53:35Z [9,065ms] [Warning] [omni.usd] Warning: in _ReportErrors at line 3172 of /builds/omniverse/usd-ci/USD/pxr/usd/usd/stage.cpp -- In </screwdriver_on_the_table_64mm_handle/vitrual_link_2/visuals>: Unresolved reference prim path @/tmp/IsaacLab/usd_20260807_105335_5437/configuration/screwdriver_64mm_handle_physics.usd@</visuals/vitrual_link_2> introduced by @/tmp/IsaacLab/usd_20260807_105335_5437/configuration/screwdriver_64mm_handle_base.usd@</screwdriver_on_the_table_64mm_handle/vitrual_link_2/visuals> (recomposing stage on stage @/tmp/IsaacLab/usd_20260807_105335_5437/screwdriver_64mm_handle.usd@ <0x6533f2dbd160>)

2026-08-07T17:53:35Z [9,065ms] [Warning] [omni.usd] Warning: in _ReportErrors at line 3172 of /builds/omniverse/usd-ci/USD/pxr/usd/usd/stage.cpp -- In </screwdriver_on_the_table_64mm_handle/vitrual_link_1/visuals>: Unresolved reference prim path @/tmp/IsaacLab/usd_20260807_105335_5437/configuration/screwdriver_64mm_handle_physics.usd@</visuals/vitrual_link_1> introduced by @/tmp/IsaacLab/usd_20260807_105335_5437/configuration/screwdriver_64mm_handle_base.usd@</screwdriver_on_the_table_64mm_handle/vitrual_link_1/visuals> (recomposing stage on stage @/tmp/IsaacLab/usd_20260807_105335_5437/screwdriver_64mm_handle.usd@ <0x6533f2dbd160>)

2026-08-07T17:53:35Z [9,066ms] [Warning] [omni.usd] Warning: in _ReportErrors at line 3172 of /builds/omniverse/usd-ci/USD/pxr/usd/usd/stage.cpp -- In </screwdriver_on_the_table_64mm_handle/vitrual_link_1/visuals>: Unresolved reference prim path @/tmp/IsaacLab/usd_20260807_105335_5437/configuration/screwdriver_64mm_handle_physics.usd@</visuals/vitrual_link_1> introduced by @/tmp/IsaacLab/usd_20260807_105335_5437/configuration/screwdriver_64mm_handle_base.usd@</screwdriver_on_the_table_64mm_handle/vitrual_link_1/visuals> (recomposing stage on stage @/tmp/IsaacLab/usd_20260807_105335_5437/screwdriver_64mm_handle.usd@ <0x6533f2ff3050>)

2026-08-07T17:53:35Z [9,066ms] [Warning] [omni.usd] Warning: in _ReportErrors at line 3172 of /builds/omniverse/usd-ci/USD/pxr/usd/usd/stage.cpp -- In </screwdriver_on_the_table_64mm_handle/vitrual_link_2/visuals>: Unresolved reference prim path @/tmp/IsaacLab/usd_20260807_105335_5437/configuration/screwdriver_64mm_handle_physics.usd@</visuals/vitrual_link_2> introduced by @/tmp/IsaacLab/usd_20260807_105335_5437/configuration/screwdriver_64mm_handle_base.usd@</screwdriver_on_the_table_64mm_handle/vitrual_link_2/visuals> (recomposing stage on stage @/tmp/IsaacLab/usd_20260807_105335_5437/screwdriver_64mm_handle.usd@ <0x6533f2ff3050>)

2026-08-07T17:53:35Z [9,066ms] [Warning] [omni.usd] Warning: in _ReportErrors at line 3172 of /builds/omniverse/usd-ci/USD/pxr/usd/usd/stage.cpp -- In </screwdriver_on_the_table_64mm_handle/vitrual_link_2/visuals>: Unresolved reference prim path @/tmp/IsaacLab/usd_20260807_105335_5437/configuration/screwdriver_64mm_handle_physics.usd@</visuals/vitrual_link_2> introduced by @/tmp/IsaacLab/usd_20260807_105335_5437/configuration/screwdriver_64mm_handle_base.usd@</screwdriver_on_the_table_64mm_handle/vitrual_link_2/visuals> (recomposing stage on stage @/tmp/IsaacLab/usd_20260807_105335_5437/screwdriver_64mm_handle.usd@ <0x6533f2dbd160>)

2026-08-07T17:53:35Z [9,066ms] [Warning] [omni.usd] Warning: in _ReportErrors at line 3172 of /builds/omniverse/usd-ci/USD/pxr/usd/usd/stage.cpp -- In </screwdriver_on_the_table_64mm_handle/vitrual_link_1/visuals>: Unresolved reference prim path @/tmp/IsaacLab/usd_20260807_105335_5437/configuration/screwdriver_64mm_handle_physics.usd@</visuals/vitrual_link_1> introduced by @/tmp/IsaacLab/usd_20260807_105335_5437/configuration/screwdriver_64mm_handle_base.usd@</screwdriver_on_the_table_64mm_handle/vitrual_link_1/visuals> (recomposing stage on stage @/tmp/IsaacLab/usd_20260807_105335_5437/screwdriver_64mm_handle.usd@ <0x6533f2dbd160>)

2026-08-07T17:53:35Z [9,067ms] [Warning] [omni.usd] Warning: in _ReportErrors at line 3172 of /builds/omniverse/usd-ci/USD/pxr/usd/usd/stage.cpp -- In </screwdriver_on_the_table_64mm_handle/vitrual_link_1/visuals>: Unresolved reference prim path @/tmp/IsaacLab/usd_20260807_105335_5437/configuration/screwdriver_64mm_handle_physics.usd@</visuals/vitrual_link_1> introduced by @/tmp/IsaacLab/usd_20260807_105335_5437/configuration/screwdriver_64mm_handle_base.usd@</screwdriver_on_the_table_64mm_handle/vitrual_link_1/visuals> (recomposing stage on stage @/tmp/IsaacLab/usd_20260807_105335_5437/screwdriver_64mm_handle.usd@ <0x6533f2ff3050>)

2026-08-07T17:53:35Z [9,067ms] [Warning] [omni.usd] Warning: in _ReportErrors at line 3172 of /builds/omniverse/usd-ci/USD/pxr/usd/usd/stage.cpp -- In </screwdriver_on_the_table_64mm_handle/vitrual_link_2/visuals>: Unresolved reference prim path @/tmp/IsaacLab/usd_20260807_105335_5437/configuration/screwdriver_64mm_handle_physics.usd@</visuals/vitrual_link_2> introduced by @/tmp/IsaacLab/usd_20260807_105335_5437/configuration/screwdriver_64mm_handle_base.usd@</screwdriver_on_the_table_64mm_handle/vitrual_link_2/visuals> (recomposing stage on stage @/tmp/IsaacLab/usd_20260807_105335_5437/screwdriver_64mm_handle.usd@ <0x6533f2ff3050>)

2026-08-07T17:53:35Z [9,067ms] [Warning] [omni.usd] Warning: in _ReportErrors at line 3172 of /builds/omniverse/usd-ci/USD/pxr/usd/usd/stage.cpp -- In </screwdriver_on_the_table_64mm_handle/vitrual_link_1/visuals>: Unresolved reference prim path @/tmp/IsaacLab/usd_20260807_105335_5437/configuration/screwdriver_64mm_handle_physics.usd@</visuals/vitrual_link_1> introduced by @/tmp/IsaacLab/usd_20260807_105335_5437/configuration/screwdriver_64mm_handle_base.usd@</screwdriver_on_the_table_64mm_handle/vitrual_link_1/visuals> (recomposing stage on stage @/tmp/IsaacLab/usd_20260807_105335_5437/screwdriver_64mm_handle.usd@ <0x6533f2dbd160>)

2026-08-07T17:53:35Z [9,067ms] [Warning] [omni.usd] Warning: in _ReportErrors at line 3172 of /builds/omniverse/usd-ci/USD/pxr/usd/usd/stage.cpp -- In </screwdriver_on_the_table_64mm_handle/vitrual_link_2/visuals>: Unresolved reference prim path @/tmp/IsaacLab/usd_20260807_105335_5437/configuration/screwdriver_64mm_handle_physics.usd@</visuals/vitrual_link_2> introduced by @/tmp/IsaacLab/usd_20260807_105335_5437/configuration/screwdriver_64mm_handle_base.usd@</screwdriver_on_the_table_64mm_handle/vitrual_link_2/visuals> (recomposing stage on stage @/tmp/IsaacLab/usd_20260807_105335_5437/screwdriver_64mm_handle.usd@ <0x6533f2dbd160>)

2026-08-07T17:53:35Z [9,067ms] [Warning] [omni.usd] Warning: in _ReportErrors at line 3172 of /builds/omniverse/usd-ci/USD/pxr/usd/usd/stage.cpp -- In </screwdriver_on_the_table_64mm_handle/vitrual_link_1/visuals>: Unresolved reference prim path @/tmp/IsaacLab/usd_20260807_105335_5437/configuration/screwdriver_64mm_handle_physics.usd@</visuals/vitrual_link_1> introduced by @/tmp/IsaacLab/usd_20260807_105335_5437/configuration/screwdriver_64mm_handle_base.usd@</screwdriver_on_the_table_64mm_handle/vitrual_link_1/visuals> (recomposing stage on stage @/tmp/IsaacLab/usd_20260807_105335_5437/screwdriver_64mm_handle.usd@ <0x6533f2ff3050>)

2026-08-07T17:53:35Z [9,067ms] [Warning] [omni.usd] Warning: in _ReportErrors at line 3172 of /builds/omniverse/usd-ci/USD/pxr/usd/usd/stage.cpp -- In </screwdriver_on_the_table_64mm_handle/vitrual_link_2/visuals>: Unresolved reference prim path @/tmp/IsaacLab/usd_20260807_105335_5437/configuration/screwdriver_64mm_handle_physics.usd@</visuals/vitrual_link_2> introduced by @/tmp/IsaacLab/usd_20260807_105335_5437/configuration/screwdriver_64mm_handle_base.usd@</screwdriver_on_the_table_64mm_handle/vitrual_link_2/visuals> (recomposing stage on stage @/tmp/IsaacLab/usd_20260807_105335_5437/screwdriver_64mm_handle.usd@ <0x6533f2ff3050>)

2026-08-07T17:53:35Z [9,068ms] [Warning] [omni.usd] Warning: in _ReportErrors at line 3172 of /builds/omniverse/usd-ci/USD/pxr/usd/usd/stage.cpp -- In </screwdriver_on_the_table_64mm_handle/vitrual_link_2/visuals>: Unresolved reference prim path @/tmp/IsaacLab/usd_20260807_105335_5437/configuration/screwdriver_64mm_handle_physics.usd@</visuals/vitrual_link_2> introduced by @/tmp/IsaacLab/usd_20260807_105335_5437/configuration/screwdriver_64mm_handle_base.usd@</screwdriver_on_the_table_64mm_handle/vitrual_link_2/visuals> (recomposing stage on stage @/tmp/IsaacLab/usd_20260807_105335_5437/screwdriver_64mm_handle.usd@ <0x6533f2dbd160>)

2026-08-07T17:53:35Z [9,068ms] [Warning] [omni.usd] Warning: in _ReportErrors at line 3172 of /builds/omniverse/usd-ci/USD/pxr/usd/usd/stage.cpp -- In </screwdriver_on_the_table_64mm_handle/vitrual_link_1/visuals>: Unresolved reference prim path @/tmp/IsaacLab/usd_20260807_105335_5437/configuration/screwdriver_64mm_handle_physics.usd@</visuals/vitrual_link_1> introduced by @/tmp/IsaacLab/usd_20260807_105335_5437/configuration/screwdriver_64mm_handle_base.usd@</screwdriver_on_the_table_64mm_handle/vitrual_link_1/visuals> (recomposing stage on stage @/tmp/IsaacLab/usd_20260807_105335_5437/screwdriver_64mm_handle.usd@ <0x6533f2dbd160>)

2026-08-07T17:53:35Z [9,068ms] [Warning] [omni.usd] Warning: in _ReportErrors at line 3172 of /builds/omniverse/usd-ci/USD/pxr/usd/usd/stage.cpp -- In </screwdriver_on_the_table_64mm_handle/vitrual_link_1/visuals>: Unresolved reference prim path @/tmp/IsaacLab/usd_20260807_105335_5437/configuration/screwdriver_64mm_handle_physics.usd@</visuals/vitrual_link_1> introduced by @/tmp/IsaacLab/usd_20260807_105335_5437/configuration/screwdriver_64mm_handle_base.usd@</screwdriver_on_the_table_64mm_handle/vitrual_link_1/visuals> (recomposing stage on stage @/tmp/IsaacLab/usd_20260807_105335_5437/screwdriver_64mm_handle.usd@ <0x6533f2ff3050>)

2026-08-07T17:53:35Z [9,068ms] [Warning] [omni.usd] Warning: in _ReportErrors at line 3172 of /builds/omniverse/usd-ci/USD/pxr/usd/usd/stage.cpp -- In </screwdriver_on_the_table_64mm_handle/vitrual_link_2/visuals>: Unresolved reference prim path @/tmp/IsaacLab/usd_20260807_105335_5437/configuration/screwdriver_64mm_handle_physics.usd@</visuals/vitrual_link_2> introduced by @/tmp/IsaacLab/usd_20260807_105335_5437/configuration/screwdriver_64mm_handle_base.usd@</screwdriver_on_the_table_64mm_handle/vitrual_link_2/visuals> (recomposing stage on stage @/tmp/IsaacLab/usd_20260807_105335_5437/screwdriver_64mm_handle.usd@ <0x6533f2ff3050>)

2026-08-07T17:53:35Z [9,069ms] [Warning] [omni.usd] Warning: in _ReportErrors at line 3172 of /builds/omniverse/usd-ci/USD/pxr/usd/usd/stage.cpp -- In </screwdriver_on_the_table_64mm_handle/vitrual_link_1/visuals>: Unresolved reference prim path @/tmp/IsaacLab/usd_20260807_105335_5437/configuration/screwdriver_64mm_handle_physics.usd@</visuals/vitrual_link_1> introduced by @/tmp/IsaacLab/usd_20260807_105335_5437/configuration/screwdriver_64mm_handle_base.usd@</screwdriver_on_the_table_64mm_handle/vitrual_link_1/visuals> (recomposing stage on stage @/tmp/IsaacLab/usd_20260807_105335_5437/screwdriver_64mm_handle.usd@ <0x6533f2dbd160>)

2026-08-07T17:53:35Z [9,069ms] [Warning] [omni.usd] Warning: in _ReportErrors at line 3172 of /builds/omniverse/usd-ci/USD/pxr/usd/usd/stage.cpp -- In </screwdriver_on_the_table_64mm_handle/vitrual_link_2/visuals>: Unresolved reference prim path @/tmp/IsaacLab/usd_20260807_105335_5437/configuration/screwdriver_64mm_handle_physics.usd@</visuals/vitrual_link_2> introduced by @/tmp/IsaacLab/usd_20260807_105335_5437/configuration/screwdriver_64mm_handle_base.usd@</screwdriver_on_the_table_64mm_handle/vitrual_link_2/visuals> (recomposing stage on stage @/tmp/IsaacLab/usd_20260807_105335_5437/screwdriver_64mm_handle.usd@ <0x6533f2dbd160>)

2026-08-07T17:53:35Z [9,069ms] [Warning] [omni.usd] Warning: in _ReportErrors at line 3172 of /builds/omniverse/usd-ci/USD/pxr/usd/usd/stage.cpp -- In </screwdriver_on_the_table_64mm_handle/vitrual_link_1/visuals>: Unresolved reference prim path @/tmp/IsaacLab/usd_20260807_105335_5437/configuration/screwdriver_64mm_handle_physics.usd@</visuals/vitrual_link_1> introduced by @/tmp/IsaacLab/usd_20260807_105335_5437/configuration/screwdriver_64mm_handle_base.usd@</screwdriver_on_the_table_64mm_handle/vitrual_link_1/visuals> (recomposing stage on stage @/tmp/IsaacLab/usd_20260807_105335_5437/screwdriver_64mm_handle.usd@ <0x6533f2ff3050>)

2026-08-07T17:53:35Z [9,069ms] [Warning] [omni.usd] Warning: in _ReportErrors at line 3172 of /builds/omniverse/usd-ci/USD/pxr/usd/usd/stage.cpp -- In </screwdriver_on_the_table_64mm_handle/vitrual_link_2/visuals>: Unresolved reference prim path @/tmp/IsaacLab/usd_20260807_105335_5437/configuration/screwdriver_64mm_handle_physics.usd@</visuals/vitrual_link_2> introduced by @/tmp/IsaacLab/usd_20260807_105335_5437/configuration/screwdriver_64mm_handle_base.usd@</screwdriver_on_the_table_64mm_handle/vitrual_link_2/visuals> (recomposing stage on stage @/tmp/IsaacLab/usd_20260807_105335_5437/screwdriver_64mm_handle.usd@ <0x6533f2ff3050>)

2026-08-07T17:53:35Z [9,069ms] [Warning] [omni.usd] Warning: in _ReportErrors at line 3172 of /builds/omniverse/usd-ci/USD/pxr/usd/usd/stage.cpp -- In </screwdriver_on_the_table_64mm_handle/vitrual_link_2/visuals>: Unresolved reference prim path @/tmp/IsaacLab/usd_20260807_105335_5437/configuration/screwdriver_64mm_handle_physics.usd@</visuals/vitrual_link_2> introduced by @/tmp/IsaacLab/usd_20260807_105335_5437/configuration/screwdriver_64mm_handle_base.usd@</screwdriver_on_the_table_64mm_handle/vitrual_link_2/visuals> (recomposing stage on stage @/tmp/IsaacLab/usd_20260807_105335_5437/screwdriver_64mm_handle.usd@ <0x6533f2dbd160>)

2026-08-07T17:53:35Z [9,069ms] [Warning] [omni.usd] Warning: in _ReportErrors at line 3172 of /builds/omniverse/usd-ci/USD/pxr/usd/usd/stage.cpp -- In </screwdriver_on_the_table_64mm_handle/vitrual_link_1/visuals>: Unresolved reference prim path @/tmp/IsaacLab/usd_20260807_105335_5437/configuration/screwdriver_64mm_handle_physics.usd@</visuals/vitrual_link_1> introduced by @/tmp/IsaacLab/usd_20260807_105335_5437/configuration/screwdriver_64mm_handle_base.usd@</screwdriver_on_the_table_64mm_handle/vitrual_link_1/visuals> (recomposing stage on stage @/tmp/IsaacLab/usd_20260807_105335_5437/screwdriver_64mm_handle.usd@ <0x6533f2dbd160>)

2026-08-07T17:53:35Z [9,177ms] [Warning] [omni.usd] Warning: in _ReportErrors at line 3172 of /builds/omniverse/usd-ci/USD/pxr/usd/usd/stage.cpp -- In </World/envs/env_0/Screwdriver/vitrual_link_1/visuals>: Unresolved reference prim path @/tmp/IsaacLab/usd_20260807_105335_5437/configuration/screwdriver_64mm_handle_physics.usd@</visuals/vitrual_link_1> introduced by @/tmp/IsaacLab/usd_20260807_105335_5437/configuration/screwdriver_64mm_handle_base.usd@</screwdriver_on_the_table_64mm_handle/vitrual_link_1/visuals> (recomposing stage on stage @anon:0x6533d3be8570:World0.usd@ <0x6533d3bedb00>)

2026-08-07T17:53:35Z [9,177ms] [Warning] [omni.usd] Warning: in _ReportErrors at line 3172 of /builds/omniverse/usd-ci/USD/pxr/usd/usd/stage.cpp -- In </World/envs/env_0/Screwdriver/vitrual_link_2/visuals>: Unresolved reference prim path @/tmp/IsaacLab/usd_20260807_105335_5437/configuration/screwdriver_64mm_handle_physics.usd@</visuals/vitrual_link_2> introduced by @/tmp/IsaacLab/usd_20260807_105335_5437/configuration/screwdriver_64mm_handle_base.usd@</screwdriver_on_the_table_64mm_handle/vitrual_link_2/visuals> (recomposing stage on stage @anon:0x6533d3be8570:World0.usd@ <0x6533d3bedb00>)

[33m10:53:35 [prims.py] WARNING: Could not perform 'modify_collision_properties' on any prims under: '/World/envs/env_0/Screwdriver'. This might be because of the following reasons:
	(1) The desired attribute does not exist on any of the prims.
	(2) The desired attribute exists on an instanced prim.
		Discovered list of instanced prim paths: ['/World/envs/env_0/Screwdriver/table/visuals', '/World/envs/env_0/Screwdriver/screwdriver_stick/visuals', '/World/envs/env_0/Screwdriver/screwdriver_stick/collisions', '/World/envs/env_0/Screwdriver/screwdriver_body/visuals', '/World/envs/env_0/Screwdriver/screwdriver_body/collisions', '/World/envs/env_0/Screwdriver/screwdriver_cap/visuals', '/World/envs/env_0/Screwdriver/screwdriver_cap/collisions', '/World/envs/env_0/Screwdriver/marker/visuals'][0m
[self-collision-filter] applied 17 filtered pairs over 1 env(s)
2026-08-07T17:53:36Z [9,535ms] [Warning] [omni.usd] Warning: in _ReportErrors at line 3172 of /builds/omniverse/usd-ci/USD/pxr/usd/usd/stage.cpp -- In </World/envs/env_10/LinkerHand/thumb_tip/visuals>: Unresolved reference prim path @/tmp/IsaacLab/usd_20260807_105335_548/configuration/linkerhand_l20_left_physics.usd@</visuals/thumb_tip> introduced by @/tmp/IsaacLab/usd_20260807_105335_548/configuration/linkerhand_l20_left_base.usd@</linkerhand_l20_left/thumb_tip/visuals> (recomposing stage on stage @anon:0x6533d3be8570:World0.usd@ <0x6533d3bedb00>)

2026-08-07T17:53:36Z [9,535ms] [Warning] [omni.usd] Warning: in _ReportErrors at line 3172 of /builds/omniverse/usd-ci/USD/pxr/usd/usd/stage.cpp -- In </World/envs/env_104/LinkerHand/thumb_tip/visuals>: Unresolved reference prim path @/tmp/IsaacLab/usd_20260807_105335_548/configuration/linkerhand_l20_left_physics.usd@</visuals/thumb_tip> introduced by @/tmp/IsaacLab/usd_20260807_105335_548/configuration/linkerhand_l20_left_base.usd@</linkerhand_l20_left/thumb_tip/visuals> (recomposing stage on stage @anon:0x6533d3be8570:World0.usd@ <0x6533d3bedb00>)

2026-08-07T17:53:36Z [9,535ms] [Warning] [omni.usd] Warning: in _ReportErrors at line 3172 of /builds/omniverse/usd-ci/USD/pxr/usd/usd/stage.cpp -- In </World/envs/env_100/LinkerHand/thumb_tip/visuals>: Unresolved reference prim path @/tmp/IsaacLab/usd_20260807_105335_548/configuration/linkerhand_l20_left_physics.usd@</visuals/thumb_tip> introduced by @/tmp/IsaacLab/usd_20260807_105335_548/configuration/linkerhand_l20_left_base.usd@</linkerhand_l20_left/thumb_tip/visuals> (recomposing stage on stage @anon:0x6533d3be8570:World0.usd@ <0x6533d3bedb00>)

2026-08-07T17:53:36Z [9,535ms] [Warning] [omni.usd] Warning: in _ReportErrors at line 3172 of /builds/omniverse/usd-ci/USD/pxr/usd/usd/stage.cpp -- In </World/envs/env_109/LinkerHand/thumb_tip/visuals>: Unresolved reference prim path @/tmp/IsaacLab/usd_20260807_105335_548/configuration/linkerhand_l20_left_physics.usd@</visuals/thumb_tip> introduced by @/tmp/IsaacLab/usd_20260807_105335_548/configuration/linkerhand_l20_left_base.usd@</linkerhand_l20_left/thumb_tip/visuals> (recomposing stage on stage @anon:0x6533d3be8570:World0.usd@ <0x6533d3bedb00>)

2026-08-07T17:53:36Z [9,535ms] [Warning] [omni.usd] Warning: in _ReportErrors at line 3172 of /builds/omniverse/usd-ci/USD/pxr/usd/usd/stage.cpp -- In </World/envs/env_105/Screwdriver/vitrual_link_2/visuals>: Unresolved reference prim path @/tmp/IsaacLab/usd_20260807_105335_5437/configuration/screwdriver_64mm_handle_physics.usd@</visuals/vitrual_link_2> introduced by @/tmp/IsaacLab/usd_20260807_105335_5437/configuration/screwdriver_64mm_handle_base.usd@</screwdriver_on_the_table_64mm_handle/vitrual_link_2/visuals> (recomposing stage on stage @anon:0x6533d3be8570:World0.usd@ <0x6533d3bedb00>)

2026-08-07T17:53:36Z [9,535ms] [Warning] [omni.usd] Warning: in _ReportErrors at line 3172 of /builds/omniverse/usd-ci/USD/pxr/usd/usd/stage.cpp -- In </World/envs/env_102/Screwdriver/vitrual_link_2/visuals>: Unresolved reference prim path @/tmp/IsaacLab/usd_20260807_105335_5437/configuration/screwdriver_64mm_handle_physics.usd@</visuals/vitrual_link_2> introduced by @/tmp/IsaacLab/usd_20260807_105335_5437/configuration/screwdriver_64mm_handle_base.usd@</screwdriver_on_the_table_64mm_handle/vitrual_link_2/visuals> (recomposing stage on stage @anon:0x6533d3be8570:World0.usd@ <0x6533d3bedb00>)

2026-08-07T17:53:36Z [9,535ms] [Warning] [omni.usd] Warning: in _ReportErrors at line 3172 of /builds/omniverse/usd-ci/USD/pxr/usd/usd/stage.cpp -- In </World/envs/env_106/Screwdriver/vitrual_link_2/visuals>: Unresolved reference prim path @/tmp/IsaacLab/usd_20260807_105335_5437/configuration/screwdriver_64mm_handle_physics.usd@</visuals/vitrual_link_2> introduced by @/tmp/IsaacLab/usd_20260807_105335_5437/configuration/screwdriver_64mm_handle_base.usd@</screwdriver_on_the_table_64mm_handle/vitrual_link_2/visuals> (recomposing stage on stage @anon:0x6533d3be8570:World0.usd@ <0x6533d3bedb00>)

2026-08-07T17:53:36Z [9,535ms] [Warning] [omni.usd] Warning: in _ReportErrors at line 3172 of /builds/omniverse/usd-ci/USD/pxr/usd/usd/stage.cpp -- In </World/envs/env_104/Screwdriver/vitrual_link_2/visuals>: Unresolved reference prim path @/tmp/IsaacLab/usd_20260807_105335_5437/configuration/screwdriver_64mm_handle_physics.usd@</visuals/vitrual_link_2> introduced by @/tmp/IsaacLab/usd_20260807_105335_5437/configuration/screwdriver_64mm_handle_base.usd@</screwdriver_on_the_table_64mm_handle/vitrual_link_2/visuals> (recomposing stage on stage @anon:0x6533d3be8570:World0.usd@ <0x6533d3bedb00>)

2026-08-07T17:53:36Z [9,535ms] [Warning] [omni.usd] Warning: in _ReportErrors at line 3172 of /builds/omniverse/usd-ci/USD/pxr/usd/usd/stage.cpp -- In </World/envs/env_105/Screwdriver/vitrual_link_1/visuals>: Unresolved reference prim path @/tmp/IsaacLab/usd_20260807_105335_5437/configuration/screwdriver_64mm_handle_physics.usd@</visuals/vitrual_link_1> introduced by @/tmp/IsaacLab/usd_20260807_105335_5437/configuration/screwdriver_64mm_handle_base.usd@</screwdriver_on_the_table_64mm_handle/vitrual_link_1/visuals> (recomposing stage on stage @anon:0x6533d3be8570:World0.usd@ <0x6533d3bedb00>)

2026-08-07T17:53:36Z [9,535ms] [Warning] [omni.usd] Warning: in _ReportErrors at line 3172 of /builds/omniverse/usd-ci/USD/pxr/usd/usd/stage.cpp -- In </World/envs/env_104/Screwdriver/vitrual_link_1/visuals>: Unresolved reference prim path @/tmp/IsaacLab/usd_20260807_105335_5437/configuration/screwdriver_64mm_handle_physics.usd@</visuals/vitrual_link_1> introduced by @/tmp/IsaacLab/usd_20260807_105335_5437/configuration/screwdriver_64mm_handle_base.usd@</screwdriver_on_the_table_64mm_handle/vitrual_link_1/visuals> (recomposing stage on stage @anon:0x6533d3be8570:World0.usd@ <0x6533d3bedb00>)

2026-08-07T17:53:36Z [9,535ms] [Warning] [omni.usd] Warning: in _ReportErrors at line 3172 of /builds/omniverse/usd-ci/USD/pxr/usd/usd/stage.cpp -- In </World/envs/env_102/Screwdriver/vitrual_link_1/visuals>: Unresolved reference prim path @/tmp/IsaacLab/usd_20260807_105335_5437/configuration/screwdriver_64mm_handle_physics.usd@</visuals/vitrual_link_1> introduced by @/tmp/IsaacLab/usd_20260807_105335_5437/configuration/screwdriver_64mm_handle_base.usd@</screwdriver_on_the_table_64mm_handle/vitrual_link_1/visuals> (recomposing stage on stage @anon:0x6533d3be8570:World0.usd@ <0x6533d3bedb00>)

2026-08-07T17:53:36Z [9,535ms] [Warning] [omni.usd] Warning: in _ReportErrors at line 3172 of /builds/omniverse/usd-ci/USD/pxr/usd/usd/stage.cpp -- In </World/envs/env_106/Screwdriver/vitrual_link_1/visuals>: Unresolved reference prim path @/tmp/IsaacLab/usd_20260807_105335_5437/configuration/screwdriver_64mm_handle_physics.usd@</visuals/vitrual_link_1> introduced by @/tmp/IsaacLab/usd_20260807_105335_5437/configuration/screwdriver_64mm_handle_base.usd@</screwdriver_on_the_table_64mm_handle/vitrual_link_1/visuals> (recomposing stage on stage @anon:0x6533d3be8570:World0.usd@ <0x6533d3bedb00>)

2026-08-07T17:53:36Z [9,535ms] [Warning] [omni.usd] Warning: in _ReportErrors at line 3172 of /builds/omniverse/usd-ci/USD/pxr/usd/usd/stage.cpp -- In </World/envs/env_10/Screwdriver/vitrual_link_1/visuals>: Unresolved reference prim path @/tmp/IsaacLab/usd_20260807_105335_5437/configuration/screwdriver_64mm_handle_physics.usd@</visuals/vitrual_link_1> introduced by @/tmp/IsaacLab/usd_20260807_105335_5437/configuration/screwdriver_64mm_handle_base.usd@</screwdriver_on_the_table_64mm_handle/vitrual_link_1/visuals> (recomposing stage on stage @anon:0x6533d3be8570:World0.usd@ <0x6533d3bedb00>)

2026-08-07T17:53:36Z [9,535ms] [Warning] [omni.usd] Warning: in _ReportErrors at line 3172 of /builds/omniverse/usd-ci/USD/pxr/usd/usd/stage.cpp -- In </World/envs/env_108/Screwdriver/vitrual_link_2/visuals>: Unresolved reference prim path @/tmp/IsaacLab/usd_20260807_105335_5437/configuration/screwdriver_64mm_handle_physics.usd@</visuals/vitrual_link_2> introduced by @/tmp/IsaacLab/usd_20260807_105335_5437/configuration/screwdriver_64mm_handle_base.usd@</screwdriver_on_the_table_64mm_handle/vitrual_link_2/visuals> (recomposing stage on stage @anon:0x6533d3be8570:World0.usd@ <0x6533d3bedb00>)

2026-08-07T17:53:36Z [9,535ms] [Warning] [omni.usd] Warning: in _ReportErrors at line 3172 of /builds/omniverse/usd-ci/USD/pxr/usd/usd/stage.cpp -- In </World/envs/env_108/Screwdriver/vitrual_link_1/visuals>: Unresolved reference prim path @/tmp/IsaacLab/usd_20260807_105335_5437/configuration/screwdriver_64mm_handle_physics.usd@</visuals/vitrual_link_1> introduced by @/tmp/IsaacLab/usd_20260807_105335_5437/configuration/screwdriver_64mm_handle_base.usd@</screwdriver_on_the_table_64mm_handle/vitrual_link_1/visuals> (recomposing stage on stage @anon:0x6533d3be8570:World0.usd@ <0x6533d3bedb00>)

2026-08-07T17:53:36Z [9,535ms] [Warning] [omni.usd] Warning: in _ReportErrors at line 3172 of /builds/omniverse/usd-ci/USD/pxr/usd/usd/stage.cpp -- In </World/envs/env_106/LinkerHand/thumb_tip/visuals>: Unresolved reference prim path @/tmp/IsaacLab/usd_20260807_105335_548/configuration/linkerhand_l20_left_physics.usd@</visuals/thumb_tip> introduced by @/tmp/IsaacLab/usd_20260807_105335_548/configuration/linkerhand_l20_left_base.usd@</linkerhand_l20_left/thumb_tip/visuals> (recomposing stage on stage @anon:0x6533d3be8570:World0.usd@ <0x6533d3bedb00>)

2026-08-07T17:53:36Z [9,535ms] [Warning] [omni.usd] Warning: in _ReportErrors at line 3172 of /builds/omniverse/usd-ci/USD/pxr/usd/usd/stage.cpp -- In </World/envs/env_107/LinkerHand/thumb_tip/visuals>: Unresolved reference prim path @/tmp/IsaacLab/usd_20260807_105335_548/configuration/linkerhand_l20_left_physics.usd@</visuals/thumb_tip> introduced by @/tmp/IsaacLab/usd_20260807_105335_548/configuration/linkerhand_l20_left_base.usd@</linkerhand_l20_left/thumb_tip/visuals> (recomposing stage on stage @anon:0x6533d3be8570:World0.usd@ <0x6533d3bedb00>)

2026-08-07T17:53:36Z [9,535ms] [Warning] [omni.usd] Warning: in _ReportErrors at line 3172 of /builds/omniverse/usd-ci/USD/pxr/usd/usd/stage.cpp -- In </World/envs/env_104/LinkerHand/ring_tip/visuals>: Unresolved reference prim path @/tmp/IsaacLab/usd_20260807_105335_548/configuration/linkerhand_l20_left_physics.usd@</visuals/ring_tip> introduced by @/tmp/IsaacLab/usd_20260807_105335_548/configuration/linkerhand_l20_left_base.usd@</linkerhand_l20_left/ring_tip/visuals> (recomposing stage on stage @anon:0x6533d3be8570:World0.usd@ <0x6533d3bedb00>)

2026-08-07T17:53:36Z [9,535ms] [Warning] [omni.usd] Warning: in _ReportErrors at line 3172 of /builds/omniverse/usd-ci/USD/pxr/usd/usd/stage.cpp -- In </World/envs/env_10/LinkerHand/ring_tip/visuals>: Unresolved reference prim path @/tmp/IsaacLab/usd_20260807_105335_548/configuration/linkerhand_l20_left_physics.usd@</visuals/ring_tip> introduced by @/tmp/IsaacLab/usd_20260807_105335_548/configuration/linkerhand_l20_left_base.usd@</linkerhand_l20_left/ring_tip/visuals> (recomposing stage on stage @anon:0x6533d3be8570:World0.usd@ <0x6533d3bedb00>)

2026-08-07T17:53:36Z [9,535ms] [Warning] [omni.usd] Warning: in _ReportErrors at line 3172 of /builds/omniverse/usd-ci/USD/pxr/usd/usd/stage.cpp -- In </World/envs/env_110/Screwdriver/vitrual_link_2/visuals>: Unresolved reference prim path @/tmp/IsaacLab/usd_20260807_105335_5437/configuration/screwdriver_64mm_handle_physics.usd@</visuals/vitrual_link_2> introduced by @/tmp/IsaacLab/usd_20260807_105335_5437/configuration/screwdriver_64mm_handle_base.usd@</screwdriver_on_the_table_64mm_handle/vitrual_link_2/visuals> (recomposing stage on stage @anon:0x6533d3be8570:World0.usd@ <0x6533d3bedb00>)

2026-08-07T17:53:36Z [9,535ms] [Warning] [omni.usd] Warning: in _ReportErrors at line 3172 of /builds/omniverse/usd-ci/USD/pxr/usd/usd/stage.cpp -- In </World/envs/env_11/Screwdriver/vitrual_link_2/visuals>: Unresolved reference prim path @/tmp/IsaacLab/usd_20260807_105335_5437/configuration/screwdriver_64mm_handle_physics.usd@</visuals/vitrual_link_2> introduced by @/tmp/IsaacLab/usd_20260807_105335_5437/configuration/screwdriver_64mm_handle_base.usd@</screwdriver_on_the_table_64mm_handle/vitrual_link_2/visuals> (recomposing stage on stage @anon:0x6533d3be8570:World0.usd@ <0x6533d3bedb00>)

2026-08-07T17:53:36Z [9,535ms] [Warning] [omni.usd] Warning: in _ReportErrors at line 3172 of /builds/omniverse/usd-ci/USD/pxr/usd/usd/stage.cpp -- In </World/envs/env_104/LinkerHand/pinky_tip/visuals>: Unresolved reference prim path @/tmp/IsaacLab/usd_20260807_105335_548/configuration/linkerhand_l20_left_physics.usd@</visuals/pinky_tip> introduced by @/tmp/IsaacLab/usd_20260807_105335_548/configuration/linkerhand_l20_left_base.usd@</linkerhand_l20_left/pinky_tip/visuals> (recomposing stage on stage @anon:0x6533d3be8570:World0.usd@ <0x6533d3bedb00>)

2026-08-07T17:53:36Z [9,535ms] [Warning] [omni.usd] Warning: in _ReportErrors at line 3172 of /builds/omniverse/usd-ci/USD/pxr/usd/usd/stage.cpp -- In </World/envs/env_110/Screwdriver/vitrual_link_1/visuals>: Unresolved reference prim path @/tmp/IsaacLab/usd_20260807_105335_5437/configuration/screwdriver_64mm_handle_physics.usd@</visuals/vitrual_link_1> introduced by @/tmp/IsaacLab/usd_20260807_105335_5437/configuration/screwdriver_64mm_handle_base.usd@</screwdriver_on_the_table_64mm_handle/vitrual_link_1/visuals> (recomposing stage on stage @anon:0x6533d3be8570:World0.usd@ <0x6533d3bedb00>)

2026-08-07T17:53:36Z [9,535ms] [Warning] [omni.usd] Warning: in _ReportErrors at line 3172 of /builds/omniverse/usd-ci/USD/pxr/usd/usd/stage.cpp -- In </World/envs/env_107/LinkerHand/ring_tip/visuals>: Unresolved reference prim path @/tmp/IsaacLab/usd_20260807_105335_548/configuration/linkerhand_l20_left_physics.usd@</visuals/ring_tip> introduced by @/tmp/IsaacLab/usd_20260807_105335_548/configuration/linkerhand_l20_left_base.usd@</linkerhand_l20_left/ring_tip/visuals> (recomposing stage on stage @anon:0x6533d3be8570:World0.usd@ <0x6533d3bedb00>)

2026-08-07T17:53:36Z [9,535ms] [Warning] [omni.usd] Warning: in _ReportErrors at line 3172 of /builds/omniverse/usd-ci/USD/pxr/usd/usd/stage.cpp -- In </World/envs/env_11/Screwdriver/vitrual_link_1/visuals>: Unresolved reference prim path @/tmp/IsaacLab/usd_20260807_105335_5437/configuration/screwdriver_64mm_handle_physics.usd@</visuals/vitrual_link_1> introduced by @/tmp/IsaacLab/usd_20260807_105335_5437/configuration/screwdriver_64mm_handle_base.usd@</screwdriver_on_the_table_64mm_handle/vitrual_link_1/visuals> (recomposing stage on stage @anon:0x6533d3be8570:World0.usd@ <0x6533d3bedb00>)

2026-08-07T17:53:36Z [9,535ms] [Warning] [omni.usd] Warning: in _ReportErrors at line 3172 of /builds/omniverse/usd-ci/USD/pxr/usd/usd/stage.cpp -- In </World/envs/env_1/Screwdriver/vitrual_link_2/visuals>: Unresolved reference prim path @/tmp/IsaacLab/usd_20260807_105335_5437/configuration/screwdriver_64mm_handle_physics.usd@</visuals/vitrual_link_2> introduced by @/tmp/IsaacLab/usd_20260807_105335_5437/configuration/screwdriver_64mm_handle_base.usd@</screwdriver_on_the_table_64mm_handle/vitrual_link_2/visuals> (recomposing stage on stage @anon:0x6533d3be8570:World0.usd@ <0x6533d3bedb00>)

2026-08-07T17:53:36Z [9,535ms] [Warning] [omni.usd] Warning: in _ReportErrors at line 3172 of /builds/omniverse/usd-ci/USD/pxr/usd/usd/stage.cpp -- In </World/envs/env_106/LinkerHand/ring_tip/visuals>: Unresolved reference prim path @/tmp/IsaacLab/usd_20260807_105335_548/configuration/linkerhand_l20_left_physics.usd@</visuals/ring_tip> introduced by @/tmp/IsaacLab/usd_20260807_105335_548/configuration/linkerhand_l20_left_base.usd@</linkerhand_l20_left/ring_tip/visuals> (recomposing stage on stage @anon:0x6533d3be8570:World0.usd@ <0x6533d3bedb00>)

2026-08-07T17:53:36Z [9,535ms] [Warning] [omni.usd] Warning: in _ReportErrors at line 3172 of /builds/omniverse/usd-ci/USD/pxr/usd/usd/stage.cpp -- In </World/envs/env_10/LinkerHand/pinky_tip/visuals>: Unresolved reference prim path @/tmp/IsaacLab/usd_20260807_105335_548/configuration/linkerhand_l20_left_physics.usd@</visuals/pinky_tip> introduced by @/tmp/IsaacLab/usd_20260807_105335_548/configuration/linkerhand_l20_left_base.usd@</linkerhand_l20_left/pinky_tip/visuals> (recomposing stage on stage @anon:0x6533d3be8570:World0.usd@ <0x6533d3bedb00>)

2026-08-07T17:53:36Z [9,535ms] [Warning] [omni.usd] Warning: in _ReportErrors at line 3172 of /builds/omniverse/usd-ci/USD/pxr/usd/usd/stage.cpp -- In </World/envs/env_112/Screwdriver/vitrual_link_2/visuals>: Unresolved reference prim path @/tmp/IsaacLab/usd_20260807_105335_5437/configuration/screwdriver_64mm_handle_physics.usd@</visuals/vitrual_link_2> introduced by @/tmp/IsaacLab/usd_20260807_105335_5437/configuration/screwdriver_64mm_handle_base.usd@</screwdriver_on_the_table_64mm_handle/vitrual_link_2/visuals> (recomposing stage on stage @anon:0x6533d3be8570:World0.usd@ <0x6533d3bedb00>)

2026-08-07T17:53:36Z [9,535ms] [Warning] [omni.usd] Warning: in _ReportErrors at line 3172 of /builds/omniverse/usd-ci/USD/pxr/usd/usd/stage.cpp -- In </World/envs/env_1/Screwdriver/vitrual_link_1/visuals>: Unresolved reference prim path @/tmp/IsaacLab/usd_20260807_105335_5437/configuration/screwdriver_64mm_handle_physics.usd@</visuals/vitrual_link_1> introduced by @/tmp/IsaacLab/usd_20260807_105335_5437/configuration/screwdriver_64mm_handle_base.usd@</screwdriver_on_the_table_64mm_handle/vitrual_link_1/visuals> (recomposing stage on stage @anon:0x6533d3be8570:World0.usd@ <0x6533d3bedb00>)

2026-08-07T17:53:36Z [9,535ms] [Warning] [omni.usd] Warning: in _ReportErrors at line 3172 of /builds/omniverse/usd-ci/USD/pxr/usd/usd/stage.cpp -- In </World/envs/env_112/Screwdriver/vitrual_link_1/visuals>: Unresolved reference prim path @/tmp/IsaacLab/usd_20260807_105335_5437/configuration/screwdriver_64mm_handle_physics.usd@</visuals/vitrual_link_1> introduced by @/tmp/IsaacLab/usd_20260807_105335_5437/configuration/screwdriver_64mm_handle_base.usd@</screwdriver_on_the_table_64mm_handle/vitrual_link_1/visuals> (recomposing stage on stage @anon:0x6533d3be8570:World0.usd@ <0x6533d3bedb00>)

2026-08-07T17:53:36Z [9,535ms] [Warning] [omni.usd] Warning: in _ReportErrors at line 3172 of /builds/omniverse/usd-ci/USD/pxr/usd/usd/stage.cpp -- In </World/envs/env_110/LinkerHand/thumb_tip/visuals>: Unresolved reference prim path @/tmp/IsaacLab/usd_20260807_105335_548/configuration/linkerhand_l20_left_physics.usd@</visuals/thumb_tip> introduced by @/tmp/IsaacLab/usd_20260807_105335_548/configuration/linkerhand_l20_left_base.usd@</linkerhand_l20_left/thumb_tip/visuals> (recomposing stage on stage @anon:0x6533d3be8570:World0.usd@ <0x6533d3bedb00>)

2026-08-07T17:53:36Z [9,535ms] [Warning] [omni.usd] Warning: in _ReportErrors at line 3172 of /builds/omniverse/usd-ci/USD/pxr/usd/usd/stage.cpp -- In </World/envs/env_11/LinkerHand/thumb_tip/visuals>: Unresolved reference prim path @/tmp/IsaacLab/usd_20260807_105335_548/configuration/linkerhand_l20_left_physics.usd@</visuals/thumb_tip> introduced by @/tmp/IsaacLab/usd_20260807_105335_548/configuration/linkerhand_l20_left_base.usd@</linkerhand_l20_left/thumb_tip/visuals> (recomposing stage on stage @anon:0x6533d3be8570:World0.usd@ <0x6533d3bedb00>)

2026-08-07T17:53:36Z [9,535ms] [Warning] [omni.usd] Warning: in _ReportErrors at line 3172 of /builds/omniverse/usd-ci/USD/pxr/usd/usd/stage.cpp -- In </World/envs/env_112/LinkerHand/thumb_tip/visuals>: Unresolved reference prim path @/tmp/IsaacLab/usd_20260807_105335_548/configuration/linkerhand_l20_left_physics.usd@</visuals/thumb_tip> introduced by @/tmp/IsaacLab/usd_20260807_105335_548/configuration/linkerhand_l20_left_base.usd@</linkerhand_l20_left/thumb_tip/visuals> (recomposing stage on stage @anon:0x6533d3be8570:World0.usd@ <0x6533d3bedb00>)

2026-08-07T17:53:36Z [9,535ms] [Warning] [omni.usd] Warning: in _ReportErrors at line 3172 of /builds/omniverse/usd-ci/USD/pxr/usd/usd/stage.cpp -- In </World/envs/env_104/LinkerHand/middle_tip/visuals>: Unresolved reference prim path @/tmp/IsaacLab/usd_20260807_105335_548/configuration/linkerhand_l20_left_physics.usd@</visuals/middle_tip> introduced by @/tmp/IsaacLab/usd_20260807_105335_548/configuration/linkerhand_l20_left_base.usd@</linkerhand_l20_left/middle_tip/visuals> (recomposing stage on stage @anon:0x6533d3be8570:World0.usd@ <0x6533d3bedb00>)

2026-08-07T17:53:36Z [9,535ms] [Warning] [omni.usd] Warning: in _ReportErrors at line 3172 of /builds/omniverse/usd-ci/USD/pxr/usd/usd/stage.cpp -- In </World/envs/env_107/LinkerHand/pinky_tip/visuals>: Unresolved reference prim path @/tmp/IsaacLab/usd_20260807_105335_548/configuration/linkerhand_l20_left_physics.usd@</visuals/pinky_tip> introduced by @/tmp/IsaacLab/usd_20260807_105335_548/configuration/linkerhand_l20_left_base.usd@</linkerhand_l20_left/pinky_tip/visuals> (recomposing stage on stage @anon:0x6533d3be8570:World0.usd@ <0x6533d3bedb00>)

2026-08-07T17:53:36Z [9,535ms] [Warning] [omni.usd] Warning: in _ReportErrors at line 3172 of /builds/omniverse/usd-ci/USD/pxr/usd/usd/stage.cpp -- In </World/envs/env_106/LinkerHand/pinky_tip/visuals>: Unresolved reference prim path @/tmp/IsaacLab/usd_20260807_105335_548/configuration/linkerhand_l20_left_physics.usd@</visuals/pinky_tip> introduced by @/tmp/IsaacLab/usd_20260807_105335_548/configuration/linkerhand_l20_left_base.usd@</linkerhand_l20_left/pinky_tip/visuals> (recomposing stage on stage @anon:0x6533d3be8570:World0.usd@ <0x6533d3bedb00>)

2026-08-07T17:53:36Z [9,535ms] [Warning] [omni.usd] Warning: in _ReportErrors at line 3172 of /builds/omniverse/usd-ci/USD/pxr/usd/usd/stage.cpp -- In </World/envs/env_10/LinkerHand/middle_tip/visuals>: Unresolved reference prim path @/tmp/IsaacLab/usd_20260807_105335_548/configuration/linkerhand_l20_left_physics.usd@</visuals/middle_tip> introduced by @/tmp/IsaacLab/usd_20260807_105335_548/configuration/linkerhand_l20_left_base.usd@</linkerhand_l20_left/middle_tip/visuals> (recomposing stage on stage @anon:0x6533d3be8570:World0.usd@ <0x6533d3bedb00>)

2026-08-07T17:53:36Z [9,535ms] [Warning] [omni.usd] Warning: in _ReportErrors at line 3172 of /builds/omniverse/usd-ci/USD/pxr/usd/usd/stage.cpp -- In </World/envs/env_107/Screwdriver/vitrual_link_2/visuals>: Unresolved reference prim path @/tmp/IsaacLab/usd_20260807_105335_5437/configuration/screwdriver_64mm_handle_physics.usd@</visuals/vitrual_link_2> introduced by @/tmp/IsaacLab/usd_20260807_105335_5437/configuration/screwdriver_64mm_handle_base.usd@</screwdriver_on_the_table_64mm_handle/vitrual_link_2/visuals> (recomposing stage on stage @anon:0x6533d3be8570:World0.usd@ <0x6533d3bedb00>)

2026-08-07T17:53:36Z [9,535ms] [Warning] [omni.usd] Warning: in _ReportErrors at line 3172 of /builds/omniverse/usd-ci/USD/pxr/usd/usd/stage.cpp -- In </World/envs/env_110/LinkerHand/ring_tip/visuals>: Unresolved reference prim path @/tmp/IsaacLab/usd_20260807_105335_548/configuration/linkerhand_l20_left_physics.usd@</visuals/ring_tip> introduced by @/tmp/IsaacLab/usd_20260807_105335_548/configuration/linkerhand_l20_left_base.usd@</linkerhand_l20_left/ring_tip/visuals> (recomposing stage on stage @anon:0x6533d3be8570:World0.usd@ <0x6533d3bedb00>)

2026-08-07T17:53:36Z [9,535ms] [Warning] [omni.usd] Warning: in _ReportErrors at line 3172 of /builds/omniverse/usd-ci/USD/pxr/usd/usd/stage.cpp -- In </World/envs/env_107/Screwdriver/vitrual_link_1/visuals>: Unresolved reference prim path @/tmp/IsaacLab/usd_20260807_105335_5437/configuration/screwdriver_64mm_handle_physics.usd@</visuals/vitrual_link_1> introduced by @/tmp/IsaacLab/usd_20260807_105335_5437/configuration/screwdriver_64mm_handle_base.usd@</screwdriver_on_the_table_64mm_handle/vitrual_link_1/visuals> (recomposing stage on stage @anon:0x6533d3be8570:World0.usd@ <0x6533d3bedb00>)

2026-08-07T17:53:36Z [9,535ms] [Warning] [omni.usd] Warning: in _ReportErrors at line 3172 of /builds/omniverse/usd-ci/USD/pxr/usd/usd/stage.cpp -- In </World/envs/env_11/LinkerHand/ring_tip/visuals>: Unresolved reference prim path @/tmp/IsaacLab/usd_20260807_105335_548/configuration/linkerhand_l20_left_physics.usd@</visuals/ring_tip> introduced by @/tmp/IsaacLab/usd_20260807_105335_548/configuration/linkerhand_l20_left_base.usd@</linkerhand_l20_left/ring_tip/visuals> (recomposing stage on stage @anon:0x6533d3be8570:World0.usd@ <0x6533d3bedb00>)

2026-08-07T17:53:36Z [9,535ms] [Warning] [omni.usd] Warning: in _ReportErrors at line 3172 of /builds/omniverse/usd-ci/USD/pxr/usd/usd/stage.cpp -- In </World/envs/env_104/LinkerHand/index_tip/visuals>: Unresolved reference prim path @/tmp/IsaacLab/usd_20260807_105335_548/configuration/linkerhand_l20_left_physics.usd@</visuals/index_tip> introduced by @/tmp/IsaacLab/usd_20260807_105335_548/configuration/linkerhand_l20_left_base.usd@</linkerhand_l20_left/index_tip/visuals> (recomposing stage on stage @anon:0x6533d3be8570:World0.usd@ <0x6533d3bedb00>)

2026-08-07T17:53:36Z [9,535ms] [Warning] [omni.usd] Warning: in _ReportErrors at line 3172 of /builds/omniverse/usd-ci/USD/pxr/usd/usd/stage.cpp -- In </World/envs/env_107/LinkerHand/middle_tip/visuals>: Unresolved reference prim path @/tmp/IsaacLab/usd_20260807_105335_548/configuration/linkerhand_l20_left_physics.usd@</visuals/middle_tip> introduced by @/tmp/IsaacLab/usd_20260807_105335_548/configuration/linkerhand_l20_left_base.usd@</linkerhand_l20_left/middle_tip/visuals> (recomposing stage on stage @anon:0x6533d3be8570:World0.usd@ <0x6533d3bedb00>)

2026-08-07T17:53:36Z [9,535ms] [Warning] [omni.usd] Warning: in _ReportErrors at line 3172 of /builds/omniverse/usd-ci/USD/pxr/usd/usd/stage.cpp -- In </World/envs/env_106/LinkerHand/middle_tip/visuals>: Unresolved reference prim path @/tmp/IsaacLab/usd_20260807_105335_548/configuration/linkerhand_l20_left_physics.usd@</visuals/middle_tip> introduced by @/tmp/IsaacLab/usd_20260807_105335_548/configuration/linkerhand_l20_left_base.usd@</linkerhand_l20_left/middle_tip/visuals> (recomposing stage on stage @anon:0x6533d3be8570:World0.usd@ <0x6533d3bedb00>)

2026-08-07T17:53:36Z [9,535ms] [Warning] [omni.usd] Warning: in _ReportErrors at line 3172 of /builds/omniverse/usd-ci/USD/pxr/usd/usd/stage.cpp -- In </World/envs/env_112/LinkerHand/ring_tip/visuals>: Unresolved reference prim path @/tmp/IsaacLab/usd_20260807_105335_548/configuration/linkerhand_l20_left_physics.usd@</visuals/ring_tip> introduced by @/tmp/IsaacLab/usd_20260807_105335_548/configuration/linkerhand_l20_left_base.usd@</linkerhand_l20_left/ring_tip/visuals> (recomposing stage on stage @anon:0x6533d3be8570:World0.usd@ <0x6533d3bedb00>)

2026-08-07T17:53:36Z [9,535ms] [Warning] [omni.usd] Warning: in _ReportErrors at line 3172 of /builds/omniverse/usd-ci/USD/pxr/usd/usd/stage.cpp -- In </World/envs/env_10/LinkerHand/index_tip/visuals>: Unresolved reference prim path @/tmp/IsaacLab/usd_20260807_105335_548/configuration/linkerhand_l20_left_physics.usd@</visuals/index_tip> introduced by @/tmp/IsaacLab/usd_20260807_105335_548/configuration/linkerhand_l20_left_base.usd@</linkerhand_l20_left/index_tip/visuals> (recomposing stage on stage @anon:0x6533d3be8570:World0.usd@ <0x6533d3bedb00>)

2026-08-07T17:53:36Z [9,535ms] [Warning] [omni.usd] Warning: in _ReportErrors at line 3172 of /builds/omniverse/usd-ci/USD/pxr/usd/usd/stage.cpp -- In </World/envs/env_111/LinkerHand/thumb_tip/visuals>: Unresolved reference prim path @/tmp/IsaacLab/usd_20260807_105335_548/configuration/linkerhand_l20_left_physics.usd@</visuals/thumb_tip> introduced by @/tmp/IsaacLab/usd_20260807_105335_548/configuration/linkerhand_l20_left_base.usd@</linkerhand_l20_left/thumb_tip/visuals> (recomposing stage on stage @anon:0x6533d3be8570:World0.usd@ <0x6533d3bedb00>)

2026-08-07T17:53:36Z [9,535ms] [Warning] [omni.usd] Warning: in _ReportErrors at line 3172 of /builds/omniverse/usd-ci/USD/pxr/usd/usd/stage.cpp -- In </World/envs/env_110/LinkerHand/pinky_tip/visuals>: Unresolved reference prim path @/tmp/IsaacLab/usd_20260807_105335_548/configuration/linkerhand_l20_left_physics.usd@</visuals/pinky_tip> introduced by @/tmp/IsaacLab/usd_20260807_105335_548/configuration/linkerhand_l20_left_base.usd@</linkerhand_l20_left/pinky_tip/visuals> (recomposing stage on stage @anon:0x6533d3be8570:World0.usd@ <0x6533d3bedb00>)

2026-08-07T17:53:36Z [9,535ms] [Warning] [omni.usd] Warning: in _ReportErrors at line 3172 of /builds/omniverse/usd-ci/USD/pxr/usd/usd/stage.cpp -- In </World/envs/env_103/LinkerHand/thumb_tip/visuals>: Unresolved reference prim path @/tmp/IsaacLab/usd_20260807_105335_548/configuration/linkerhand_l20_left_physics.usd@</visuals/thumb_tip> introduced by @/tmp/IsaacLab/usd_20260807_105335_548/configuration/linkerhand_l20_left_base.usd@</linkerhand_l20_left/thumb_tip/visuals> (recomposing stage on stage @anon:0x6533d3be8570:World0.usd@ <0x6533d3bedb00>)

2026-08-07T17:53:36Z [9,535ms] [Warning] [omni.usd] Warning: in _ReportErrors at line 3172 of /builds/omniverse/usd-ci/USD/pxr/usd/usd/stage.cpp -- In </World/envs/env_11/LinkerHand/pinky_tip/visuals>: Unresolved reference prim path @/tmp/IsaacLab/usd_20260807_105335_548/configuration/linkerhand_l20_left_physics.usd@</visuals/pinky_tip> introduced by @/tmp/IsaacLab/usd_20260807_105335_548/configuration/linkerhand_l20_left_base.usd@</linkerhand_l20_left/pinky_tip/visuals> (recomposing stage on stage @anon:0x6533d3be8570:World0.usd@ <0x6533d3bedb00>)

2026-08-07T17:53:36Z [9,535ms] [Warning] [omni.usd] Warning: in _ReportErrors at line 3172 of /builds/omniverse/usd-ci/USD/pxr/usd/usd/stage.cpp -- In </World/envs/env_106/LinkerHand/index_tip/visuals>: Unresolved reference prim path @/tmp/IsaacLab/usd_20260807_105335_548/configuration/linkerhand_l20_left_physics.usd@</visuals/index_tip> introduced by @/tmp/IsaacLab/usd_20260807_105335_548/configuration/linkerhand_l20_left_base.usd@</linkerhand_l20_left/index_tip/visuals> (recomposing stage on stage @anon:0x6533d3be8570:World0.usd@ <0x6533d3bedb00>)

2026-08-07T17:53:36Z [9,535ms] [Warning] [omni.usd] Warning: in _ReportErrors at line 3172 of /builds/omniverse/usd-ci/USD/pxr/usd/usd/stage.cpp -- In </World/envs/env_107/LinkerHand/index_tip/visuals>: Unresolved reference prim path @/tmp/IsaacLab/usd_20260807_105335_548/configuration/linkerhand_l20_left_physics.usd@</visuals/index_tip> introduced by @/tmp/IsaacLab/usd_20260807_105335_548/configuration/linkerhand_l20_left_base.usd@</linkerhand_l20_left/index_tip/visuals> (recomposing stage on stage @anon:0x6533d3be8570:World0.usd@ <0x6533d3bedb00>)

2026-08-07T17:53:36Z [9,535ms] [Warning] [omni.usd] Warning: in _ReportErrors at line 3172 of /builds/omniverse/usd-ci/USD/pxr/usd/usd/stage.cpp -- In </World/envs/env_112/LinkerHand/pinky_tip/visuals>: Unresolved reference prim path @/tmp/IsaacLab/usd_20260807_105335_548/configuration/linkerhand_l20_left_physics.usd@</visuals/pinky_tip> introduced by @/tmp/IsaacLab/usd_20260807_105335_548/configuration/linkerhand_l20_left_base.usd@</linkerhand_l20_left/pinky_tip/visuals> (recomposing stage on stage @anon:0x6533d3be8570:World0.usd@ <0x6533d3bedb00>)

2026-08-07T17:53:36Z [9,535ms] [Warning] [omni.usd] Warning: in _ReportErrors at line 3172 of /builds/omniverse/usd-ci/USD/pxr/usd/usd/stage.cpp -- In </World/envs/env_110/LinkerHand/middle_tip/visuals>: Unresolved reference prim path @/tmp/IsaacLab/usd_20260807_105335_548/configuration/linkerhand_l20_left_physics.usd@</visuals/middle_tip> introduced by @/tmp/IsaacLab/usd_20260807_105335_548/configuration/linkerhand_l20_left_base.usd@</linkerhand_l20_left/middle_tip/visuals> (recomposing stage on stage @anon:0x6533d3be8570:World0.usd@ <0x6533d3bedb00>)

2026-08-07T17:53:36Z [9,535ms] [Warning] [omni.usd] Warning: in _ReportErrors at line 3172 of /builds/omniverse/usd-ci/USD/pxr/usd/usd/stage.cpp -- In </World/envs/env_111/LinkerHand/ring_tip/visuals>: Unresolved reference prim path @/tmp/IsaacLab/usd_20260807_105335_548/configuration/linkerhand_l20_left_physics.usd@</visuals/ring_tip> introduced by @/tmp/IsaacLab/usd_20260807_105335_548/configuration/linkerhand_l20_left_base.usd@</linkerhand_l20_left/ring_tip/visuals> (recomposing stage on stage @anon:0x6533d3be8570:World0.usd@ <0x6533d3bedb00>)

2026-08-07T17:53:36Z [9,535ms] [Warning] [omni.usd] Warning: in _ReportErrors at line 3172 of /builds/omniverse/usd-ci/USD/pxr/usd/usd/stage.cpp -- In </World/envs/env_103/LinkerHand/ring_tip/visuals>: Unresolved reference prim path @/tmp/IsaacLab/usd_20260807_105335_548/configuration/linkerhand_l20_left_physics.usd@</visuals/ring_tip> introduced by @/tmp/IsaacLab/usd_20260807_105335_548/configuration/linkerhand_l20_left_base.usd@</linkerhand_l20_left/ring_tip/visuals> (recomposing stage on stage @anon:0x6533d3be8570:World0.usd@ <0x6533d3bedb00>)

2026-08-07T17:53:36Z [9,535ms] [Warning] [omni.usd] Warning: in _ReportErrors at line 3172 of /builds/omniverse/usd-ci/USD/pxr/usd/usd/stage.cpp -- In </World/envs/env_112/LinkerHand/middle_tip/visuals>: Unresolved reference prim path @/tmp/IsaacLab/usd_20260807_105335_548/configuration/linkerhand_l20_left_physics.usd@</visuals/middle_tip> introduced by @/tmp/IsaacLab/usd_20260807_105335_548/configuration/linkerhand_l20_left_base.usd@</linkerhand_l20_left/middle_tip/visuals> (recomposing stage on stage @anon:0x6533d3be8570:World0.usd@ <0x6533d3bedb00>)

2026-08-07T17:53:36Z [9,535ms] [Warning] [omni.usd] Warning: in _ReportErrors at line 3172 of /builds/omniverse/usd-ci/USD/pxr/usd/usd/stage.cpp -- In </World/envs/env_109/LinkerHand/ring_tip/visuals>: Unresolved reference prim path @/tmp/IsaacLab/usd_20260807_105335_548/configuration/linkerhand_l20_left_physics.usd@</visuals/ring_tip> introduced by @/tmp/IsaacLab/usd_20260807_105335_548/configuration/linkerhand_l20_left_base.usd@</linkerhand_l20_left/ring_tip/visuals> (recomposing stage on stage @anon:0x6533d3be8570:World0.usd@ <0x6533d3bedb00>)

2026-08-07T17:53:36Z [9,535ms] [Warning] [omni.usd] Warning: in _ReportErrors at line 3172 of /builds/omniverse/usd-ci/USD/pxr/usd/usd/stage.cpp -- In </World/envs/env_110/LinkerHand/index_tip/visuals>: Unresolved reference prim path @/tmp/IsaacLab/usd_20260807_105335_548/configuration/linkerhand_l20_left_physics.usd@</visuals/index_tip> introduced by @/tmp/IsaacLab/usd_20260807_105335_548/configuration/linkerhand_l20_left_base.usd@</linkerhand_l20_left/index_tip/visuals> (recomposing stage on stage @anon:0x6533d3be8570:World0.usd@ <0x6533d3bedb00>)

2026-08-07T17:53:36Z [9,535ms] [Warning] [omni.usd] Warning: in _ReportErrors at line 3172 of /builds/omniverse/usd-ci/USD/pxr/usd/usd/stage.cpp -- In </World/envs/env_111/LinkerHand/pinky_tip/visuals>: Unresolved reference prim path @/tmp/IsaacLab/usd_20260807_105335_548/configuration/linkerhand_l20_left_physics.usd@</visuals/pinky_tip> introduced by @/tmp/IsaacLab/usd_20260807_105335_548/configuration/linkerhand_l20_left_base.usd@</linkerhand_l20_left/pinky_tip/visuals> (recomposing stage on stage @anon:0x6533d3be8570:World0.usd@ <0x6533d3bedb00>)

2026-08-07T17:53:36Z [9,535ms] [Warning] [omni.usd] Warning: in _ReportErrors at line 3172 of /builds/omniverse/usd-ci/USD/pxr/usd/usd/stage.cpp -- In </World/envs/env_103/LinkerHand/pinky_tip/visuals>: Unresolved reference prim path @/tmp/IsaacLab/usd_20260807_105335_548/configuration/linkerhand_l20_left_physics.usd@</visuals/pinky_tip> introduced by @/tmp/IsaacLab/usd_20260807_105335_548/configuration/linkerhand_l20_left_base.usd@</linkerhand_l20_left/pinky_tip/visuals> (recomposing stage on stage @anon:0x6533d3be8570:World0.usd@ <0x6533d3bedb00>)

2026-08-07T17:53:36Z [9,535ms] [Warning] [omni.usd] Warning: in _ReportErrors at line 3172 of /builds/omniverse/usd-ci/USD/pxr/usd/usd/stage.cpp -- In </World/envs/env_112/LinkerHand/index_tip/visuals>: Unresolved reference prim path @/tmp/IsaacLab/usd_20260807_105335_548/configuration/linkerhand_l20_left_physics.usd@</visuals/index_tip> introduced by @/tmp/IsaacLab/usd_20260807_105335_548/configuration/linkerhand_l20_left_base.usd@</linkerhand_l20_left/index_tip/visuals> (recomposing stage on stage @anon:0x6533d3be8570:World0.usd@ <0x6533d3bedb00>)

2026-08-07T17:53:36Z [9,535ms] [Warning] [omni.usd] Warning: in _ReportErrors at line 3172 of /builds/omniverse/usd-ci/USD/pxr/usd/usd/stage.cpp -- In </World/envs/env_111/Screwdriver/vitrual_link_1/visuals>: Unresolved reference prim path @/tmp/IsaacLab/usd_20260807_105335_5437/configuration/screwdriver_64mm_handle_physics.usd@</visuals/vitrual_link_1> introduced by @/tmp/IsaacLab/usd_20260807_105335_5437/configuration/screwdriver_64mm_handle_base.usd@</screwdriver_on_the_table_64mm_handle/vitrual_link_1/visuals> (recomposing stage on stage @anon:0x6533d3be8570:World0.usd@ <0x6533d3bedb00>)

2026-08-07T17:53:36Z [9,535ms] [Warning] [omni.usd] Warning: in _ReportErrors at line 3172 of /builds/omniverse/usd-ci/USD/pxr/usd/usd/stage.cpp -- In </World/envs/env_111/LinkerHand/middle_tip/visuals>: Unresolved reference prim path @/tmp/IsaacLab/usd_20260807_105335_548/configuration/linkerhand_l20_left_physics.usd@</visuals/middle_tip> introduced by @/tmp/IsaacLab/usd_20260807_105335_548/configuration/linkerhand_l20_left_base.usd@</linkerhand_l20_left/middle_tip/visuals> (recomposing stage on stage @anon:0x6533d3be8570:World0.usd@ <0x6533d3bedb00>)

2026-08-07T17:53:36Z [9,535ms] [Warning] [omni.usd] Warning: in _ReportErrors at line 3172 of /builds/omniverse/usd-ci/USD/pxr/usd/usd/stage.cpp -- In </World/envs/env_103/LinkerHand/middle_tip/visuals>: Unresolved reference prim path @/tmp/IsaacLab/usd_20260807_105335_548/configuration/linkerhand_l20_left_physics.usd@</visuals/middle_tip> introduced by @/tmp/IsaacLab/usd_20260807_105335_548/configuration/linkerhand_l20_left_base.usd@</linkerhand_l20_left/middle_tip/visuals> (recomposing stage on stage @anon:0x6533d3be8570:World0.usd@ <0x6533d3bedb00>)

2026-08-07T17:53:36Z [9,535ms] [Warning] [omni.usd] Warning: in _ReportErrors at line 3172 of /builds/omniverse/usd-ci/USD/pxr/usd/usd/stage.cpp -- In </World/envs/env_10/Screwdriver/vitrual_link_2/visuals>: Unresolved reference prim path @/tmp/IsaacLab/usd_20260807_105335_5437/configuration/screwdriver_64mm_handle_physics.usd@</visuals/vitrual_link_2> introduced by @/tmp/IsaacLab/usd_20260807_105335_5437/configuration/screwdriver_64mm_handle_base.usd@</screwdriver_on_the_table_64mm_handle/vitrual_link_2/visuals> (recomposing stage on stage @anon:0x6533d3be8570:World0.usd@ <0x6533d3bedb00>)

2026-08-07T17:53:36Z [9,535ms] [Warning] [omni.usd] Warning: in _ReportErrors at line 3172 of /builds/omniverse/usd-ci/USD/pxr/usd/usd/stage.cpp -- In </World/envs/env_113/Screwdriver/vitrual_link_2/visuals>: Unresolved reference prim path @/tmp/IsaacLab/usd_20260807_105335_5437/configuration/screwdriver_64mm_handle_physics.usd@</visuals/vitrual_link_2> introduced by @/tmp/IsaacLab/usd_20260807_105335_5437/configuration/screwdriver_64mm_handle_base.usd@</screwdriver_on_the_table_64mm_handle/vitrual_link_2/visuals> (recomposing stage on stage @anon:0x6533d3be8570:World0.usd@ <0x6533d3bedb00>)

2026-08-07T17:53:36Z [9,535ms] [Warning] [omni.usd] Warning: in _ReportErrors at line 3172 of /builds/omniverse/usd-ci/USD/pxr/usd/usd/stage.cpp -- In </World/envs/env_113/Screwdriver/vitrual_link_1/visuals>: Unresolved reference prim path @/tmp/IsaacLab/usd_20260807_105335_5437/configuration/screwdriver_64mm_handle_physics.usd@</visuals/vitrual_link_1> introduced by @/tmp/IsaacLab/usd_20260807_105335_5437/configuration/screwdriver_64mm_handle_base.usd@</screwdriver_on_the_table_64mm_handle/vitrual_link_1/visuals> (recomposing stage on stage @anon:0x6533d3be8570:World0.usd@ <0x6533d3bedb00>)

2026-08-07T17:53:36Z [9,535ms] [Warning] [omni.usd] Warning: in _ReportErrors at line 3172 of /builds/omniverse/usd-ci/USD/pxr/usd/usd/stage.cpp -- In </World/envs/env_114/Screwdriver/vitrual_link_2/visuals>: Unresolved reference prim path @/tmp/IsaacLab/usd_20260807_105335_5437/configuration/screwdriver_64mm_handle_physics.usd@</visuals/vitrual_link_2> introduced by @/tmp/IsaacLab/usd_20260807_105335_5437/configuration/screwdriver_64mm_handle_base.usd@</screwdriver_on_the_table_64mm_handle/vitrual_link_2/visuals> (recomposing stage on stage @anon:0x6533d3be8570:World0.usd@ <0x6533d3bedb00>)

2026-08-07T17:53:36Z [9,535ms] [Warning] [omni.usd] Warning: in _ReportErrors at line 3172 of /builds/omniverse/usd-ci/USD/pxr/usd/usd/stage.cpp -- In </World/envs/env_109/LinkerHand/pinky_tip/visuals>: Unresolved reference prim path @/tmp/IsaacLab/usd_20260807_105335_548/configuration/linkerhand_l20_left_physics.usd@</visuals/pinky_tip> introduced by @/tmp/IsaacLab/usd_20260807_105335_548/configuration/linkerhand_l20_left_base.usd@</linkerhand_l20_left/pinky_tip/visuals> (recomposing stage on stage @anon:0x6533d3be8570:World0.usd@ <0x6533d3bedb00>)

2026-08-07T17:53:36Z [9,535ms] [Warning] [omni.usd] Warning: in _ReportErrors at line 3172 of /builds/omniverse/usd-ci/USD/pxr/usd/usd/stage.cpp -- In </World/envs/env_114/Screwdriver/vitrual_link_1/visuals>: Unresolved reference prim path @/tmp/IsaacLab/usd_20260807_105335_5437/configuration/screwdriver_64mm_handle_physics.usd@</visuals/vitrual_link_1> introduced by @/tmp/IsaacLab/usd_20260807_105335_5437/configuration/screwdriver_64mm_handle_base.usd@</screwdriver_on_the_table_64mm_handle/vitrual_link_1/visuals> (recomposing stage on stage @anon:0x6533d3be8570:World0.usd@ <0x6533d3bedb00>)

2026-08-07T17:53:36Z [9,535ms] [Warning] [omni.usd] Warning: in _ReportErrors at line 3172 of /builds/omniverse/usd-ci/USD/pxr/usd/usd/stage.cpp -- In </World/envs/env_1/LinkerHand/thumb_tip/visuals>: Unresolved reference prim path @/tmp/IsaacLab/usd_20260807_105335_548/configuration/linkerhand_l20_left_physics.usd@</visuals/thumb_tip> introduced by @/tmp/IsaacLab/usd_20260807_105335_548/configuration/linkerhand_l20_left_base.usd@</linkerhand_l20_left/thumb_tip/visuals> (recomposing stage on stage @anon:0x6533d3be8570:World0.usd@ <0x6533d3bedb00>)

2026-08-07T17:53:36Z [9,535ms] [Warning] [omni.usd] Warning: in _ReportErrors at line 3172 of /builds/omniverse/usd-ci/USD/pxr/usd/usd/stage.cpp -- In </World/envs/env_113/LinkerHand/thumb_tip/visuals>: Unresolved reference prim path @/tmp/IsaacLab/usd_20260807_105335_548/configuration/linkerhand_l20_left_physics.usd@</visuals/thumb_tip> introduced by @/tmp/IsaacLab/usd_20260807_105335_548/configuration/linkerhand_l20_left_base.usd@</linkerhand_l20_left/thumb_tip/visuals> (recomposing stage on stage @anon:0x6533d3be8570:World0.usd@ <0x6533d3bedb00>)

2026-08-07T17:53:36Z [9,535ms] [Warning] [omni.usd] Warning: in _ReportErrors at line 3172 of /builds/omniverse/usd-ci/USD/pxr/usd/usd/stage.cpp -- In </World/envs/env_109/Screwdriver/vitrual_link_2/visuals>: Unresolved reference prim path @/tmp/IsaacLab/usd_20260807_105335_5437/configuration/screwdriver_64mm_handle_physics.usd@</visuals/vitrual_link_2> introduced by @/tmp/IsaacLab/usd_20260807_105335_5437/configuration/screwdriver_64mm_handle_base.usd@</screwdriver_on_the_table_64mm_handle/vitrual_link_2/visuals> (recomposing stage on stage @anon:0x6533d3be8570:World0.usd@ <0x6533d3bedb00>)

2026-08-07T17:53:36Z [9,535ms] [Warning] [omni.usd] Warning: in _ReportErrors at line 3172 of /builds/omniverse/usd-ci/USD/pxr/usd/usd/stage.cpp -- In </World/envs/env_114/LinkerHand/thumb_tip/visuals>: Unresolved reference prim path @/tmp/IsaacLab/usd_20260807_105335_548/configuration/linkerhand_l20_left_physics.usd@</visuals/thumb_tip> introduced by @/tmp/IsaacLab/usd_20260807_105335_548/configuration/linkerhand_l20_left_base.usd@</linkerhand_l20_left/thumb_tip/visuals> (recomposing stage on stage @anon:0x6533d3be8570:World0.usd@ <0x6533d3bedb00>)

2026-08-07T17:53:36Z [9,535ms] [Warning] [omni.usd] Warning: in _ReportErrors at line 3172 of /builds/omniverse/usd-ci/USD/pxr/usd/usd/stage.cpp -- In </World/envs/env_109/Screwdriver/vitrual_link_1/visuals>: Unresolved reference prim path @/tmp/IsaacLab/usd_20260807_105335_5437/configuration/screwdriver_64mm_handle_physics.usd@</visuals/vitrual_link_1> introduced by @/tmp/IsaacLab/usd_20260807_105335_5437/configuration/screwdriver_64mm_handle_base.usd@</screwdriver_on_the_table_64mm_handle/vitrual_link_1/visuals> (recomposing stage on stage @anon:0x6533d3be8570:World0.usd@ <0x6533d3bedb00>)

2026-08-07T17:53:36Z [9,535ms] [Warning] [omni.usd] Warning: in _ReportErrors at line 3172 of /builds/omniverse/usd-ci/USD/pxr/usd/usd/stage.cpp -- In </World/envs/env_103/Screwdriver/vitrual_link_2/visuals>: Unresolved reference prim path @/tmp/IsaacLab/usd_20260807_105335_5437/configuration/screwdriver_64mm_handle_physics.usd@</visuals/vitrual_link_2> introduced by @/tmp/IsaacLab/usd_20260807_105335_5437/configuration/screwdriver_64mm_handle_base.usd@</screwdriver_on_the_table_64mm_handle/vitrual_link_2/visuals> (recomposing stage on stage @anon:0x6533d3be8570:World0.usd@ <0x6533d3bedb00>)

2026-08-07T17:53:36Z [9,535ms] [Warning] [omni.usd] Warning: in _ReportErrors at line 3172 of /builds/omniverse/usd-ci/USD/pxr/usd/usd/stage.cpp -- In </World/envs/env_115/Screwdriver/vitrual_link_2/visuals>: Unresolved reference prim path @/tmp/IsaacLab/usd_20260807_105335_5437/configuration/screwdriver_64mm_handle_physics.usd@</visuals/vitrual_link_2> introduced by @/tmp/IsaacLab/usd_20260807_105335_5437/configuration/screwdriver_64mm_handle_base.usd@</screwdriver_on_the_table_64mm_handle/vitrual_link_2/visuals> (recomposing stage on stage @anon:0x6533d3be8570:World0.usd@ <0x6533d3bedb00>)

2026-08-07T17:53:36Z [9,535ms] [Warning] [omni.usd] Warning: in _ReportErrors at line 3172 of /builds/omniverse/usd-ci/USD/pxr/usd/usd/stage.cpp -- In </World/envs/env_103/Screwdriver/vitrual_link_1/visuals>: Unresolved reference prim path @/tmp/IsaacLab/usd_20260807_105335_5437/configuration/screwdriver_64mm_handle_physics.usd@</visuals/vitrual_link_1> introduced by @/tmp/IsaacLab/usd_20260807_105335_5437/configuration/screwdriver_64mm_handle_base.usd@</screwdriver_on_the_table_64mm_handle/vitrual_link_1/visuals> (recomposing stage on stage @anon:0x6533d3be8570:World0.usd@ <0x6533d3bedb00>)

2026-08-07T17:53:36Z [9,535ms] [Warning] [omni.usd] Warning: in _ReportErrors at line 3172 of /builds/omniverse/usd-ci/USD/pxr/usd/usd/stage.cpp -- In </World/envs/env_115/Screwdriver/vitrual_link_1/visuals>: Unresolved reference prim path @/tmp/IsaacLab/usd_20260807_105335_5437/configuration/screwdriver_64mm_handle_physics.usd@</visuals/vitrual_link_1> introduced by @/tmp/IsaacLab/usd_20260807_105335_5437/configuration/screwdriver_64mm_handle_base.usd@</screwdriver_on_the_table_64mm_handle/vitrual_link_1/visuals> (recomposing stage on stage @anon:0x6533d3be8570:World0.usd@ <0x6533d3bedb00>)

2026-08-07T17:53:36Z [9,535ms] [Warning] [omni.usd] Warning: in _ReportErrors at line 3172 of /builds/omniverse/usd-ci/USD/pxr/usd/usd/stage.cpp -- In </World/envs/env_109/LinkerHand/middle_tip/visuals>: Unresolved reference prim path @/tmp/IsaacLab/usd_20260807_105335_548/configuration/linkerhand_l20_left_physics.usd@</visuals/middle_tip> introduced by @/tmp/IsaacLab/usd_20260807_105335_548/configuration/linkerhand_l20_left_base.usd@</linkerhand_l20_left/middle_tip/visuals> (recomposing stage on stage @anon:0x6533d3be8570:World0.usd@ <0x6533d3bedb00>)

2026-08-07T17:53:36Z [9,535ms] [Warning] [omni.usd] Warning: in _ReportErrors at line 3172 of /builds/omniverse/usd-ci/USD/pxr/usd/usd/stage.cpp -- In </World/envs/env_114/LinkerHand/ring_tip/visuals>: Unresolved reference prim path @/tmp/IsaacLab/usd_20260807_105335_548/configuration/linkerhand_l20_left_physics.usd@</visuals/ring_tip> introduced by @/tmp/IsaacLab/usd_20260807_105335_548/configuration/linkerhand_l20_left_base.usd@</linkerhand_l20_left/ring_tip/visuals> (recomposing stage on stage @anon:0x6533d3be8570:World0.usd@ <0x6533d3bedb00>)

2026-08-07T17:53:36Z [9,535ms] [Warning] [omni.usd] Warning: in _ReportErrors at line 3172 of /builds/omniverse/usd-ci/USD/pxr/usd/usd/stage.cpp -- In </World/envs/env_115/LinkerHand/thumb_tip/visuals>: Unresolved reference prim path @/tmp/IsaacLab/usd_20260807_105335_548/configuration/linkerhand_l20_left_physics.usd@</visuals/thumb_tip> introduced by @/tmp/IsaacLab/usd_20260807_105335_548/configuration/linkerhand_l20_left_base.usd@</linkerhand_l20_left/thumb_tip/visuals> (recomposing stage on stage @anon:0x6533d3be8570:World0.usd@ <0x6533d3bedb00>)

2026-08-07T17:53:36Z [9,535ms] [Warning] [omni.usd] Warning: in _ReportErrors at line 3172 of /builds/omniverse/usd-ci/USD/pxr/usd/usd/stage.cpp -- In </World/envs/env_111/Screwdriver/vitrual_link_2/visuals>: Unresolved reference prim path @/tmp/IsaacLab/usd_20260807_105335_5437/configuration/screwdriver_64mm_handle_physics.usd@</visuals/vitrual_link_2> introduced by @/tmp/IsaacLab/usd_20260807_105335_5437/configuration/screwdriver_64mm_handle_base.usd@</screwdriver_on_the_table_64mm_handle/vitrual_link_2/visuals> (recomposing stage on stage @anon:0x6533d3be8570:World0.usd@ <0x6533d3bedb00>)

2026-08-07T17:53:36Z [9,535ms] [Warning] [omni.usd] Warning: in _ReportErrors at line 3172 of /builds/omniverse/usd-ci/USD/pxr/usd/usd/stage.cpp -- In </World/envs/env_100/LinkerHand/index_tip/visuals>: Unresolved reference prim path @/tmp/IsaacLab/usd_20260807_105335_548/configuration/linkerhand_l20_left_physics.usd@</visuals/index_tip> introduced by @/tmp/IsaacLab/usd_20260807_105335_548/configuration/linkerhand_l20_left_base.usd@</linkerhand_l20_left/index_tip/visuals> (recomposing stage on stage @anon:0x6533d3be8570:World0.usd@ <0x6533d3bedb00>)

2026-08-07T17:53:36Z [9,535ms] [Warning] [omni.usd] Warning: in _ReportErrors at line 3172 of /builds/omniverse/usd-ci/USD/pxr/usd/usd/stage.cpp -- In </World/envs/env_114/LinkerHand/pinky_tip/visuals>: Unresolved reference prim path @/tmp/IsaacLab/usd_20260807_105335_548/configuration/linkerhand_l20_left_physics.usd@</visuals/pinky_tip> introduced by @/tmp/IsaacLab/usd_20260807_105335_548/configuration/linkerhand_l20_left_base.usd@</linkerhand_l20_left/pinky_tip/visuals> (recomposing stage on stage @anon:0x6533d3be8570:World0.usd@ <0x6533d3bedb00>)

2026-08-07T17:53:36Z [9,535ms] [Warning] [omni.usd] Warning: in _ReportErrors at line 3172 of /builds/omniverse/usd-ci/USD/pxr/usd/usd/stage.cpp -- In </World/envs/env_115/LinkerHand/ring_tip/visuals>: Unresolved reference prim path @/tmp/IsaacLab/usd_20260807_105335_548/configuration/linkerhand_l20_left_physics.usd@</visuals/ring_tip> introduced by @/tmp/IsaacLab/usd_20260807_105335_548/configuration/linkerhand_l20_left_base.usd@</linkerhand_l20_left/ring_tip/visuals> (recomposing stage on stage @anon:0x6533d3be8570:World0.usd@ <0x6533d3bedb00>)

2026-08-07T17:53:36Z [9,535ms] [Warning] [omni.usd] Warning: in _ReportErrors at line 3172 of /builds/omniverse/usd-ci/USD/pxr/usd/usd/stage.cpp -- In </World/envs/env_108/LinkerHand/index_tip/visuals>: Unresolved reference prim path @/tmp/IsaacLab/usd_20260807_105335_548/configuration/linkerhand_l20_left_physics.usd@</visuals/index_tip> introduced by @/tmp/IsaacLab/usd_20260807_105335_548/configuration/linkerhand_l20_left_base.usd@</linkerhand_l20_left/index_tip/visuals> (recomposing stage on stage @anon:0x6533d3be8570:World0.usd@ <0x6533d3bedb00>)

2026-08-07T17:53:36Z [9,535ms] [Warning] [omni.usd] Warning: in _ReportErrors at line 3172 of /builds/omniverse/usd-ci/USD/pxr/usd/usd/stage.cpp -- In </World/envs/env_109/LinkerHand/index_tip/visuals>: Unresolved reference prim path @/tmp/IsaacLab/usd_20260807_105335_548/configuration/linkerhand_l20_left_physics.usd@</visuals/index_tip> introduced by @/tmp/IsaacLab/usd_20260807_105335_548/configuration/linkerhand_l20_left_base.usd@</linkerhand_l20_left/index_tip/visuals> (recomposing stage on stage @anon:0x6533d3be8570:World0.usd@ <0x6533d3bedb00>)

2026-08-07T17:53:36Z [9,535ms] [Warning] [omni.usd] Warning: in _ReportErrors at line 3172 of /builds/omniverse/usd-ci/USD/pxr/usd/usd/stage.cpp -- In </World/envs/env_114/LinkerHand/middle_tip/visuals>: Unresolved reference prim path @/tmp/IsaacLab/usd_20260807_105335_548/configuration/linkerhand_l20_left_physics.usd@</visuals/middle_tip> introduced by @/tmp/IsaacLab/usd_20260807_105335_548/configuration/linkerhand_l20_left_base.usd@</linkerhand_l20_left/middle_tip/visuals> (recomposing stage on stage @anon:0x6533d3be8570:World0.usd@ <0x6533d3bedb00>)

2026-08-07T17:53:36Z [9,535ms] [Warning] [omni.usd] Warning: in _ReportErrors at line 3172 of /builds/omniverse/usd-ci/USD/pxr/usd/usd/stage.cpp -- In </World/envs/env_115/LinkerHand/pinky_tip/visuals>: Unresolved reference prim path @/tmp/IsaacLab/usd_20260807_105335_548/configuration/linkerhand_l20_left_physics.usd@</visuals/pinky_tip> introduced by @/tmp/IsaacLab/usd_20260807_105335_548/configuration/linkerhand_l20_left_base.usd@</linkerhand_l20_left/pinky_tip/visuals> (recomposing stage on stage @anon:0x6533d3be8570:World0.usd@ <0x6533d3bedb00>)

2026-08-07T17:53:36Z [9,535ms] [Warning] [omni.usd] Warning: in _ReportErrors at line 3172 of /builds/omniverse/usd-ci/USD/pxr/usd/usd/stage.cpp -- In </World/envs/env_116/LinkerHand/thumb_tip/visuals>: Unresolved reference prim path @/tmp/IsaacLab/usd_20260807_105335_548/configuration/linkerhand_l20_left_physics.usd@</visuals/thumb_tip> introduced by @/tmp/IsaacLab/usd_20260807_105335_548/configuration/linkerhand_l20_left_base.usd@</linkerhand_l20_left/thumb_tip/visuals> (recomposing stage on stage @anon:0x6533d3be8570:World0.usd@ <0x6533d3bedb00>)

2026-08-07T17:53:36Z [9,535ms] [Warning] [omni.usd] Warning: in _ReportErrors at line 3172 of /builds/omniverse/usd-ci/USD/pxr/usd/usd/stage.cpp -- In </World/envs/env_116/Screwdriver/vitrual_link_2/visuals>: Unresolved reference prim path @/tmp/IsaacLab/usd_20260807_105335_5437/configuration/screwdriver_64mm_handle_physics.usd@</visuals/vitrual_link_2> introduced by @/tmp/IsaacLab/usd_20260807_105335_5437/configuration/screwdriver_64mm_handle_base.usd@</screwdriver_on_the_table_64mm_handle/vitrual_link_2/visuals> (recomposing stage on stage @anon:0x6533d3be8570:World0.usd@ <0x6533d3bedb00>)

2026-08-07T17:53:36Z [9,535ms] [Warning] [omni.usd] Warning: in _ReportErrors at line 3172 of /builds/omniverse/usd-ci/USD/pxr/usd/usd/stage.cpp -- In </World/envs/env_116/Screwdriver/vitrual_link_1/visuals>: Unresolved reference prim path @/tmp/IsaacLab/usd_20260807_105335_5437/configuration/screwdriver_64mm_handle_physics.usd@</visuals/vitrual_link_1> introduced by @/tmp/IsaacLab/usd_20260807_105335_5437/configuration/screwdriver_64mm_handle_base.usd@</screwdriver_on_the_table_64mm_handle/vitrual_link_1/visuals> (recomposing stage on stage @anon:0x6533d3be8570:World0.usd@ <0x6533d3bedb00>)

2026-08-07T17:53:36Z [9,535ms] [Warning] [omni.usd] Warning: in _ReportErrors at line 3172 of /builds/omniverse/usd-ci/USD/pxr/usd/usd/stage.cpp -- In </World/envs/env_114/LinkerHand/index_tip/visuals>: Unresolved reference prim path @/tmp/IsaacLab/usd_20260807_105335_548/configuration/linkerhand_l20_left_physics.usd@</visuals/index_tip> introduced by @/tmp/IsaacLab/usd_20260807_105335_548/configuration/linkerhand_l20_left_base.usd@</linkerhand_l20_left/index_tip/visuals> (recomposing stage on stage @anon:0x6533d3be8570:World0.usd@ <0x6533d3bedb00>)

2026-08-07T17:53:36Z [9,535ms] [Warning] [omni.usd] Warning: in _ReportErrors at line 3172 of /builds/omniverse/usd-ci/USD/pxr/usd/usd/stage.cpp -- In </World/envs/env_1/LinkerHand/index_tip/visuals>: Unresolved reference prim path @/tmp/IsaacLab/usd_20260807_105335_548/configuration/linkerhand_l20_left_physics.usd@</visuals/index_tip> introduced by @/tmp/IsaacLab/usd_20260807_105335_548/configuration/linkerhand_l20_left_base.usd@</linkerhand_l20_left/index_tip/visuals> (recomposing stage on stage @anon:0x6533d3be8570:World0.usd@ <0x6533d3bedb00>)

2026-08-07T17:53:36Z [9,535ms] [Warning] [omni.usd] Warning: in _ReportErrors at line 3172 of /builds/omniverse/usd-ci/USD/pxr/usd/usd/stage.cpp -- In </World/envs/env_115/LinkerHand/middle_tip/visuals>: Unresolved reference prim path @/tmp/IsaacLab/usd_20260807_105335_548/configuration/linkerhand_l20_left_physics.usd@</visuals/middle_tip> introduced by @/tmp/IsaacLab/usd_20260807_105335_548/configuration/linkerhand_l20_left_base.usd@</linkerhand_l20_left/middle_tip/visuals> (recomposing stage on stage @anon:0x6533d3be8570:World0.usd@ <0x6533d3bedb00>)

2026-08-07T17:53:36Z [9,535ms] [Warning] [omni.usd] Warning: in _ReportErrors at line 3172 of /builds/omniverse/usd-ci/USD/pxr/usd/usd/stage.cpp -- In </World/envs/env_113/LinkerHand/index_tip/visuals>: Unresolved reference prim path @/tmp/IsaacLab/usd_20260807_105335_548/configuration/linkerhand_l20_left_physics.usd@</visuals/index_tip> introduced by @/tmp/IsaacLab/usd_20260807_105335_548/configuration/linkerhand_l20_left_base.usd@</linkerhand_l20_left/index_tip/visuals> (recomposing stage on stage @anon:0x6533d3be8570:World0.usd@ <0x6533d3bedb00>)

2026-08-07T17:53:36Z [9,535ms] [Warning] [omni.usd] Warning: in _ReportErrors at line 3172 of /builds/omniverse/usd-ci/USD/pxr/usd/usd/stage.cpp -- In </World/envs/env_116/LinkerHand/ring_tip/visuals>: Unresolved reference prim path @/tmp/IsaacLab/usd_20260807_105335_548/configuration/linkerhand_l20_left_physics.usd@</visuals/ring_tip> introduced by @/tmp/IsaacLab/usd_20260807_105335_548/configuration/linkerhand_l20_left_base.usd@</linkerhand_l20_left/ring_tip/visuals> (recomposing stage on stage @anon:0x6533d3be8570:World0.usd@ <0x6533d3bedb00>)

2026-08-07T17:53:36Z [9,535ms] [Warning] [omni.usd] Warning: in _ReportErrors at line 3172 of /builds/omniverse/usd-ci/USD/pxr/usd/usd/stage.cpp -- In </World/envs/env_118/LinkerHand/thumb_tip/visuals>: Unresolved reference prim path @/tmp/IsaacLab/usd_20260807_105335_548/configuration/linkerhand_l20_left_physics.usd@</visuals/thumb_tip> introduced by @/tmp/IsaacLab/usd_20260807_105335_548/configuration/linkerhand_l20_left_base.usd@</linkerhand_l20_left/thumb_tip/visuals> (recomposing stage on stage @anon:0x6533d3be8570:World0.usd@ <0x6533d3bedb00>)

2026-08-07T17:53:36Z [9,535ms] [Warning] [omni.usd] Warning: in _ReportErrors at line 3172 of /builds/omniverse/usd-ci/USD/pxr/usd/usd/stage.cpp -- In </World/envs/env_117/Screwdriver/vitrual_link_2/visuals>: Unresolved reference prim path @/tmp/IsaacLab/usd_20260807_105335_5437/configuration/screwdriver_64mm_handle_physics.usd@</visuals/vitrual_link_2> introduced by @/tmp/IsaacLab/usd_20260807_105335_5437/configuration/screwdriver_64mm_handle_base.usd@</screwdriver_on_the_table_64mm_handle/vitrual_link_2/visuals> (recomposing stage on stage @anon:0x6533d3be8570:World0.usd@ <0x6533d3bedb00>)

2026-08-07T17:53:36Z [9,535ms] [Warning] [omni.usd] Warning: in _ReportErrors at line 3172 of /builds/omniverse/usd-ci/USD/pxr/usd/usd/stage.cpp -- In </World/envs/env_118/Screwdriver/vitrual_link_2/visuals>: Unresolved reference prim path @/tmp/IsaacLab/usd_20260807_105335_5437/configuration/screwdriver_64mm_handle_physics.usd@</visuals/vitrual_link_2> introduced by @/tmp/IsaacLab/usd_20260807_105335_5437/configuration/screwdriver_64mm_handle_base.usd@</screwdriver_on_the_table_64mm_handle/vitrual_link_2/visuals> (recomposing stage on stage @anon:0x6533d3be8570:World0.usd@ <0x6533d3bedb00>)

2026-08-07T17:53:36Z [9,535ms] [Warning] [omni.usd] Warning: in _ReportErrors at line 3172 of /builds/omniverse/usd-ci/USD/pxr/usd/usd/stage.cpp -- In </World/envs/env_117/Screwdriver/vitrual_link_1/visuals>: Unresolved reference prim path @/tmp/IsaacLab/usd_20260807_105335_5437/configuration/screwdriver_64mm_handle_physics.usd@</visuals/vitrual_link_1> introduced by @/tmp/IsaacLab/usd_20260807_105335_5437/configuration/screwdriver_64mm_handle_base.usd@</screwdriver_on_the_table_64mm_handle/vitrual_link_1/visuals> (recomposing stage on stage @anon:0x6533d3be8570:World0.usd@ <0x6533d3bedb00>)

2026-08-07T17:53:36Z [9,535ms] [Warning] [omni.usd] Warning: in _ReportErrors at line 3172 of /builds/omniverse/usd-ci/USD/pxr/usd/usd/stage.cpp -- In </World/envs/env_115/LinkerHand/index_tip/visuals>: Unresolved reference prim path @/tmp/IsaacLab/usd_20260807_105335_548/configuration/linkerhand_l20_left_physics.usd@</visuals/index_tip> introduced by @/tmp/IsaacLab/usd_20260807_105335_548/configuration/linkerhand_l20_left_base.usd@</linkerhand_l20_left/index_tip/visuals> (recomposing stage on stage @anon:0x6533d3be8570:World0.usd@ <0x6533d3bedb00>)

2026-08-07T17:53:36Z [9,535ms] [Warning] [omni.usd] Warning: in _ReportErrors at line 3172 of /builds/omniverse/usd-ci/USD/pxr/usd/usd/stage.cpp -- In </World/envs/env_118/Screwdriver/vitrual_link_1/visuals>: Unresolved reference prim path @/tmp/IsaacLab/usd_20260807_105335_5437/configuration/screwdriver_64mm_handle_physics.usd@</visuals/vitrual_link_1> introduced by @/tmp/IsaacLab/usd_20260807_105335_5437/configuration/screwdriver_64mm_handle_base.usd@</screwdriver_on_the_table_64mm_handle/vitrual_link_1/visuals> (recomposing stage on stage @anon:0x6533d3be8570:World0.usd@ <0x6533d3bedb00>)

2026-08-07T17:53:36Z [9,535ms] [Warning] [omni.usd] Warning: in _ReportErrors at line 3172 of /builds/omniverse/usd-ci/USD/pxr/usd/usd/stage.cpp -- In </World/envs/env_116/LinkerHand/pinky_tip/visuals>: Unresolved reference prim path @/tmp/IsaacLab/usd_20260807_105335_548/configuration/linkerhand_l20_left_physics.usd@</visuals/pinky_tip> introduced by @/tmp/IsaacLab/usd_20260807_105335_548/configuration/linkerhand_l20_left_base.usd@</linkerhand_l20_left/pinky_tip/visuals> (recomposing stage on stage @anon:0x6533d3be8570:World0.usd@ <0x6533d3bedb00>)

2026-08-07T17:53:36Z [9,535ms] [Warning] [omni.usd] Warning: in _ReportErrors at line 3172 of /builds/omniverse/usd-ci/USD/pxr/usd/usd/stage.cpp -- In </World/envs/env_117/LinkerHand/thumb_tip/visuals>: Unresolved reference prim path @/tmp/IsaacLab/usd_20260807_105335_548/configuration/linkerhand_l20_left_physics.usd@</visuals/thumb_tip> introduced by @/tmp/IsaacLab/usd_20260807_105335_548/configuration/linkerhand_l20_left_base.usd@</linkerhand_l20_left/thumb_tip/visuals> (recomposing stage on stage @anon:0x6533d3be8570:World0.usd@ <0x6533d3bedb00>)

2026-08-07T17:53:36Z [9,535ms] [Warning] [omni.usd] Warning: in _ReportErrors at line 3172 of /builds/omniverse/usd-ci/USD/pxr/usd/usd/stage.cpp -- In </World/envs/env_118/LinkerHand/ring_tip/visuals>: Unresolved reference prim path @/tmp/IsaacLab/usd_20260807_105335_548/configuration/linkerhand_l20_left_physics.usd@</visuals/ring_tip> introduced by @/tmp/IsaacLab/usd_20260807_105335_548/configuration/linkerhand_l20_left_base.usd@</linkerhand_l20_left/ring_tip/visuals> (recomposing stage on stage @anon:0x6533d3be8570:World0.usd@ <0x6533d3bedb00>)

2026-08-07T17:53:36Z [9,535ms] [Warning] [omni.usd] Warning: in _ReportErrors at line 3172 of /builds/omniverse/usd-ci/USD/pxr/usd/usd/stage.cpp -- In </World/envs/env_119/LinkerHand/thumb_tip/visuals>: Unresolved reference prim path @/tmp/IsaacLab/usd_20260807_105335_548/configuration/linkerhand_l20_left_physics.usd@</visuals/thumb_tip> introduced by @/tmp/IsaacLab/usd_20260807_105335_548/configuration/linkerhand_l20_left_base.usd@</linkerhand_l20_left/thumb_tip/visuals> (recomposing stage on stage @anon:0x6533d3be8570:World0.usd@ <0x6533d3bedb00>)

2026-08-07T17:53:36Z [9,535ms] [Warning] [omni.usd] Warning: in _ReportErrors at line 3172 of /builds/omniverse/usd-ci/USD/pxr/usd/usd/stage.cpp -- In </World/envs/env_100/LinkerHand/middle_tip/visuals>: Unresolved reference prim path @/tmp/IsaacLab/usd_20260807_105335_548/configuration/linkerhand_l20_left_physics.usd@</visuals/middle_tip> introduced by @/tmp/IsaacLab/usd_20260807_105335_548/configuration/linkerhand_l20_left_base.usd@</linkerhand_l20_left/middle_tip/visuals> (recomposing stage on stage @anon:0x6533d3be8570:World0.usd@ <0x6533d3bedb00>)

2026-08-07T17:53:36Z [9,535ms] [Warning] [omni.usd] Warning: in _ReportErrors at line 3172 of /builds/omniverse/usd-ci/USD/pxr/usd/usd/stage.cpp -- In </World/envs/env_116/LinkerHand/middle_tip/visuals>: Unresolved reference prim path @/tmp/IsaacLab/usd_20260807_105335_548/configuration/linkerhand_l20_left_physics.usd@</visuals/middle_tip> introduced by @/tmp/IsaacLab/usd_20260807_105335_548/configuration/linkerhand_l20_left_base.usd@</linkerhand_l20_left/middle_tip/visuals> (recomposing stage on stage @anon:0x6533d3be8570:World0.usd@ <0x6533d3bedb00>)

2026-08-07T17:53:36Z [9,535ms] [Warning] [omni.usd] Warning: in _ReportErrors at line 3172 of /builds/omniverse/usd-ci/USD/pxr/usd/usd/stage.cpp -- In </World/envs/env_119/Screwdriver/vitrual_link_2/visuals>: Unresolved reference prim path @/tmp/IsaacLab/usd_20260807_105335_5437/configuration/screwdriver_64mm_handle_physics.usd@</visuals/vitrual_link_2> introduced by @/tmp/IsaacLab/usd_20260807_105335_5437/configuration/screwdriver_64mm_handle_base.usd@</screwdriver_on_the_table_64mm_handle/vitrual_link_2/visuals> (recomposing stage on stage @anon:0x6533d3be8570:World0.usd@ <0x6533d3bedb00>)

2026-08-07T17:53:36Z [9,535ms] [Warning] [omni.usd] Warning: in _ReportErrors at line 3172 of /builds/omniverse/usd-ci/USD/pxr/usd/usd/stage.cpp -- In </World/envs/env_119/Screwdriver/vitrual_link_1/visuals>: Unresolved reference prim path @/tmp/IsaacLab/usd_20260807_105335_5437/configuration/screwdriver_64mm_handle_physics.usd@</visuals/vitrual_link_1> introduced by @/tmp/IsaacLab/usd_20260807_105335_5437/configuration/screwdriver_64mm_handle_base.usd@</screwdriver_on_the_table_64mm_handle/vitrual_link_1/visuals> (recomposing stage on stage @anon:0x6533d3be8570:World0.usd@ <0x6533d3bedb00>)

2026-08-07T17:53:36Z [9,535ms] [Warning] [omni.usd] Warning: in _ReportErrors at line 3172 of /builds/omniverse/usd-ci/USD/pxr/usd/usd/stage.cpp -- In </World/envs/env_117/LinkerHand/ring_tip/visuals>: Unresolved reference prim path @/tmp/IsaacLab/usd_20260807_105335_548/configuration/linkerhand_l20_left_physics.usd@</visuals/ring_tip> introduced by @/tmp/IsaacLab/usd_20260807_105335_548/configuration/linkerhand_l20_left_base.usd@</linkerhand_l20_left/ring_tip/visuals> (recomposing stage on stage @anon:0x6533d3be8570:World0.usd@ <0x6533d3bedb00>)

2026-08-07T17:53:36Z [9,535ms] [Warning] [omni.usd] Warning: in _ReportErrors at line 3172 of /builds/omniverse/usd-ci/USD/pxr/usd/usd/stage.cpp -- In </World/envs/env_118/LinkerHand/pinky_tip/visuals>: Unresolved reference prim path @/tmp/IsaacLab/usd_20260807_105335_548/configuration/linkerhand_l20_left_physics.usd@</visuals/pinky_tip> introduced by @/tmp/IsaacLab/usd_20260807_105335_548/configuration/linkerhand_l20_left_base.usd@</linkerhand_l20_left/pinky_tip/visuals> (recomposing stage on stage @anon:0x6533d3be8570:World0.usd@ <0x6533d3bedb00>)

2026-08-07T17:53:36Z [9,535ms] [Warning] [omni.usd] Warning: in _ReportErrors at line 3172 of /builds/omniverse/usd-ci/USD/pxr/usd/usd/stage.cpp -- In </World/envs/env_116/LinkerHand/index_tip/visuals>: Unresolved reference prim path @/tmp/IsaacLab/usd_20260807_105335_548/configuration/linkerhand_l20_left_physics.usd@</visuals/index_tip> introduced by @/tmp/IsaacLab/usd_20260807_105335_548/configuration/linkerhand_l20_left_base.usd@</linkerhand_l20_left/index_tip/visuals> (recomposing stage on stage @anon:0x6533d3be8570:World0.usd@ <0x6533d3bedb00>)

2026-08-07T17:53:36Z [9,535ms] [Warning] [omni.usd] Warning: in _ReportErrors at line 3172 of /builds/omniverse/usd-ci/USD/pxr/usd/usd/stage.cpp -- In </World/envs/env_1/LinkerHand/middle_tip/visuals>: Unresolved reference prim path @/tmp/IsaacLab/usd_20260807_105335_548/configuration/linkerhand_l20_left_physics.usd@</visuals/middle_tip> introduced by @/tmp/IsaacLab/usd_20260807_105335_548/configuration/linkerhand_l20_left_base.usd@</linkerhand_l20_left/middle_tip/visuals> (recomposing stage on stage @anon:0x6533d3be8570:World0.usd@ <0x6533d3bedb00>)

2026-08-07T17:53:36Z [9,535ms] [Warning] [omni.usd] Warning: in _ReportErrors at line 3172 of /builds/omniverse/usd-ci/USD/pxr/usd/usd/stage.cpp -- In </World/envs/env_11/LinkerHand/index_tip/visuals>: Unresolved reference prim path @/tmp/IsaacLab/usd_20260807_105335_548/configuration/linkerhand_l20_left_physics.usd@</visuals/index_tip> introduced by @/tmp/IsaacLab/usd_20260807_105335_548/configuration/linkerhand_l20_left_base.usd@</linkerhand_l20_left/index_tip/visuals> (recomposing stage on stage @anon:0x6533d3be8570:World0.usd@ <0x6533d3bedb00>)

2026-08-07T17:53:36Z [9,535ms] [Warning] [omni.usd] Warning: in _ReportErrors at line 3172 of /builds/omniverse/usd-ci/USD/pxr/usd/usd/stage.cpp -- In </World/envs/env_102/LinkerHand/thumb_tip/visuals>: Unresolved reference prim path @/tmp/IsaacLab/usd_20260807_105335_548/configuration/linkerhand_l20_left_physics.usd@</visuals/thumb_tip> introduced by @/tmp/IsaacLab/usd_20260807_105335_548/configuration/linkerhand_l20_left_base.usd@</linkerhand_l20_left/thumb_tip/visuals> (recomposing stage on stage @anon:0x6533d3be8570:World0.usd@ <0x6533d3bedb00>)

2026-08-07T17:53:36Z [9,535ms] [Warning] [omni.usd] Warning: in _ReportErrors at line 3172 of /builds/omniverse/usd-ci/USD/pxr/usd/usd/stage.cpp -- In </World/envs/env_108/LinkerHand/middle_tip/visuals>: Unresolved reference prim path @/tmp/IsaacLab/usd_20260807_105335_548/configuration/linkerhand_l20_left_physics.usd@</visuals/middle_tip> introduced by @/tmp/IsaacLab/usd_20260807_105335_548/configuration/linkerhand_l20_left_base.usd@</linkerhand_l20_left/middle_tip/visuals> (recomposing stage on stage @anon:0x6533d3be8570:World0.usd@ <0x6533d3bedb00>)

2026-08-07T17:53:36Z [9,535ms] [Warning] [omni.usd] Warning: in _ReportErrors at line 3172 of /builds/omniverse/usd-ci/USD/pxr/usd/usd/stage.cpp -- In </World/envs/env_118/LinkerHand/middle_tip/visuals>: Unresolved reference prim path @/tmp/IsaacLab/usd_20260807_105335_548/configuration/linkerhand_l20_left_physics.usd@</visuals/middle_tip> introduced by @/tmp/IsaacLab/usd_20260807_105335_548/configuration/linkerhand_l20_left_base.usd@</linkerhand_l20_left/middle_tip/visuals> (recomposing stage on stage @anon:0x6533d3be8570:World0.usd@ <0x6533d3bedb00>)

2026-08-07T17:53:36Z [9,535ms] [Warning] [omni.usd] Warning: in _ReportErrors at line 3172 of /builds/omniverse/usd-ci/USD/pxr/usd/usd/stage.cpp -- In </World/envs/env_101/Screwdriver/vitrual_link_2/visuals>: Unresolved reference prim path @/tmp/IsaacLab/usd_20260807_105335_5437/configuration/screwdriver_64mm_handle_physics.usd@</visuals/vitrual_link_2> introduced by @/tmp/IsaacLab/usd_20260807_105335_5437/configuration/screwdriver_64mm_handle_base.usd@</screwdriver_on_the_table_64mm_handle/vitrual_link_2/visuals> (recomposing stage on stage @anon:0x6533d3be8570:World0.usd@ <0x6533d3bedb00>)

2026-08-07T17:53:36Z [9,535ms] [Warning] [omni.usd] Warning: in _ReportErrors at line 3172 of /builds/omniverse/usd-ci/USD/pxr/usd/usd/stage.cpp -- In </World/envs/env_101/Screwdriver/vitrual_link_1/visuals>: Unresolved reference prim path @/tmp/IsaacLab/usd_20260807_105335_5437/configuration/screwdriver_64mm_handle_physics.usd@</visuals/vitrual_link_1> introduced by @/tmp/IsaacLab/usd_20260807_105335_5437/configuration/screwdriver_64mm_handle_base.usd@</screwdriver_on_the_table_64mm_handle/vitrual_link_1/visuals> (recomposing stage on stage @anon:0x6533d3be8570:World0.usd@ <0x6533d3bedb00>)

2026-08-07T17:53:36Z [9,535ms] [Warning] [omni.usd] Warning: in _ReportErrors at line 3172 of /builds/omniverse/usd-ci/USD/pxr/usd/usd/stage.cpp -- In </World/envs/env_121/Screwdriver/vitrual_link_2/visuals>: Unresolved reference prim path @/tmp/IsaacLab/usd_20260807_105335_5437/configuration/screwdriver_64mm_handle_physics.usd@</visuals/vitrual_link_2> introduced by @/tmp/IsaacLab/usd_20260807_105335_5437/configuration/screwdriver_64mm_handle_base.usd@</screwdriver_on_the_table_64mm_handle/vitrual_link_2/visuals> (recomposing stage on stage @anon:0x6533d3be8570:World0.usd@ <0x6533d3bedb00>)

2026-08-07T17:53:36Z [9,535ms] [Warning] [omni.usd] Warning: in _ReportErrors at line 3172 of /builds/omniverse/usd-ci/USD/pxr/usd/usd/stage.cpp -- In </World/envs/env_121/Screwdriver/vitrual_link_1/visuals>: Unresolved reference prim path @/tmp/IsaacLab/usd_20260807_105335_5437/configuration/screwdriver_64mm_handle_physics.usd@</visuals/vitrual_link_1> introduced by @/tmp/IsaacLab/usd_20260807_105335_5437/configuration/screwdriver_64mm_handle_base.usd@</screwdriver_on_the_table_64mm_handle/vitrual_link_1/visuals> (recomposing stage on stage @anon:0x6533d3be8570:World0.usd@ <0x6533d3bedb00>)

2026-08-07T17:53:36Z [9,535ms] [Warning] [omni.usd] Warning: in _ReportErrors at line 3172 of /builds/omniverse/usd-ci/USD/pxr/usd/usd/stage.cpp -- In </World/envs/env_120/LinkerHand/thumb_tip/visuals>: Unresolved reference prim path @/tmp/IsaacLab/usd_20260807_105335_548/configuration/linkerhand_l20_left_physics.usd@</visuals/thumb_tip> introduced by @/tmp/IsaacLab/usd_20260807_105335_548/configuration/linkerhand_l20_left_base.usd@</linkerhand_l20_left/thumb_tip/visuals> (recomposing stage on stage @anon:0x6533d3be8570:World0.usd@ <0x6533d3bedb00>)

2026-08-07T17:53:36Z [9,535ms] [Warning] [omni.usd] Warning: in _ReportErrors at line 3172 of /builds/omniverse/usd-ci/USD/pxr/usd/usd/stage.cpp -- In </World/envs/env_101/LinkerHand/thumb_tip/visuals>: Unresolved reference prim path @/tmp/IsaacLab/usd_20260807_105335_548/configuration/linkerhand_l20_left_physics.usd@</visuals/thumb_tip> introduced by @/tmp/IsaacLab/usd_20260807_105335_548/configuration/linkerhand_l20_left_base.usd@</linkerhand_l20_left/thumb_tip/visuals> (recomposing stage on stage @anon:0x6533d3be8570:World0.usd@ <0x6533d3bedb00>)

2026-08-07T17:53:36Z [9,535ms] [Warning] [omni.usd] Warning: in _ReportErrors at line 3172 of /builds/omniverse/usd-ci/USD/pxr/usd/usd/stage.cpp -- In </World/envs/env_121/LinkerHand/thumb_tip/visuals>: Unresolved reference prim path @/tmp/IsaacLab/usd_20260807_105335_548/configuration/linkerhand_l20_left_physics.usd@</visuals/thumb_tip> introduced by @/tmp/IsaacLab/usd_20260807_105335_548/configuration/linkerhand_l20_left_base.usd@</linkerhand_l20_left/thumb_tip/visuals> (recomposing stage on stage @anon:0x6533d3be8570:World0.usd@ <0x6533d3bedb00>)

2026-08-07T17:53:36Z [9,535ms] [Warning] [omni.usd] Warning: in _ReportErrors at line 3172 of /builds/omniverse/usd-ci/USD/pxr/usd/usd/stage.cpp -- In </World/envs/env_122/Screwdriver/vitrual_link_2/visuals>: Unresolved reference prim path @/tmp/IsaacLab/usd_20260807_105335_5437/configuration/screwdriver_64mm_handle_physics.usd@</visuals/vitrual_link_2> introduced by @/tmp/IsaacLab/usd_20260807_105335_5437/configuration/screwdriver_64mm_handle_base.usd@</screwdriver_on_the_table_64mm_handle/vitrual_link_2/visuals> (recomposing stage on stage @anon:0x6533d3be8570:World0.usd@ <0x6533d3bedb00>)

2026-08-07T17:53:36Z [9,535ms] [Warning] [omni.usd] Warning: in _ReportErrors at line 3172 of /builds/omniverse/usd-ci/USD/pxr/usd/usd/stage.cpp -- In </World/envs/env_122/Screwdriver/vitrual_link_1/visuals>: Unresolved reference prim path @/tmp/IsaacLab/usd_20260807_105335_5437/configuration/screwdriver_64mm_handle_physics.usd@</visuals/vitrual_link_1> introduced by @/tmp/IsaacLab/usd_20260807_105335_5437/configuration/screwdriver_64mm_handle_base.usd@</screwdriver_on_the_table_64mm_handle/vitrual_link_1/visuals> (recomposing stage on stage @anon:0x6533d3be8570:World0.usd@ <0x6533d3bedb00>)

2026-08-07T17:53:36Z [9,535ms] [Warning] [omni.usd] Warning: in _ReportErrors at line 3172 of /builds/omniverse/usd-ci/USD/pxr/usd/usd/stage.cpp -- In </World/envs/env_122/LinkerHand/thumb_tip/visuals>: Unresolved reference prim path @/tmp/IsaacLab/usd_20260807_105335_548/configuration/linkerhand_l20_left_physics.usd@</visuals/thumb_tip> introduced by @/tmp/IsaacLab/usd_20260807_105335_548/configuration/linkerhand_l20_left_base.usd@</linkerhand_l20_left/thumb_tip/visuals> (recomposing stage on stage @anon:0x6533d3be8570:World0.usd@ <0x6533d3bedb00>)

2026-08-07T17:53:36Z [9,535ms] [Warning] [omni.usd] Warning: in _ReportErrors at line 3172 of /builds/omniverse/usd-ci/USD/pxr/usd/usd/stage.cpp -- In </World/envs/env_99/Screwdriver/vitrual_link_2/visuals>: Unresolved reference prim path @/tmp/IsaacLab/usd_20260807_105335_5437/configuration/screwdriver_64mm_handle_physics.usd@</visuals/vitrual_link_2> introduced by @/tmp/IsaacLab/usd_20260807_105335_5437/configuration/screwdriver_64mm_handle_base.usd@</screwdriver_on_the_table_64mm_handle/vitrual_link_2/visuals> (recomposing stage on stage @anon:0x6533d3be8570:World0.usd@ <0x6533d3bedb00>)

2026-08-07T17:53:36Z [9,535ms] [Warning] [omni.usd] Warning: in _ReportErrors at line 3172 of /builds/omniverse/usd-ci/USD/pxr/usd/usd/stage.cpp -- In </World/envs/env_99/Screwdriver/vitrual_link_1/visuals>: Unresolved reference prim path @/tmp/IsaacLab/usd_20260807_105335_5437/configuration/screwdriver_64mm_handle_physics.usd@</visuals/vitrual_link_1> introduced by @/tmp/IsaacLab/usd_20260807_105335_5437/configuration/screwdriver_64mm_handle_base.usd@</screwdriver_on_the_table_64mm_handle/vitrual_link_1/visuals> (recomposing stage on stage @anon:0x6533d3be8570:World0.usd@ <0x6533d3bedb00>)

2026-08-07T17:53:36Z [9,535ms] [Warning] [omni.usd] Warning: in _ReportErrors at line 3172 of /builds/omniverse/usd-ci/USD/pxr/usd/usd/stage.cpp -- In </World/envs/env_11/LinkerHand/middle_tip/visuals>: Unresolved reference prim path @/tmp/IsaacLab/usd_20260807_105335_548/configuration/linkerhand_l20_left_physics.usd@</visuals/middle_tip> introduced by @/tmp/IsaacLab/usd_20260807_105335_548/configuration/linkerhand_l20_left_base.usd@</linkerhand_l20_left/middle_tip/visuals> (recomposing stage on stage @anon:0x6533d3be8570:World0.usd@ <0x6533d3bedb00>)

2026-08-07T17:53:36Z [9,535ms] [Warning] [omni.usd] Warning: in _ReportErrors at line 3172 of /builds/omniverse/usd-ci/USD/pxr/usd/usd/stage.cpp -- In </World/envs/env_120/Screwdriver/vitrual_link_2/visuals>: Unresolved reference prim path @/tmp/IsaacLab/usd_20260807_105335_5437/configuration/screwdriver_64mm_handle_physics.usd@</visuals/vitrual_link_2> introduced by @/tmp/IsaacLab/usd_20260807_105335_5437/configuration/screwdriver_64mm_handle_base.usd@</screwdriver_on_the_table_64mm_handle/vitrual_link_2/visuals> (recomposing stage on stage @anon:0x6533d3be8570:World0.usd@ <0x6533d3bedb00>)

2026-08-07T17:53:36Z [9,535ms] [Warning] [omni.usd] Warning: in _ReportErrors at line 3172 of /builds/omniverse/usd-ci/USD/pxr/usd/usd/stage.cpp -- In </World/envs/env_99/LinkerHand/thumb_tip/visuals>: Unresolved reference prim path @/tmp/IsaacLab/usd_20260807_105335_548/configuration/linkerhand_l20_left_physics.usd@</visuals/thumb_tip> introduced by @/tmp/IsaacLab/usd_20260807_105335_548/configuration/linkerhand_l20_left_base.usd@</linkerhand_l20_left/thumb_tip/visuals> (recomposing stage on stage @anon:0x6533d3be8570:World0.usd@ <0x6533d3bedb00>)

2026-08-07T17:53:36Z [9,535ms] [Warning] [omni.usd] Warning: in _ReportErrors at line 3172 of /builds/omniverse/usd-ci/USD/pxr/usd/usd/stage.cpp -- In </World/envs/env_120/Screwdriver/vitrual_link_1/visuals>: Unresolved reference prim path @/tmp/IsaacLab/usd_20260807_105335_5437/configuration/screwdriver_64mm_handle_physics.usd@</visuals/vitrual_link_1> introduced by @/tmp/IsaacLab/usd_20260807_105335_5437/configuration/screwdriver_64mm_handle_base.usd@</screwdriver_on_the_table_64mm_handle/vitrual_link_1/visuals> (recomposing stage on stage @anon:0x6533d3be8570:World0.usd@ <0x6533d3bedb00>)

2026-08-07T17:53:36Z [9,535ms] [Warning] [omni.usd] Warning: in _ReportErrors at line 3172 of /builds/omniverse/usd-ci/USD/pxr/usd/usd/stage.cpp -- In </World/envs/env_100/Screwdriver/vitrual_link_2/visuals>: Unresolved reference prim path @/tmp/IsaacLab/usd_20260807_105335_5437/configuration/screwdriver_64mm_handle_physics.usd@</visuals/vitrual_link_2> introduced by @/tmp/IsaacLab/usd_20260807_105335_5437/configuration/screwdriver_64mm_handle_base.usd@</screwdriver_on_the_table_64mm_handle/vitrual_link_2/visuals> (recomposing stage on stage @anon:0x6533d3be8570:World0.usd@ <0x6533d3bedb00>)

2026-08-07T17:53:36Z [9,535ms] [Warning] [omni.usd] Warning: in _ReportErrors at line 3172 of /builds/omniverse/usd-ci/USD/pxr/usd/usd/stage.cpp -- In </World/envs/env_105/LinkerHand/thumb_tip/visuals>: Unresolved reference prim path @/tmp/IsaacLab/usd_20260807_105335_548/configuration/linkerhand_l20_left_physics.usd@</visuals/thumb_tip> introduced by @/tmp/IsaacLab/usd_20260807_105335_548/configuration/linkerhand_l20_left_base.usd@</linkerhand_l20_left/thumb_tip/visuals> (recomposing stage on stage @anon:0x6533d3be8570:World0.usd@ <0x6533d3bedb00>)

2026-08-07T17:53:36Z [9,535ms] [Warning] [omni.usd] Warning: in _ReportErrors at line 3172 of /builds/omniverse/usd-ci/USD/pxr/usd/usd/stage.cpp -- In </World/envs/env_108/LinkerHand/thumb_tip/visuals>: Unresolved reference prim path @/tmp/IsaacLab/usd_20260807_105335_548/configuration/linkerhand_l20_left_physics.usd@</visuals/thumb_tip> introduced by @/tmp/IsaacLab/usd_20260807_105335_548/configuration/linkerhand_l20_left_base.usd@</linkerhand_l20_left/thumb_tip/visuals> (recomposing stage on stage @anon:0x6533d3be8570:World0.usd@ <0x6533d3bedb00>)

2026-08-07T17:53:36Z [9,535ms] [Warning] [omni.usd] Warning: in _ReportErrors at line 3172 of /builds/omniverse/usd-ci/USD/pxr/usd/usd/stage.cpp -- In </World/envs/env_118/LinkerHand/index_tip/visuals>: Unresolved reference prim path @/tmp/IsaacLab/usd_20260807_105335_548/configuration/linkerhand_l20_left_physics.usd@</visuals/index_tip> introduced by @/tmp/IsaacLab/usd_20260807_105335_548/configuration/linkerhand_l20_left_base.usd@</linkerhand_l20_left/index_tip/visuals> (recomposing stage on stage @anon:0x6533d3be8570:World0.usd@ <0x6533d3bedb00>)

2026-08-07T17:53:36Z [9,535ms] [Warning] [omni.usd] Warning: in _ReportErrors at line 3172 of /builds/omniverse/usd-ci/USD/pxr/usd/usd/stage.cpp -- In </World/envs/env_119/LinkerHand/ring_tip/visuals>: Unresolved reference prim path @/tmp/IsaacLab/usd_20260807_105335_548/configuration/linkerhand_l20_left_physics.usd@</visuals/ring_tip> introduced by @/tmp/IsaacLab/usd_20260807_105335_548/configuration/linkerhand_l20_left_base.usd@</linkerhand_l20_left/ring_tip/visuals> (recomposing stage on stage @anon:0x6533d3be8570:World0.usd@ <0x6533d3bedb00>)

2026-08-07T17:53:36Z [9,535ms] [Warning] [omni.usd] Warning: in _ReportErrors at line 3172 of /builds/omniverse/usd-ci/USD/pxr/usd/usd/stage.cpp -- In </World/envs/env_100/Screwdriver/vitrual_link_1/visuals>: Unresolved reference prim path @/tmp/IsaacLab/usd_20260807_105335_5437/configuration/screwdriver_64mm_handle_physics.usd@</visuals/vitrual_link_1> introduced by @/tmp/IsaacLab/usd_20260807_105335_5437/configuration/screwdriver_64mm_handle_base.usd@</screwdriver_on_the_table_64mm_handle/vitrual_link_1/visuals> (recomposing stage on stage @anon:0x6533d3be8570:World0.usd@ <0x6533d3bedb00>)

2026-08-07T17:53:36Z [9,535ms] [Warning] [omni.usd] Warning: in _ReportErrors at line 3172 of /builds/omniverse/usd-ci/USD/pxr/usd/usd/stage.cpp -- In </World/envs/env_1/LinkerHand/pinky_tip/visuals>: Unresolved reference prim path @/tmp/IsaacLab/usd_20260807_105335_548/configuration/linkerhand_l20_left_physics.usd@</visuals/pinky_tip> introduced by @/tmp/IsaacLab/usd_20260807_105335_548/configuration/linkerhand_l20_left_base.usd@</linkerhand_l20_left/pinky_tip/visuals> (recomposing stage on stage @anon:0x6533d3be8570:World0.usd@ <0x6533d3bedb00>)

2026-08-07T17:53:36Z [9,535ms] [Warning] [omni.usd] Warning: in _ReportErrors at line 3172 of /builds/omniverse/usd-ci/USD/pxr/usd/usd/stage.cpp -- In </World/envs/env_108/LinkerHand/pinky_tip/visuals>: Unresolved reference prim path @/tmp/IsaacLab/usd_20260807_105335_548/configuration/linkerhand_l20_left_physics.usd@</visuals/pinky_tip> introduced by @/tmp/IsaacLab/usd_20260807_105335_548/configuration/linkerhand_l20_left_base.usd@</linkerhand_l20_left/pinky_tip/visuals> (recomposing stage on stage @anon:0x6533d3be8570:World0.usd@ <0x6533d3bedb00>)

2026-08-07T17:53:36Z [9,535ms] [Warning] [omni.usd] Warning: in _ReportErrors at line 3172 of /builds/omniverse/usd-ci/USD/pxr/usd/usd/stage.cpp -- In </World/envs/env_119/LinkerHand/pinky_tip/visuals>: Unresolved reference prim path @/tmp/IsaacLab/usd_20260807_105335_548/configuration/linkerhand_l20_left_physics.usd@</visuals/pinky_tip> introduced by @/tmp/IsaacLab/usd_20260807_105335_548/configuration/linkerhand_l20_left_base.usd@</linkerhand_l20_left/pinky_tip/visuals> (recomposing stage on stage @anon:0x6533d3be8570:World0.usd@ <0x6533d3bedb00>)

2026-08-07T17:53:36Z [9,535ms] [Warning] [omni.usd] Warning: in _ReportErrors at line 3172 of /builds/omniverse/usd-ci/USD/pxr/usd/usd/stage.cpp -- In </World/envs/env_12/LinkerHand/thumb_tip/visuals>: Unresolved reference prim path @/tmp/IsaacLab/usd_20260807_105335_548/configuration/linkerhand_l20_left_physics.usd@</visuals/thumb_tip> introduced by @/tmp/IsaacLab/usd_20260807_105335_548/configuration/linkerhand_l20_left_base.usd@</linkerhand_l20_left/thumb_tip/visuals> (recomposing stage on stage @anon:0x6533d3be8570:World0.usd@ <0x6533d3bedb00>)

2026-08-07T17:53:36Z [9,535ms] [Warning] [omni.usd] Warning: in _ReportErrors at line 3172 of /builds/omniverse/usd-ci/USD/pxr/usd/usd/stage.cpp -- In </World/envs/env_113/LinkerHand/ring_tip/visuals>: Unresolved reference prim path @/tmp/IsaacLab/usd_20260807_105335_548/configuration/linkerhand_l20_left_physics.usd@</visuals/ring_tip> introduced by @/tmp/IsaacLab/usd_20260807_105335_548/configuration/linkerhand_l20_left_base.usd@</linkerhand_l20_left/ring_tip/visuals> (recomposing stage on stage @anon:0x6533d3be8570:World0.usd@ <0x6533d3bedb00>)

2026-08-07T17:53:36Z [9,535ms] [Warning] [omni.usd] Warning: in _ReportErrors at line 3172 of /builds/omniverse/usd-ci/USD/pxr/usd/usd/stage.cpp -- In </World/envs/env_119/LinkerHand/index_tip/visuals>: Unresolved reference prim path @/tmp/IsaacLab/usd_20260807_105335_548/configuration/linkerhand_l20_left_physics.usd@</visuals/index_tip> introduced by @/tmp/IsaacLab/usd_20260807_105335_548/configuration/linkerhand_l20_left_base.usd@</linkerhand_l20_left/index_tip/visuals> (recomposing stage on stage @anon:0x6533d3be8570:World0.usd@ <0x6533d3bedb00>)

2026-08-07T17:53:36Z [9,535ms] [Warning] [omni.usd] Warning: in _ReportErrors at line 3172 of /builds/omniverse/usd-ci/USD/pxr/usd/usd/stage.cpp -- In </World/envs/env_12/Screwdriver/vitrual_link_1/visuals>: Unresolved reference prim path @/tmp/IsaacLab/usd_20260807_105335_5437/configuration/screwdriver_64mm_handle_physics.usd@</visuals/vitrual_link_1> introduced by @/tmp/IsaacLab/usd_20260807_105335_5437/configuration/screwdriver_64mm_handle_base.usd@</screwdriver_on_the_table_64mm_handle/vitrual_link_1/visuals> (recomposing stage on stage @anon:0x6533d3be8570:World0.usd@ <0x6533d3bedb00>)

2026-08-07T17:53:36Z [9,535ms] [Warning] [omni.usd] Warning: in _ReportErrors at line 3172 of /builds/omniverse/usd-ci/USD/pxr/usd/usd/stage.cpp -- In </World/envs/env_113/LinkerHand/pinky_tip/visuals>: Unresolved reference prim path @/tmp/IsaacLab/usd_20260807_105335_548/configuration/linkerhand_l20_left_physics.usd@</visuals/pinky_tip> introduced by @/tmp/IsaacLab/usd_20260807_105335_548/configuration/linkerhand_l20_left_base.usd@</linkerhand_l20_left/pinky_tip/visuals> (recomposing stage on stage @anon:0x6533d3be8570:World0.usd@ <0x6533d3bedb00>)

2026-08-07T17:53:36Z [9,535ms] [Warning] [omni.usd] Warning: in _ReportErrors at line 3172 of /builds/omniverse/usd-ci/USD/pxr/usd/usd/stage.cpp -- In </World/envs/env_12/LinkerHand/ring_tip/visuals>: Unresolved reference prim path @/tmp/IsaacLab/usd_20260807_105335_548/configuration/linkerhand_l20_left_physics.usd@</visuals/ring_tip> introduced by @/tmp/IsaacLab/usd_20260807_105335_548/configuration/linkerhand_l20_left_base.usd@</linkerhand_l20_left/ring_tip/visuals> (recomposing stage on stage @anon:0x6533d3be8570:World0.usd@ <0x6533d3bedb00>)

2026-08-07T17:53:36Z [9,535ms] [Warning] [omni.usd] Warning: in _ReportErrors at line 3172 of /builds/omniverse/usd-ci/USD/pxr/usd/usd/stage.cpp -- In </World/envs/env_125/Screwdriver/vitrual_link_2/visuals>: Unresolved reference prim path @/tmp/IsaacLab/usd_20260807_105335_5437/configuration/screwdriver_64mm_handle_physics.usd@</visuals/vitrual_link_2> introduced by @/tmp/IsaacLab/usd_20260807_105335_5437/configuration/screwdriver_64mm_handle_base.usd@</screwdriver_on_the_table_64mm_handle/vitrual_link_2/visuals> (recomposing stage on stage @anon:0x6533d3be8570:World0.usd@ <0x6533d3bedb00>)

2026-08-07T17:53:36Z [9,535ms] [Warning] [omni.usd] Warning: in _ReportErrors at line 3172 of /builds/omniverse/usd-ci/USD/pxr/usd/usd/stage.cpp -- In </World/envs/env_124/Screwdriver/vitrual_link_2/visuals>: Unresolved reference prim path @/tmp/IsaacLab/usd_20260807_105335_5437/configuration/screwdriver_64mm_handle_physics.usd@</visuals/vitrual_link_2> introduced by @/tmp/IsaacLab/usd_20260807_105335_5437/configuration/screwdriver_64mm_handle_base.usd@</screwdriver_on_the_table_64mm_handle/vitrual_link_2/visuals> (recomposing stage on stage @anon:0x6533d3be8570:World0.usd@ <0x6533d3bedb00>)

2026-08-07T17:53:36Z [9,535ms] [Warning] [omni.usd] Warning: in _ReportErrors at line 3172 of /builds/omniverse/usd-ci/USD/pxr/usd/usd/stage.cpp -- In </World/envs/env_122/LinkerHand/ring_tip/visuals>: Unresolved reference prim path @/tmp/IsaacLab/usd_20260807_105335_548/configuration/linkerhand_l20_left_physics.usd@</visuals/ring_tip> introduced by @/tmp/IsaacLab/usd_20260807_105335_548/configuration/linkerhand_l20_left_base.usd@</linkerhand_l20_left/ring_tip/visuals> (recomposing stage on stage @anon:0x6533d3be8570:World0.usd@ <0x6533d3bedb00>)

2026-08-07T17:53:36Z [9,535ms] [Warning] [omni.usd] Warning: in _ReportErrors at line 3172 of /builds/omniverse/usd-ci/USD/pxr/usd/usd/stage.cpp -- In </World/envs/env_125/Screwdriver/vitrual_link_1/visuals>: Unresolved reference prim path @/tmp/IsaacLab/usd_20260807_105335_5437/configuration/screwdriver_64mm_handle_physics.usd@</visuals/vitrual_link_1> introduced by @/tmp/IsaacLab/usd_20260807_105335_5437/configuration/screwdriver_64mm_handle_base.usd@</screwdriver_on_the_table_64mm_handle/vitrual_link_1/visuals> (recomposing stage on stage @anon:0x6533d3be8570:World0.usd@ <0x6533d3bedb00>)

2026-08-07T17:53:36Z [9,535ms] [Warning] [omni.usd] Warning: in _ReportErrors at line 3172 of /builds/omniverse/usd-ci/USD/pxr/usd/usd/stage.cpp -- In </World/envs/env_124/Screwdriver/vitrual_link_1/visuals>: Unresolved reference prim path @/tmp/IsaacLab/usd_20260807_105335_5437/configuration/screwdriver_64mm_handle_physics.usd@</visuals/vitrual_link_1> introduced by @/tmp/IsaacLab/usd_20260807_105335_5437/configuration/screwdriver_64mm_handle_base.usd@</screwdriver_on_the_table_64mm_handle/vitrual_link_1/visuals> (recomposing stage on stage @anon:0x6533d3be8570:World0.usd@ <0x6533d3bedb00>)

2026-08-07T17:53:36Z [9,535ms] [Warning] [omni.usd] Warning: in _ReportErrors at line 3172 of /builds/omniverse/usd-ci/USD/pxr/usd/usd/stage.cpp -- In </World/envs/env_113/LinkerHand/middle_tip/visuals>: Unresolved reference prim path @/tmp/IsaacLab/usd_20260807_105335_548/configuration/linkerhand_l20_left_physics.usd@</visuals/middle_tip> introduced by @/tmp/IsaacLab/usd_20260807_105335_548/configuration/linkerhand_l20_left_base.usd@</linkerhand_l20_left/middle_tip/visuals> (recomposing stage on stage @anon:0x6533d3be8570:World0.usd@ <0x6533d3bedb00>)

2026-08-07T17:53:36Z [9,535ms] [Warning] [omni.usd] Warning: in _ReportErrors at line 3172 of /builds/omniverse/usd-ci/USD/pxr/usd/usd/stage.cpp -- In </World/envs/env_12/LinkerHand/pinky_tip/visuals>: Unresolved reference prim path @/tmp/IsaacLab/usd_20260807_105335_548/configuration/linkerhand_l20_left_physics.usd@</visuals/pinky_tip> introduced by @/tmp/IsaacLab/usd_20260807_105335_548/configuration/linkerhand_l20_left_base.usd@</linkerhand_l20_left/pinky_tip/visuals> (recomposing stage on stage @anon:0x6533d3be8570:World0.usd@ <0x6533d3bedb00>)

2026-08-07T17:53:36Z [9,535ms] [Warning] [omni.usd] Warning: in _ReportErrors at line 3172 of /builds/omniverse/usd-ci/USD/pxr/usd/usd/stage.cpp -- In </World/envs/env_125/LinkerHand/thumb_tip/visuals>: Unresolved reference prim path @/tmp/IsaacLab/usd_20260807_105335_548/configuration/linkerhand_l20_left_physics.usd@</visuals/thumb_tip> introduced by @/tmp/IsaacLab/usd_20260807_105335_548/configuration/linkerhand_l20_left_base.usd@</linkerhand_l20_left/thumb_tip/visuals> (recomposing stage on stage @anon:0x6533d3be8570:World0.usd@ <0x6533d3bedb00>)

2026-08-07T17:53:36Z [9,535ms] [Warning] [omni.usd] Warning: in _ReportErrors at line 3172 of /builds/omniverse/usd-ci/USD/pxr/usd/usd/stage.cpp -- In </World/envs/env_124/LinkerHand/thumb_tip/visuals>: Unresolved reference prim path @/tmp/IsaacLab/usd_20260807_105335_548/configuration/linkerhand_l20_left_physics.usd@</visuals/thumb_tip> introduced by @/tmp/IsaacLab/usd_20260807_105335_548/configuration/linkerhand_l20_left_base.usd@</linkerhand_l20_left/thumb_tip/visuals> (recomposing stage on stage @anon:0x6533d3be8570:World0.usd@ <0x6533d3bedb00>)

2026-08-07T17:53:36Z [9,535ms] [Warning] [omni.usd] Warning: in _ReportErrors at line 3172 of /builds/omniverse/usd-ci/USD/pxr/usd/usd/stage.cpp -- In </World/envs/env_100/LinkerHand/pinky_tip/visuals>: Unresolved reference prim path @/tmp/IsaacLab/usd_20260807_105335_548/configuration/linkerhand_l20_left_physics.usd@</visuals/pinky_tip> introduced by @/tmp/IsaacLab/usd_20260807_105335_548/configuration/linkerhand_l20_left_base.usd@</linkerhand_l20_left/pinky_tip/visuals> (recomposing stage on stage @anon:0x6533d3be8570:World0.usd@ <0x6533d3bedb00>)

2026-08-07T17:53:36Z [9,535ms] [Warning] [omni.usd] Warning: in _ReportErrors at line 3172 of /builds/omniverse/usd-ci/USD/pxr/usd/usd/stage.cpp -- In </World/envs/env_122/LinkerHand/pinky_tip/visuals>: Unresolved reference prim path @/tmp/IsaacLab/usd_20260807_105335_548/configuration/linkerhand_l20_left_physics.usd@</visuals/pinky_tip> introduced by @/tmp/IsaacLab/usd_20260807_105335_548/configuration/linkerhand_l20_left_base.usd@</linkerhand_l20_left/pinky_tip/visuals> (recomposing stage on stage @anon:0x6533d3be8570:World0.usd@ <0x6533d3bedb00>)

2026-08-07T17:53:36Z [9,535ms] [Warning] [omni.usd] Warning: in _ReportErrors at line 3172 of /builds/omniverse/usd-ci/USD/pxr/usd/usd/stage.cpp -- In </World/envs/env_105/LinkerHand/ring_tip/visuals>: Unresolved reference prim path @/tmp/IsaacLab/usd_20260807_105335_548/configuration/linkerhand_l20_left_physics.usd@</visuals/ring_tip> introduced by @/tmp/IsaacLab/usd_20260807_105335_548/configuration/linkerhand_l20_left_base.usd@</linkerhand_l20_left/ring_tip/visuals> (recomposing stage on stage @anon:0x6533d3be8570:World0.usd@ <0x6533d3bedb00>)

2026-08-07T17:53:36Z [9,535ms] [Warning] [omni.usd] Warning: in _ReportErrors at line 3172 of /builds/omniverse/usd-ci/USD/pxr/usd/usd/stage.cpp -- In </World/envs/env_125/LinkerHand/ring_tip/visuals>: Unresolved reference prim path @/tmp/IsaacLab/usd_20260807_105335_548/configuration/linkerhand_l20_left_physics.usd@</visuals/ring_tip> introduced by @/tmp/IsaacLab/usd_20260807_105335_548/configuration/linkerhand_l20_left_base.usd@</linkerhand_l20_left/ring_tip/visuals> (recomposing stage on stage @anon:0x6533d3be8570:World0.usd@ <0x6533d3bedb00>)

2026-08-07T17:53:36Z [9,535ms] [Warning] [omni.usd] Warning: in _ReportErrors at line 3172 of /builds/omniverse/usd-ci/USD/pxr/usd/usd/stage.cpp -- In </World/envs/env_12/LinkerHand/middle_tip/visuals>: Unresolved reference prim path @/tmp/IsaacLab/usd_20260807_105335_548/configuration/linkerhand_l20_left_physics.usd@</visuals/middle_tip> introduced by @/tmp/IsaacLab/usd_20260807_105335_548/configuration/linkerhand_l20_left_base.usd@</linkerhand_l20_left/middle_tip/visuals> (recomposing stage on stage @anon:0x6533d3be8570:World0.usd@ <0x6533d3bedb00>)

2026-08-07T17:53:36Z [9,535ms] [Warning] [omni.usd] Warning: in _ReportErrors at line 3172 of /builds/omniverse/usd-ci/USD/pxr/usd/usd/stage.cpp -- In </World/envs/env_124/LinkerHand/ring_tip/visuals>: Unresolved reference prim path @/tmp/IsaacLab/usd_20260807_105335_548/configuration/linkerhand_l20_left_physics.usd@</visuals/ring_tip> introduced by @/tmp/IsaacLab/usd_20260807_105335_548/configuration/linkerhand_l20_left_base.usd@</linkerhand_l20_left/ring_tip/visuals> (recomposing stage on stage @anon:0x6533d3be8570:World0.usd@ <0x6533d3bedb00>)

2026-08-07T17:53:36Z [9,535ms] [Warning] [omni.usd] Warning: in _ReportErrors at line 3172 of /builds/omniverse/usd-ci/USD/pxr/usd/usd/stage.cpp -- In </World/envs/env_12/Screwdriver/vitrual_link_2/visuals>: Unresolved reference prim path @/tmp/IsaacLab/usd_20260807_105335_5437/configuration/screwdriver_64mm_handle_physics.usd@</visuals/vitrual_link_2> introduced by @/tmp/IsaacLab/usd_20260807_105335_5437/configuration/screwdriver_64mm_handle_base.usd@</screwdriver_on_the_table_64mm_handle/vitrual_link_2/visuals> (recomposing stage on stage @anon:0x6533d3be8570:World0.usd@ <0x6533d3bedb00>)

2026-08-07T17:53:36Z [9,535ms] [Warning] [omni.usd] Warning: in _ReportErrors at line 3172 of /builds/omniverse/usd-ci/USD/pxr/usd/usd/stage.cpp -- In </World/envs/env_122/LinkerHand/middle_tip/visuals>: Unresolved reference prim path @/tmp/IsaacLab/usd_20260807_105335_548/configuration/linkerhand_l20_left_physics.usd@</visuals/middle_tip> introduced by @/tmp/IsaacLab/usd_20260807_105335_548/configuration/linkerhand_l20_left_base.usd@</linkerhand_l20_left/middle_tip/visuals> (recomposing stage on stage @anon:0x6533d3be8570:World0.usd@ <0x6533d3bedb00>)

2026-08-07T17:53:36Z [9,535ms] [Warning] [omni.usd] Warning: in _ReportErrors at line 3172 of /builds/omniverse/usd-ci/USD/pxr/usd/usd/stage.cpp -- In </World/envs/env_100/LinkerHand/ring_tip/visuals>: Unresolved reference prim path @/tmp/IsaacLab/usd_20260807_105335_548/configuration/linkerhand_l20_left_physics.usd@</visuals/ring_tip> introduced by @/tmp/IsaacLab/usd_20260807_105335_548/configuration/linkerhand_l20_left_base.usd@</linkerhand_l20_left/ring_tip/visuals> (recomposing stage on stage @anon:0x6533d3be8570:World0.usd@ <0x6533d3bedb00>)

2026-08-07T17:53:36Z [9,535ms] [Warning] [omni.usd] Warning: in _ReportErrors at line 3172 of /builds/omniverse/usd-ci/USD/pxr/usd/usd/stage.cpp -- In </World/envs/env_125/LinkerHand/pinky_tip/visuals>: Unresolved reference prim path @/tmp/IsaacLab/usd_20260807_105335_548/configuration/linkerhand_l20_left_physics.usd@</visuals/pinky_tip> introduced by @/tmp/IsaacLab/usd_20260807_105335_548/configuration/linkerhand_l20_left_base.usd@</linkerhand_l20_left/pinky_tip/visuals> (recomposing stage on stage @anon:0x6533d3be8570:World0.usd@ <0x6533d3bedb00>)

2026-08-07T17:53:36Z [9,535ms] [Warning] [omni.usd] Warning: in _ReportErrors at line 3172 of /builds/omniverse/usd-ci/USD/pxr/usd/usd/stage.cpp -- In </World/envs/env_12/LinkerHand/index_tip/visuals>: Unresolved reference prim path @/tmp/IsaacLab/usd_20260807_105335_548/configuration/linkerhand_l20_left_physics.usd@</visuals/index_tip> introduced by @/tmp/IsaacLab/usd_20260807_105335_548/configuration/linkerhand_l20_left_base.usd@</linkerhand_l20_left/index_tip/visuals> (recomposing stage on stage @anon:0x6533d3be8570:World0.usd@ <0x6533d3bedb00>)

2026-08-07T17:53:36Z [9,535ms] [Warning] [omni.usd] Warning: in _ReportErrors at line 3172 of /builds/omniverse/usd-ci/USD/pxr/usd/usd/stage.cpp -- In </World/envs/env_124/LinkerHand/pinky_tip/visuals>: Unresolved reference prim path @/tmp/IsaacLab/usd_20260807_105335_548/configuration/linkerhand_l20_left_physics.usd@</visuals/pinky_tip> introduced by @/tmp/IsaacLab/usd_20260807_105335_548/configuration/linkerhand_l20_left_base.usd@</linkerhand_l20_left/pinky_tip/visuals> (recomposing stage on stage @anon:0x6533d3be8570:World0.usd@ <0x6533d3bedb00>)

2026-08-07T17:53:36Z [9,535ms] [Warning] [omni.usd] Warning: in _ReportErrors at line 3172 of /builds/omniverse/usd-ci/USD/pxr/usd/usd/stage.cpp -- In </World/envs/env_121/LinkerHand/ring_tip/visuals>: Unresolved reference prim path @/tmp/IsaacLab/usd_20260807_105335_548/configuration/linkerhand_l20_left_physics.usd@</visuals/ring_tip> introduced by @/tmp/IsaacLab/usd_20260807_105335_548/configuration/linkerhand_l20_left_base.usd@</linkerhand_l20_left/ring_tip/visuals> (recomposing stage on stage @anon:0x6533d3be8570:World0.usd@ <0x6533d3bedb00>)

2026-08-07T17:53:36Z [9,535ms] [Warning] [omni.usd] Warning: in _ReportErrors at line 3172 of /builds/omniverse/usd-ci/USD/pxr/usd/usd/stage.cpp -- In </World/envs/env_122/LinkerHand/index_tip/visuals>: Unresolved reference prim path @/tmp/IsaacLab/usd_20260807_105335_548/configuration/linkerhand_l20_left_physics.usd@</visuals/index_tip> introduced by @/tmp/IsaacLab/usd_20260807_105335_548/configuration/linkerhand_l20_left_base.usd@</linkerhand_l20_left/index_tip/visuals> (recomposing stage on stage @anon:0x6533d3be8570:World0.usd@ <0x6533d3bedb00>)

2026-08-07T17:53:36Z [9,535ms] [Warning] [omni.usd] Warning: in _ReportErrors at line 3172 of /builds/omniverse/usd-ci/USD/pxr/usd/usd/stage.cpp -- In </World/envs/env_103/LinkerHand/index_tip/visuals>: Unresolved reference prim path @/tmp/IsaacLab/usd_20260807_105335_548/configuration/linkerhand_l20_left_physics.usd@</visuals/index_tip> introduced by @/tmp/IsaacLab/usd_20260807_105335_548/configuration/linkerhand_l20_left_base.usd@</linkerhand_l20_left/index_tip/visuals> (recomposing stage on stage @anon:0x6533d3be8570:World0.usd@ <0x6533d3bedb00>)

2026-08-07T17:53:36Z [9,535ms] [Warning] [omni.usd] Warning: in _ReportErrors at line 3172 of /builds/omniverse/usd-ci/USD/pxr/usd/usd/stage.cpp -- In </World/envs/env_111/LinkerHand/index_tip/visuals>: Unresolved reference prim path @/tmp/IsaacLab/usd_20260807_105335_548/configuration/linkerhand_l20_left_physics.usd@</visuals/index_tip> introduced by @/tmp/IsaacLab/usd_20260807_105335_548/configuration/linkerhand_l20_left_base.usd@</linkerhand_l20_left/index_tip/visuals> (recomposing stage on stage @anon:0x6533d3be8570:World0.usd@ <0x6533d3bedb00>)

2026-08-07T17:53:36Z [9,535ms] [Warning] [omni.usd] Warning: in _ReportErrors at line 3172 of /builds/omniverse/usd-ci/USD/pxr/usd/usd/stage.cpp -- In </World/envs/env_123/LinkerHand/thumb_tip/visuals>: Unresolved reference prim path @/tmp/IsaacLab/usd_20260807_105335_548/configuration/linkerhand_l20_left_physics.usd@</visuals/thumb_tip> introduced by @/tmp/IsaacLab/usd_20260807_105335_548/configuration/linkerhand_l20_left_base.usd@</linkerhand_l20_left/thumb_tip/visuals> (recomposing stage on stage @anon:0x6533d3be8570:World0.usd@ <0x6533d3bedb00>)

2026-08-07T17:53:36Z [9,535ms] [Warning] [omni.usd] Warning: in _ReportErrors at line 3172 of /builds/omniverse/usd-ci/USD/pxr/usd/usd/stage.cpp -- In </World/envs/env_105/LinkerHand/pinky_tip/visuals>: Unresolved reference prim path @/tmp/IsaacLab/usd_20260807_105335_548/configuration/linkerhand_l20_left_physics.usd@</visuals/pinky_tip> introduced by @/tmp/IsaacLab/usd_20260807_105335_548/configuration/linkerhand_l20_left_base.usd@</linkerhand_l20_left/pinky_tip/visuals> (recomposing stage on stage @anon:0x6533d3be8570:World0.usd@ <0x6533d3bedb00>)

2026-08-07T17:53:36Z [9,535ms] [Warning] [omni.usd] Warning: in _ReportErrors at line 3172 of /builds/omniverse/usd-ci/USD/pxr/usd/usd/stage.cpp -- In </World/envs/env_117/LinkerHand/pinky_tip/visuals>: Unresolved reference prim path @/tmp/IsaacLab/usd_20260807_105335_548/configuration/linkerhand_l20_left_physics.usd@</visuals/pinky_tip> introduced by @/tmp/IsaacLab/usd_20260807_105335_548/configuration/linkerhand_l20_left_base.usd@</linkerhand_l20_left/pinky_tip/visuals> (recomposing stage on stage @anon:0x6533d3be8570:World0.usd@ <0x6533d3bedb00>)

2026-08-07T17:53:36Z [9,536ms] [Warning] [omni.usd] Warning: in _ReportErrors at line 3172 of /builds/omniverse/usd-ci/USD/pxr/usd/usd/stage.cpp -- In </World/envs/env_123/Screwdriver/vitrual_link_2/visuals>: Unresolved reference prim path @/tmp/IsaacLab/usd_20260807_105335_5437/configuration/screwdriver_64mm_handle_physics.usd@</visuals/vitrual_link_2> introduced by @/tmp/IsaacLab/usd_20260807_105335_5437/configuration/screwdriver_64mm_handle_base.usd@</screwdriver_on_the_table_64mm_handle/vitrual_link_2/visuals> (recomposing stage on stage @anon:0x6533d3be8570:World0.usd@ <0x6533d3bedb00>)

2026-08-07T17:53:36Z [9,536ms] [Warning] [omni.usd] Warning: in _ReportErrors at line 3172 of /builds/omniverse/usd-ci/USD/pxr/usd/usd/stage.cpp -- In </World/envs/env_123/Screwdriver/vitrual_link_1/visuals>: Unresolved reference prim path @/tmp/IsaacLab/usd_20260807_105335_5437/configuration/screwdriver_64mm_handle_physics.usd@</visuals/vitrual_link_1> introduced by @/tmp/IsaacLab/usd_20260807_105335_5437/configuration/screwdriver_64mm_handle_base.usd@</screwdriver_on_the_table_64mm_handle/vitrual_link_1/visuals> (recomposing stage on stage @anon:0x6533d3be8570:World0.usd@ <0x6533d3bedb00>)

2026-08-07T17:53:36Z [9,536ms] [Warning] [omni.usd] Warning: in _ReportErrors at line 3172 of /builds/omniverse/usd-ci/USD/pxr/usd/usd/stage.cpp -- In </World/envs/env_124/LinkerHand/middle_tip/visuals>: Unresolved reference prim path @/tmp/IsaacLab/usd_20260807_105335_548/configuration/linkerhand_l20_left_physics.usd@</visuals/middle_tip> introduced by @/tmp/IsaacLab/usd_20260807_105335_548/configuration/linkerhand_l20_left_base.usd@</linkerhand_l20_left/middle_tip/visuals> (recomposing stage on stage @anon:0x6533d3be8570:World0.usd@ <0x6533d3bedb00>)

2026-08-07T17:53:36Z [9,536ms] [Warning] [omni.usd] Warning: in _ReportErrors at line 3172 of /builds/omniverse/usd-ci/USD/pxr/usd/usd/stage.cpp -- In </World/envs/env_125/LinkerHand/middle_tip/visuals>: Unresolved reference prim path @/tmp/IsaacLab/usd_20260807_105335_548/configuration/linkerhand_l20_left_physics.usd@</visuals/middle_tip> introduced by @/tmp/IsaacLab/usd_20260807_105335_548/configuration/linkerhand_l20_left_base.usd@</linkerhand_l20_left/middle_tip/visuals> (recomposing stage on stage @anon:0x6533d3be8570:World0.usd@ <0x6533d3bedb00>)

2026-08-07T17:53:36Z [9,536ms] [Warning] [omni.usd] Warning: in _ReportErrors at line 3172 of /builds/omniverse/usd-ci/USD/pxr/usd/usd/stage.cpp -- In </World/envs/env_124/LinkerHand/index_tip/visuals>: Unresolved reference prim path @/tmp/IsaacLab/usd_20260807_105335_548/configuration/linkerhand_l20_left_physics.usd@</visuals/index_tip> introduced by @/tmp/IsaacLab/usd_20260807_105335_548/configuration/linkerhand_l20_left_base.usd@</linkerhand_l20_left/index_tip/visuals> (recomposing stage on stage @anon:0x6533d3be8570:World0.usd@ <0x6533d3bedb00>)

2026-08-07T17:53:36Z [9,536ms] [Warning] [omni.usd] Warning: in _ReportErrors at line 3172 of /builds/omniverse/usd-ci/USD/pxr/usd/usd/stage.cpp -- In </World/envs/env_125/LinkerHand/index_tip/visuals>: Unresolved reference prim path @/tmp/IsaacLab/usd_20260807_105335_548/configuration/linkerhand_l20_left_physics.usd@</visuals/index_tip> introduced by @/tmp/IsaacLab/usd_20260807_105335_548/configuration/linkerhand_l20_left_base.usd@</linkerhand_l20_left/index_tip/visuals> (recomposing stage on stage @anon:0x6533d3be8570:World0.usd@ <0x6533d3bedb00>)

2026-08-07T17:53:36Z [9,536ms] [Warning] [omni.usd] Warning: in _ReportErrors at line 3172 of /builds/omniverse/usd-ci/USD/pxr/usd/usd/stage.cpp -- In </World/envs/env_123/LinkerHand/ring_tip/visuals>: Unresolved reference prim path @/tmp/IsaacLab/usd_20260807_105335_548/configuration/linkerhand_l20_left_physics.usd@</visuals/ring_tip> introduced by @/tmp/IsaacLab/usd_20260807_105335_548/configuration/linkerhand_l20_left_base.usd@</linkerhand_l20_left/ring_tip/visuals> (recomposing stage on stage @anon:0x6533d3be8570:World0.usd@ <0x6533d3bedb00>)

2026-08-07T17:53:36Z [9,536ms] [Warning] [omni.usd] Warning: in _ReportErrors at line 3172 of /builds/omniverse/usd-ci/USD/pxr/usd/usd/stage.cpp -- In </World/envs/env_127/Screwdriver/vitrual_link_2/visuals>: Unresolved reference prim path @/tmp/IsaacLab/usd_20260807_105335_5437/configuration/screwdriver_64mm_handle_physics.usd@</visuals/vitrual_link_2> introduced by @/tmp/IsaacLab/usd_20260807_105335_5437/configuration/screwdriver_64mm_handle_base.usd@</screwdriver_on_the_table_64mm_handle/vitrual_link_2/visuals> (recomposing stage on stage @anon:0x6533d3be8570:World0.usd@ <0x6533d3bedb00>)

2026-08-07T17:53:36Z [9,536ms] [Warning] [omni.usd] Warning: in _ReportErrors at line 3172 of /builds/omniverse/usd-ci/USD/pxr/usd/usd/stage.cpp -- In </World/envs/env_127/Screwdriver/vitrual_link_1/visuals>: Unresolved reference prim path @/tmp/IsaacLab/usd_20260807_105335_5437/configuration/screwdriver_64mm_handle_physics.usd@</visuals/vitrual_link_1> introduced by @/tmp/IsaacLab/usd_20260807_105335_5437/configuration/screwdriver_64mm_handle_base.usd@</screwdriver_on_the_table_64mm_handle/vitrual_link_1/visuals> (recomposing stage on stage @anon:0x6533d3be8570:World0.usd@ <0x6533d3bedb00>)

2026-08-07T17:53:36Z [9,536ms] [Warning] [omni.usd] Warning: in _ReportErrors at line 3172 of /builds/omniverse/usd-ci/USD/pxr/usd/usd/stage.cpp -- In </World/envs/env_13/Screwdriver/vitrual_link_2/visuals>: Unresolved reference prim path @/tmp/IsaacLab/usd_20260807_105335_5437/configuration/screwdriver_64mm_handle_physics.usd@</visuals/vitrual_link_2> introduced by @/tmp/IsaacLab/usd_20260807_105335_5437/configuration/screwdriver_64mm_handle_base.usd@</screwdriver_on_the_table_64mm_handle/vitrual_link_2/visuals> (recomposing stage on stage @anon:0x6533d3be8570:World0.usd@ <0x6533d3bedb00>)

2026-08-07T17:53:36Z [9,536ms] [Warning] [omni.usd] Warning: in _ReportErrors at line 3172 of /builds/omniverse/usd-ci/USD/pxr/usd/usd/stage.cpp -- In </World/envs/env_13/Screwdriver/vitrual_link_1/visuals>: Unresolved reference prim path @/tmp/IsaacLab/usd_20260807_105335_5437/configuration/screwdriver_64mm_handle_physics.usd@</visuals/vitrual_link_1> introduced by @/tmp/IsaacLab/usd_20260807_105335_5437/configuration/screwdriver_64mm_handle_base.usd@</screwdriver_on_the_table_64mm_handle/vitrual_link_1/visuals> (recomposing stage on stage @anon:0x6533d3be8570:World0.usd@ <0x6533d3bedb00>)

2026-08-07T17:53:36Z [9,536ms] [Warning] [omni.usd] Warning: in _ReportErrors at line 3172 of /builds/omniverse/usd-ci/USD/pxr/usd/usd/stage.cpp -- In </World/envs/env_13/LinkerHand/thumb_tip/visuals>: Unresolved reference prim path @/tmp/IsaacLab/usd_20260807_105335_548/configuration/linkerhand_l20_left_physics.usd@</visuals/thumb_tip> introduced by @/tmp/IsaacLab/usd_20260807_105335_548/configuration/linkerhand_l20_left_base.usd@</linkerhand_l20_left/thumb_tip/visuals> (recomposing stage on stage @anon:0x6533d3be8570:World0.usd@ <0x6533d3bedb00>)

2026-08-07T17:53:36Z [9,536ms] [Warning] [omni.usd] Warning: in _ReportErrors at line 3172 of /builds/omniverse/usd-ci/USD/pxr/usd/usd/stage.cpp -- In </World/envs/env_117/LinkerHand/index_tip/visuals>: Unresolved reference prim path @/tmp/IsaacLab/usd_20260807_105335_548/configuration/linkerhand_l20_left_physics.usd@</visuals/index_tip> introduced by @/tmp/IsaacLab/usd_20260807_105335_548/configuration/linkerhand_l20_left_base.usd@</linkerhand_l20_left/index_tip/visuals> (recomposing stage on stage @anon:0x6533d3be8570:World0.usd@ <0x6533d3bedb00>)

2026-08-07T17:53:36Z [9,536ms] [Warning] [omni.usd] Warning: in _ReportErrors at line 3172 of /builds/omniverse/usd-ci/USD/pxr/usd/usd/stage.cpp -- In </World/envs/env_127/LinkerHand/thumb_tip/visuals>: Unresolved reference prim path @/tmp/IsaacLab/usd_20260807_105335_548/configuration/linkerhand_l20_left_physics.usd@</visuals/thumb_tip> introduced by @/tmp/IsaacLab/usd_20260807_105335_548/configuration/linkerhand_l20_left_base.usd@</linkerhand_l20_left/thumb_tip/visuals> (recomposing stage on stage @anon:0x6533d3be8570:World0.usd@ <0x6533d3bedb00>)

2026-08-07T17:53:36Z [9,536ms] [Warning] [omni.usd] Warning: in _ReportErrors at line 3172 of /builds/omniverse/usd-ci/USD/pxr/usd/usd/stage.cpp -- In </World/envs/env_126/LinkerHand/thumb_tip/visuals>: Unresolved reference prim path @/tmp/IsaacLab/usd_20260807_105335_548/configuration/linkerhand_l20_left_physics.usd@</visuals/thumb_tip> introduced by @/tmp/IsaacLab/usd_20260807_105335_548/configuration/linkerhand_l20_left_base.usd@</linkerhand_l20_left/thumb_tip/visuals> (recomposing stage on stage @anon:0x6533d3be8570:World0.usd@ <0x6533d3bedb00>)

2026-08-07T17:53:36Z [9,536ms] [Warning] [omni.usd] Warning: in _ReportErrors at line 3172 of /builds/omniverse/usd-ci/USD/pxr/usd/usd/stage.cpp -- In </World/envs/env_99/LinkerHand/ring_tip/visuals>: Unresolved reference prim path @/tmp/IsaacLab/usd_20260807_105335_548/configuration/linkerhand_l20_left_physics.usd@</visuals/ring_tip> introduced by @/tmp/IsaacLab/usd_20260807_105335_548/configuration/linkerhand_l20_left_base.usd@</linkerhand_l20_left/ring_tip/visuals> (recomposing stage on stage @anon:0x6533d3be8570:World0.usd@ <0x6533d3bedb00>)

2026-08-07T17:53:36Z [9,536ms] [Warning] [omni.usd] Warning: in _ReportErrors at line 3172 of /builds/omniverse/usd-ci/USD/pxr/usd/usd/stage.cpp -- In </World/envs/env_119/LinkerHand/middle_tip/visuals>: Unresolved reference prim path @/tmp/IsaacLab/usd_20260807_105335_548/configuration/linkerhand_l20_left_physics.usd@</visuals/middle_tip> introduced by @/tmp/IsaacLab/usd_20260807_105335_548/configuration/linkerhand_l20_left_base.usd@</linkerhand_l20_left/middle_tip/visuals> (recomposing stage on stage @anon:0x6533d3be8570:World0.usd@ <0x6533d3bedb00>)

2026-08-07T17:53:36Z [9,536ms] [Warning] [omni.usd] Warning: in _ReportErrors at line 3172 of /builds/omniverse/usd-ci/USD/pxr/usd/usd/stage.cpp -- In </World/envs/env_13/LinkerHand/ring_tip/visuals>: Unresolved reference prim path @/tmp/IsaacLab/usd_20260807_105335_548/configuration/linkerhand_l20_left_physics.usd@</visuals/ring_tip> introduced by @/tmp/IsaacLab/usd_20260807_105335_548/configuration/linkerhand_l20_left_base.usd@</linkerhand_l20_left/ring_tip/visuals> (recomposing stage on stage @anon:0x6533d3be8570:World0.usd@ <0x6533d3bedb00>)

2026-08-07T17:53:36Z [9,536ms] [Warning] [omni.usd] Warning: in _ReportErrors at line 3172 of /builds/omniverse/usd-ci/USD/pxr/usd/usd/stage.cpp -- In </World/envs/env_127/LinkerHand/ring_tip/visuals>: Unresolved reference prim path @/tmp/IsaacLab/usd_20260807_105335_548/configuration/linkerhand_l20_left_physics.usd@</visuals/ring_tip> introduced by @/tmp/IsaacLab/usd_20260807_105335_548/configuration/linkerhand_l20_left_base.usd@</linkerhand_l20_left/ring_tip/visuals> (recomposing stage on stage @anon:0x6533d3be8570:World0.usd@ <0x6533d3bedb00>)

2026-08-07T17:53:36Z [9,536ms] [Warning] [omni.usd] Warning: in _ReportErrors at line 3172 of /builds/omniverse/usd-ci/USD/pxr/usd/usd/stage.cpp -- In </World/envs/env_99/LinkerHand/pinky_tip/visuals>: Unresolved reference prim path @/tmp/IsaacLab/usd_20260807_105335_548/configuration/linkerhand_l20_left_physics.usd@</visuals/pinky_tip> introduced by @/tmp/IsaacLab/usd_20260807_105335_548/configuration/linkerhand_l20_left_base.usd@</linkerhand_l20_left/pinky_tip/visuals> (recomposing stage on stage @anon:0x6533d3be8570:World0.usd@ <0x6533d3bedb00>)

2026-08-07T17:53:36Z [9,536ms] [Warning] [omni.usd] Warning: in _ReportErrors at line 3172 of /builds/omniverse/usd-ci/USD/pxr/usd/usd/stage.cpp -- In </World/envs/env_105/LinkerHand/index_tip/visuals>: Unresolved reference prim path @/tmp/IsaacLab/usd_20260807_105335_548/configuration/linkerhand_l20_left_physics.usd@</visuals/index_tip> introduced by @/tmp/IsaacLab/usd_20260807_105335_548/configuration/linkerhand_l20_left_base.usd@</linkerhand_l20_left/index_tip/visuals> (recomposing stage on stage @anon:0x6533d3be8570:World0.usd@ <0x6533d3bedb00>)

2026-08-07T17:53:36Z [9,536ms] [Warning] [omni.usd] Warning: in _ReportErrors at line 3172 of /builds/omniverse/usd-ci/USD/pxr/usd/usd/stage.cpp -- In </World/envs/env_127/LinkerHand/pinky_tip/visuals>: Unresolved reference prim path @/tmp/IsaacLab/usd_20260807_105335_548/configuration/linkerhand_l20_left_physics.usd@</visuals/pinky_tip> introduced by @/tmp/IsaacLab/usd_20260807_105335_548/configuration/linkerhand_l20_left_base.usd@</linkerhand_l20_left/pinky_tip/visuals> (recomposing stage on stage @anon:0x6533d3be8570:World0.usd@ <0x6533d3bedb00>)

2026-08-07T17:53:36Z [9,536ms] [Warning] [omni.usd] Warning: in _ReportErrors at line 3172 of /builds/omniverse/usd-ci/USD/pxr/usd/usd/stage.cpp -- In </World/envs/env_126/Screwdriver/vitrual_link_2/visuals>: Unresolved reference prim path @/tmp/IsaacLab/usd_20260807_105335_5437/configuration/screwdriver_64mm_handle_physics.usd@</visuals/vitrual_link_2> introduced by @/tmp/IsaacLab/usd_20260807_105335_5437/configuration/screwdriver_64mm_handle_base.usd@</screwdriver_on_the_table_64mm_handle/vitrual_link_2/visuals> (recomposing stage on stage @anon:0x6533d3be8570:World0.usd@ <0x6533d3bedb00>)

2026-08-07T17:53:36Z [9,536ms] [Warning] [omni.usd] Warning: in _ReportErrors at line 3172 of /builds/omniverse/usd-ci/USD/pxr/usd/usd/stage.cpp -- In </World/envs/env_126/Screwdriver/vitrual_link_1/visuals>: Unresolved reference prim path @/tmp/IsaacLab/usd_20260807_105335_5437/configuration/screwdriver_64mm_handle_physics.usd@</visuals/vitrual_link_1> introduced by @/tmp/IsaacLab/usd_20260807_105335_5437/configuration/screwdriver_64mm_handle_base.usd@</screwdriver_on_the_table_64mm_handle/vitrual_link_1/visuals> (recomposing stage on stage @anon:0x6533d3be8570:World0.usd@ <0x6533d3bedb00>)

2026-08-07T17:53:36Z [9,536ms] [Warning] [omni.usd] Warning: in _ReportErrors at line 3172 of /builds/omniverse/usd-ci/USD/pxr/usd/usd/stage.cpp -- In </World/envs/env_120/LinkerHand/index_tip/visuals>: Unresolved reference prim path @/tmp/IsaacLab/usd_20260807_105335_548/configuration/linkerhand_l20_left_physics.usd@</visuals/index_tip> introduced by @/tmp/IsaacLab/usd_20260807_105335_548/configuration/linkerhand_l20_left_base.usd@</linkerhand_l20_left/index_tip/visuals> (recomposing stage on stage @anon:0x6533d3be8570:World0.usd@ <0x6533d3bedb00>)

2026-08-07T17:53:36Z [9,536ms] [Warning] [omni.usd] Warning: in _ReportErrors at line 3172 of /builds/omniverse/usd-ci/USD/pxr/usd/usd/stage.cpp -- In </World/envs/env_14/Screwdriver/vitrual_link_2/visuals>: Unresolved reference prim path @/tmp/IsaacLab/usd_20260807_105335_5437/configuration/screwdriver_64mm_handle_physics.usd@</visuals/vitrual_link_2> introduced by @/tmp/IsaacLab/usd_20260807_105335_5437/configuration/screwdriver_64mm_handle_base.usd@</screwdriver_on_the_table_64mm_handle/vitrual_link_2/visuals> (recomposing stage on stage @anon:0x6533d3be8570:World0.usd@ <0x6533d3bedb00>)

2026-08-07T17:53:36Z [9,536ms] [Warning] [omni.usd] Warning: in _ReportErrors at line 3172 of /builds/omniverse/usd-ci/USD/pxr/usd/usd/stage.cpp -- In </World/envs/env_117/LinkerHand/middle_tip/visuals>: Unresolved reference prim path @/tmp/IsaacLab/usd_20260807_105335_548/configuration/linkerhand_l20_left_physics.usd@</visuals/middle_tip> introduced by @/tmp/IsaacLab/usd_20260807_105335_548/configuration/linkerhand_l20_left_base.usd@</linkerhand_l20_left/middle_tip/visuals> (recomposing stage on stage @anon:0x6533d3be8570:World0.usd@ <0x6533d3bedb00>)

2026-08-07T17:53:36Z [9,536ms] [Warning] [omni.usd] Warning: in _ReportErrors at line 3172 of /builds/omniverse/usd-ci/USD/pxr/usd/usd/stage.cpp -- In </World/envs/env_14/Screwdriver/vitrual_link_1/visuals>: Unresolved reference prim path @/tmp/IsaacLab/usd_20260807_105335_5437/configuration/screwdriver_64mm_handle_physics.usd@</visuals/vitrual_link_1> introduced by @/tmp/IsaacLab/usd_20260807_105335_5437/configuration/screwdriver_64mm_handle_base.usd@</screwdriver_on_the_table_64mm_handle/vitrual_link_1/visuals> (recomposing stage on stage @anon:0x6533d3be8570:World0.usd@ <0x6533d3bedb00>)

2026-08-07T17:53:36Z [9,536ms] [Warning] [omni.usd] Warning: in _ReportErrors at line 3172 of /builds/omniverse/usd-ci/USD/pxr/usd/usd/stage.cpp -- In </World/envs/env_13/LinkerHand/pinky_tip/visuals>: Unresolved reference prim path @/tmp/IsaacLab/usd_20260807_105335_548/configuration/linkerhand_l20_left_physics.usd@</visuals/pinky_tip> introduced by @/tmp/IsaacLab/usd_20260807_105335_548/configuration/linkerhand_l20_left_base.usd@</linkerhand_l20_left/pinky_tip/visuals> (recomposing stage on stage @anon:0x6533d3be8570:World0.usd@ <0x6533d3bedb00>)

2026-08-07T17:53:36Z [9,536ms] [Warning] [omni.usd] Warning: in _ReportErrors at line 3172 of /builds/omniverse/usd-ci/USD/pxr/usd/usd/stage.cpp -- In </World/envs/env_1/LinkerHand/ring_tip/visuals>: Unresolved reference prim path @/tmp/IsaacLab/usd_20260807_105335_548/configuration/linkerhand_l20_left_physics.usd@</visuals/ring_tip> introduced by @/tmp/IsaacLab/usd_20260807_105335_548/configuration/linkerhand_l20_left_base.usd@</linkerhand_l20_left/ring_tip/visuals> (recomposing stage on stage @anon:0x6533d3be8570:World0.usd@ <0x6533d3bedb00>)

2026-08-07T17:53:36Z [9,536ms] [Warning] [omni.usd] Warning: in _ReportErrors at line 3172 of /builds/omniverse/usd-ci/USD/pxr/usd/usd/stage.cpp -- In </World/envs/env_105/LinkerHand/middle_tip/visuals>: Unresolved reference prim path @/tmp/IsaacLab/usd_20260807_105335_548/configuration/linkerhand_l20_left_physics.usd@</visuals/middle_tip> introduced by @/tmp/IsaacLab/usd_20260807_105335_548/configuration/linkerhand_l20_left_base.usd@</linkerhand_l20_left/middle_tip/visuals> (recomposing stage on stage @anon:0x6533d3be8570:World0.usd@ <0x6533d3bedb00>)

2026-08-07T17:53:36Z [9,536ms] [Warning] [omni.usd] Warning: in _ReportErrors at line 3172 of /builds/omniverse/usd-ci/USD/pxr/usd/usd/stage.cpp -- In </World/envs/env_16/Screwdriver/vitrual_link_1/visuals>: Unresolved reference prim path @/tmp/IsaacLab/usd_20260807_105335_5437/configuration/screwdriver_64mm_handle_physics.usd@</visuals/vitrual_link_1> introduced by @/tmp/IsaacLab/usd_20260807_105335_5437/configuration/screwdriver_64mm_handle_base.usd@</screwdriver_on_the_table_64mm_handle/vitrual_link_1/visuals> (recomposing stage on stage @anon:0x6533d3be8570:World0.usd@ <0x6533d3bedb00>)

2026-08-07T17:53:36Z [9,536ms] [Warning] [omni.usd] Warning: in _ReportErrors at line 3172 of /builds/omniverse/usd-ci/USD/pxr/usd/usd/stage.cpp -- In </World/envs/env_14/LinkerHand/thumb_tip/visuals>: Unresolved reference prim path @/tmp/IsaacLab/usd_20260807_105335_548/configuration/linkerhand_l20_left_physics.usd@</visuals/thumb_tip> introduced by @/tmp/IsaacLab/usd_20260807_105335_548/configuration/linkerhand_l20_left_base.usd@</linkerhand_l20_left/thumb_tip/visuals> (recomposing stage on stage @anon:0x6533d3be8570:World0.usd@ <0x6533d3bedb00>)

2026-08-07T17:53:36Z [9,536ms] [Warning] [omni.usd] Warning: in _ReportErrors at line 3172 of /builds/omniverse/usd-ci/USD/pxr/usd/usd/stage.cpp -- In </World/envs/env_16/Screwdriver/vitrual_link_2/visuals>: Unresolved reference prim path @/tmp/IsaacLab/usd_20260807_105335_5437/configuration/screwdriver_64mm_handle_physics.usd@</visuals/vitrual_link_2> introduced by @/tmp/IsaacLab/usd_20260807_105335_5437/configuration/screwdriver_64mm_handle_base.usd@</screwdriver_on_the_table_64mm_handle/vitrual_link_2/visuals> (recomposing stage on stage @anon:0x6533d3be8570:World0.usd@ <0x6533d3bedb00>)

2026-08-07T17:53:36Z [9,536ms] [Warning] [omni.usd] Warning: in _ReportErrors at line 3172 of /builds/omniverse/usd-ci/USD/pxr/usd/usd/stage.cpp -- In </World/envs/env_16/LinkerHand/thumb_tip/visuals>: Unresolved reference prim path @/tmp/IsaacLab/usd_20260807_105335_548/configuration/linkerhand_l20_left_physics.usd@</visuals/thumb_tip> introduced by @/tmp/IsaacLab/usd_20260807_105335_548/configuration/linkerhand_l20_left_base.usd@</linkerhand_l20_left/thumb_tip/visuals> (recomposing stage on stage @anon:0x6533d3be8570:World0.usd@ <0x6533d3bedb00>)

2026-08-07T17:53:36Z [9,536ms] [Warning] [omni.usd] Warning: in _ReportErrors at line 3172 of /builds/omniverse/usd-ci/USD/pxr/usd/usd/stage.cpp -- In </World/envs/env_121/LinkerHand/index_tip/visuals>: Unresolved reference prim path @/tmp/IsaacLab/usd_20260807_105335_548/configuration/linkerhand_l20_left_physics.usd@</visuals/index_tip> introduced by @/tmp/IsaacLab/usd_20260807_105335_548/configuration/linkerhand_l20_left_base.usd@</linkerhand_l20_left/index_tip/visuals> (recomposing stage on stage @anon:0x6533d3be8570:World0.usd@ <0x6533d3bedb00>)

2026-08-07T17:53:36Z [9,536ms] [Warning] [omni.usd] Warning: in _ReportErrors at line 3172 of /builds/omniverse/usd-ci/USD/pxr/usd/usd/stage.cpp -- In </World/envs/env_15/LinkerHand/thumb_tip/visuals>: Unresolved reference prim path @/tmp/IsaacLab/usd_20260807_105335_548/configuration/linkerhand_l20_left_physics.usd@</visuals/thumb_tip> introduced by @/tmp/IsaacLab/usd_20260807_105335_548/configuration/linkerhand_l20_left_base.usd@</linkerhand_l20_left/thumb_tip/visuals> (recomposing stage on stage @anon:0x6533d3be8570:World0.usd@ <0x6533d3bedb00>)

2026-08-07T17:53:36Z [9,536ms] [Warning] [omni.usd] Warning: in _ReportErrors at line 3172 of /builds/omniverse/usd-ci/USD/pxr/usd/usd/stage.cpp -- In </World/envs/env_17/Screwdriver/vitrual_link_2/visuals>: Unresolved reference prim path @/tmp/IsaacLab/usd_20260807_105335_5437/configuration/screwdriver_64mm_handle_physics.usd@</visuals/vitrual_link_2> introduced by @/tmp/IsaacLab/usd_20260807_105335_5437/configuration/screwdriver_64mm_handle_base.usd@</screwdriver_on_the_table_64mm_handle/vitrual_link_2/visuals> (recomposing stage on stage @anon:0x6533d3be8570:World0.usd@ <0x6533d3bedb00>)

2026-08-07T17:53:36Z [9,536ms] [Warning] [omni.usd] Warning: in _ReportErrors at line 3172 of /builds/omniverse/usd-ci/USD/pxr/usd/usd/stage.cpp -- In </World/envs/env_17/Screwdriver/vitrual_link_1/visuals>: Unresolved reference prim path @/tmp/IsaacLab/usd_20260807_105335_5437/configuration/screwdriver_64mm_handle_physics.usd@</visuals/vitrual_link_1> introduced by @/tmp/IsaacLab/usd_20260807_105335_5437/configuration/screwdriver_64mm_handle_base.usd@</screwdriver_on_the_table_64mm_handle/vitrual_link_1/visuals> (recomposing stage on stage @anon:0x6533d3be8570:World0.usd@ <0x6533d3bedb00>)

2026-08-07T17:53:36Z [9,536ms] [Warning] [omni.usd] Warning: in _ReportErrors at line 3172 of /builds/omniverse/usd-ci/USD/pxr/usd/usd/stage.cpp -- In </World/envs/env_127/LinkerHand/middle_tip/visuals>: Unresolved reference prim path @/tmp/IsaacLab/usd_20260807_105335_548/configuration/linkerhand_l20_left_physics.usd@</visuals/middle_tip> introduced by @/tmp/IsaacLab/usd_20260807_105335_548/configuration/linkerhand_l20_left_base.usd@</linkerhand_l20_left/middle_tip/visuals> (recomposing stage on stage @anon:0x6533d3be8570:World0.usd@ <0x6533d3bedb00>)

2026-08-07T17:53:36Z [9,536ms] [Warning] [omni.usd] Warning: in _ReportErrors at line 3172 of /builds/omniverse/usd-ci/USD/pxr/usd/usd/stage.cpp -- In </World/envs/env_101/LinkerHand/ring_tip/visuals>: Unresolved reference prim path @/tmp/IsaacLab/usd_20260807_105335_548/configuration/linkerhand_l20_left_physics.usd@</visuals/ring_tip> introduced by @/tmp/IsaacLab/usd_20260807_105335_548/configuration/linkerhand_l20_left_base.usd@</linkerhand_l20_left/ring_tip/visuals> (recomposing stage on stage @anon:0x6533d3be8570:World0.usd@ <0x6533d3bedb00>)

2026-08-07T17:53:36Z [9,536ms] [Warning] [omni.usd] Warning: in _ReportErrors at line 3172 of /builds/omniverse/usd-ci/USD/pxr/usd/usd/stage.cpp -- In </World/envs/env_99/LinkerHand/middle_tip/visuals>: Unresolved reference prim path @/tmp/IsaacLab/usd_20260807_105335_548/configuration/linkerhand_l20_left_physics.usd@</visuals/middle_tip> introduced by @/tmp/IsaacLab/usd_20260807_105335_548/configuration/linkerhand_l20_left_base.usd@</linkerhand_l20_left/middle_tip/visuals> (recomposing stage on stage @anon:0x6533d3be8570:World0.usd@ <0x6533d3bedb00>)

2026-08-07T17:53:36Z [9,536ms] [Warning] [omni.usd] Warning: in _ReportErrors at line 3172 of /builds/omniverse/usd-ci/USD/pxr/usd/usd/stage.cpp -- In </World/envs/env_15/Screwdriver/vitrual_link_2/visuals>: Unresolved reference prim path @/tmp/IsaacLab/usd_20260807_105335_5437/configuration/screwdriver_64mm_handle_physics.usd@</visuals/vitrual_link_2> introduced by @/tmp/IsaacLab/usd_20260807_105335_5437/configuration/screwdriver_64mm_handle_base.usd@</screwdriver_on_the_table_64mm_handle/vitrual_link_2/visuals> (recomposing stage on stage @anon:0x6533d3be8570:World0.usd@ <0x6533d3bedb00>)

2026-08-07T17:53:36Z [9,536ms] [Warning] [omni.usd] Warning: in _ReportErrors at line 3172 of /builds/omniverse/usd-ci/USD/pxr/usd/usd/stage.cpp -- In </World/envs/env_126/LinkerHand/ring_tip/visuals>: Unresolved reference prim path @/tmp/IsaacLab/usd_20260807_105335_548/configuration/linkerhand_l20_left_physics.usd@</visuals/ring_tip> introduced by @/tmp/IsaacLab/usd_20260807_105335_548/configuration/linkerhand_l20_left_base.usd@</linkerhand_l20_left/ring_tip/visuals> (recomposing stage on stage @anon:0x6533d3be8570:World0.usd@ <0x6533d3bedb00>)

2026-08-07T17:53:36Z [9,536ms] [Warning] [omni.usd] Warning: in _ReportErrors at line 3172 of /builds/omniverse/usd-ci/USD/pxr/usd/usd/stage.cpp -- In </World/envs/env_17/LinkerHand/thumb_tip/visuals>: Unresolved reference prim path @/tmp/IsaacLab/usd_20260807_105335_548/configuration/linkerhand_l20_left_physics.usd@</visuals/thumb_tip> introduced by @/tmp/IsaacLab/usd_20260807_105335_548/configuration/linkerhand_l20_left_base.usd@</linkerhand_l20_left/thumb_tip/visuals> (recomposing stage on stage @anon:0x6533d3be8570:World0.usd@ <0x6533d3bedb00>)

2026-08-07T17:53:36Z [9,536ms] [Warning] [omni.usd] Warning: in _ReportErrors at line 3172 of /builds/omniverse/usd-ci/USD/pxr/usd/usd/stage.cpp -- In </World/envs/env_18/Screwdriver/vitrual_link_2/visuals>: Unresolved reference prim path @/tmp/IsaacLab/usd_20260807_105335_5437/configuration/screwdriver_64mm_handle_physics.usd@</visuals/vitrual_link_2> introduced by @/tmp/IsaacLab/usd_20260807_105335_5437/configuration/screwdriver_64mm_handle_base.usd@</screwdriver_on_the_table_64mm_handle/vitrual_link_2/visuals> (recomposing stage on stage @anon:0x6533d3be8570:World0.usd@ <0x6533d3bedb00>)

2026-08-07T17:53:36Z [9,536ms] [Warning] [omni.usd] Warning: in _ReportErrors at line 3172 of /builds/omniverse/usd-ci/USD/pxr/usd/usd/stage.cpp -- In </World/envs/env_13/LinkerHand/middle_tip/visuals>: Unresolved reference prim path @/tmp/IsaacLab/usd_20260807_105335_548/configuration/linkerhand_l20_left_physics.usd@</visuals/middle_tip> introduced by @/tmp/IsaacLab/usd_20260807_105335_548/configuration/linkerhand_l20_left_base.usd@</linkerhand_l20_left/middle_tip/visuals> (recomposing stage on stage @anon:0x6533d3be8570:World0.usd@ <0x6533d3bedb00>)

2026-08-07T17:53:36Z [9,536ms] [Warning] [omni.usd] Warning: in _ReportErrors at line 3172 of /builds/omniverse/usd-ci/USD/pxr/usd/usd/stage.cpp -- In </World/envs/env_120/LinkerHand/ring_tip/visuals>: Unresolved reference prim path @/tmp/IsaacLab/usd_20260807_105335_548/configuration/linkerhand_l20_left_physics.usd@</visuals/ring_tip> introduced by @/tmp/IsaacLab/usd_20260807_105335_548/configuration/linkerhand_l20_left_base.usd@</linkerhand_l20_left/ring_tip/visuals> (recomposing stage on stage @anon:0x6533d3be8570:World0.usd@ <0x6533d3bedb00>)

2026-08-07T17:53:36Z [9,536ms] [Warning] [omni.usd] Warning: in _ReportErrors at line 3172 of /builds/omniverse/usd-ci/USD/pxr/usd/usd/stage.cpp -- In </World/envs/env_16/LinkerHand/ring_tip/visuals>: Unresolved reference prim path @/tmp/IsaacLab/usd_20260807_105335_548/configuration/linkerhand_l20_left_physics.usd@</visuals/ring_tip> introduced by @/tmp/IsaacLab/usd_20260807_105335_548/configuration/linkerhand_l20_left_base.usd@</linkerhand_l20_left/ring_tip/visuals> (recomposing stage on stage @anon:0x6533d3be8570:World0.usd@ <0x6533d3bedb00>)

2026-08-07T17:53:36Z [9,536ms] [Warning] [omni.usd] Warning: in _ReportErrors at line 3172 of /builds/omniverse/usd-ci/USD/pxr/usd/usd/stage.cpp -- In </World/envs/env_16/LinkerHand/index_tip/visuals>: Unresolved reference prim path @/tmp/IsaacLab/usd_20260807_105335_548/configuration/linkerhand_l20_left_physics.usd@</visuals/index_tip> introduced by @/tmp/IsaacLab/usd_20260807_105335_548/configuration/linkerhand_l20_left_base.usd@</linkerhand_l20_left/index_tip/visuals> (recomposing stage on stage @anon:0x6533d3be8570:World0.usd@ <0x6533d3bedb00>)

2026-08-07T17:53:36Z [9,536ms] [Warning] [omni.usd] Warning: in _ReportErrors at line 3172 of /builds/omniverse/usd-ci/USD/pxr/usd/usd/stage.cpp -- In </World/envs/env_15/Screwdriver/vitrual_link_1/visuals>: Unresolved reference prim path @/tmp/IsaacLab/usd_20260807_105335_5437/configuration/screwdriver_64mm_handle_physics.usd@</visuals/vitrual_link_1> introduced by @/tmp/IsaacLab/usd_20260807_105335_5437/configuration/screwdriver_64mm_handle_base.usd@</screwdriver_on_the_table_64mm_handle/vitrual_link_1/visuals> (recomposing stage on stage @anon:0x6533d3be8570:World0.usd@ <0x6533d3bedb00>)

2026-08-07T17:53:36Z [9,536ms] [Warning] [omni.usd] Warning: in _ReportErrors at line 3172 of /builds/omniverse/usd-ci/USD/pxr/usd/usd/stage.cpp -- In </World/envs/env_121/LinkerHand/pinky_tip/visuals>: Unresolved reference prim path @/tmp/IsaacLab/usd_20260807_105335_548/configuration/linkerhand_l20_left_physics.usd@</visuals/pinky_tip> introduced by @/tmp/IsaacLab/usd_20260807_105335_548/configuration/linkerhand_l20_left_base.usd@</linkerhand_l20_left/pinky_tip/visuals> (recomposing stage on stage @anon:0x6533d3be8570:World0.usd@ <0x6533d3bedb00>)

2026-08-07T17:53:36Z [9,536ms] [Warning] [omni.usd] Warning: in _ReportErrors at line 3172 of /builds/omniverse/usd-ci/USD/pxr/usd/usd/stage.cpp -- In </World/envs/env_108/LinkerHand/ring_tip/visuals>: Unresolved reference prim path @/tmp/IsaacLab/usd_20260807_105335_548/configuration/linkerhand_l20_left_physics.usd@</visuals/ring_tip> introduced by @/tmp/IsaacLab/usd_20260807_105335_548/configuration/linkerhand_l20_left_base.usd@</linkerhand_l20_left/ring_tip/visuals> (recomposing stage on stage @anon:0x6533d3be8570:World0.usd@ <0x6533d3bedb00>)

2026-08-07T17:53:36Z [9,536ms] [Warning] [omni.usd] Warning: in _ReportErrors at line 3172 of /builds/omniverse/usd-ci/USD/pxr/usd/usd/stage.cpp -- In </World/envs/env_102/LinkerHand/ring_tip/visuals>: Unresolved reference prim path @/tmp/IsaacLab/usd_20260807_105335_548/configuration/linkerhand_l20_left_physics.usd@</visuals/ring_tip> introduced by @/tmp/IsaacLab/usd_20260807_105335_548/configuration/linkerhand_l20_left_base.usd@</linkerhand_l20_left/ring_tip/visuals> (recomposing stage on stage @anon:0x6533d3be8570:World0.usd@ <0x6533d3bedb00>)

2026-08-07T17:53:36Z [9,536ms] [Warning] [omni.usd] Warning: in _ReportErrors at line 3172 of /builds/omniverse/usd-ci/USD/pxr/usd/usd/stage.cpp -- In </World/envs/env_123/LinkerHand/index_tip/visuals>: Unresolved reference prim path @/tmp/IsaacLab/usd_20260807_105335_548/configuration/linkerhand_l20_left_physics.usd@</visuals/index_tip> introduced by @/tmp/IsaacLab/usd_20260807_105335_548/configuration/linkerhand_l20_left_base.usd@</linkerhand_l20_left/index_tip/visuals> (recomposing stage on stage @anon:0x6533d3be8570:World0.usd@ <0x6533d3bedb00>)

2026-08-07T17:53:36Z [9,536ms] [Warning] [omni.usd] Warning: in _ReportErrors at line 3172 of /builds/omniverse/usd-ci/USD/pxr/usd/usd/stage.cpp -- In </World/envs/env_18/Screwdriver/vitrual_link_1/visuals>: Unresolved reference prim path @/tmp/IsaacLab/usd_20260807_105335_5437/configuration/screwdriver_64mm_handle_physics.usd@</visuals/vitrual_link_1> introduced by @/tmp/IsaacLab/usd_20260807_105335_5437/configuration/screwdriver_64mm_handle_base.usd@</screwdriver_on_the_table_64mm_handle/vitrual_link_1/visuals> (recomposing stage on stage @anon:0x6533d3be8570:World0.usd@ <0x6533d3bedb00>)

2026-08-07T17:53:36Z [9,536ms] [Warning] [omni.usd] Warning: in _ReportErrors at line 3172 of /builds/omniverse/usd-ci/USD/pxr/usd/usd/stage.cpp -- In </World/envs/env_13/LinkerHand/index_tip/visuals>: Unresolved reference prim path @/tmp/IsaacLab/usd_20260807_105335_548/configuration/linkerhand_l20_left_physics.usd@</visuals/index_tip> introduced by @/tmp/IsaacLab/usd_20260807_105335_548/configuration/linkerhand_l20_left_base.usd@</linkerhand_l20_left/index_tip/visuals> (recomposing stage on stage @anon:0x6533d3be8570:World0.usd@ <0x6533d3bedb00>)

2026-08-07T17:53:36Z [9,536ms] [Warning] [omni.usd] Warning: in _ReportErrors at line 3172 of /builds/omniverse/usd-ci/USD/pxr/usd/usd/stage.cpp -- In </World/envs/env_15/LinkerHand/ring_tip/visuals>: Unresolved reference prim path @/tmp/IsaacLab/usd_20260807_105335_548/configuration/linkerhand_l20_left_physics.usd@</visuals/ring_tip> introduced by @/tmp/IsaacLab/usd_20260807_105335_548/configuration/linkerhand_l20_left_base.usd@</linkerhand_l20_left/ring_tip/visuals> (recomposing stage on stage @anon:0x6533d3be8570:World0.usd@ <0x6533d3bedb00>)

2026-08-07T17:53:36Z [9,536ms] [Warning] [omni.usd] Warning: in _ReportErrors at line 3172 of /builds/omniverse/usd-ci/USD/pxr/usd/usd/stage.cpp -- In </World/envs/env_14/LinkerHand/ring_tip/visuals>: Unresolved reference prim path @/tmp/IsaacLab/usd_20260807_105335_548/configuration/linkerhand_l20_left_physics.usd@</visuals/ring_tip> introduced by @/tmp/IsaacLab/usd_20260807_105335_548/configuration/linkerhand_l20_left_base.usd@</linkerhand_l20_left/ring_tip/visuals> (recomposing stage on stage @anon:0x6533d3be8570:World0.usd@ <0x6533d3bedb00>)

2026-08-07T17:53:36Z [9,536ms] [Warning] [omni.usd] Warning: in _ReportErrors at line 3172 of /builds/omniverse/usd-ci/USD/pxr/usd/usd/stage.cpp -- In </World/envs/env_102/LinkerHand/index_tip/visuals>: Unresolved reference prim path @/tmp/IsaacLab/usd_20260807_105335_548/configuration/linkerhand_l20_left_physics.usd@</visuals/index_tip> introduced by @/tmp/IsaacLab/usd_20260807_105335_548/configuration/linkerhand_l20_left_base.usd@</linkerhand_l20_left/index_tip/visuals> (recomposing stage on stage @anon:0x6533d3be8570:World0.usd@ <0x6533d3bedb00>)

2026-08-07T17:53:36Z [9,536ms] [Warning] [omni.usd] Warning: in _ReportErrors at line 3172 of /builds/omniverse/usd-ci/USD/pxr/usd/usd/stage.cpp -- In </World/envs/env_19/LinkerHand/thumb_tip/visuals>: Unresolved reference prim path @/tmp/IsaacLab/usd_20260807_105335_548/configuration/linkerhand_l20_left_physics.usd@</visuals/thumb_tip> introduced by @/tmp/IsaacLab/usd_20260807_105335_548/configuration/linkerhand_l20_left_base.usd@</linkerhand_l20_left/thumb_tip/visuals> (recomposing stage on stage @anon:0x6533d3be8570:World0.usd@ <0x6533d3bedb00>)

2026-08-07T17:53:36Z [9,536ms] [Warning] [omni.usd] Warning: in _ReportErrors at line 3172 of /builds/omniverse/usd-ci/USD/pxr/usd/usd/stage.cpp -- In </World/envs/env_20/Screwdriver/vitrual_link_2/visuals>: Unresolved reference prim path @/tmp/IsaacLab/usd_20260807_105335_5437/configuration/screwdriver_64mm_handle_physics.usd@</visuals/vitrual_link_2> introduced by @/tmp/IsaacLab/usd_20260807_105335_5437/configuration/screwdriver_64mm_handle_base.usd@</screwdriver_on_the_table_64mm_handle/vitrual_link_2/visuals> (recomposing stage on stage @anon:0x6533d3be8570:World0.usd@ <0x6533d3bedb00>)

2026-08-07T17:53:36Z [9,536ms] [Warning] [omni.usd] Warning: in _ReportErrors at line 3172 of /builds/omniverse/usd-ci/USD/pxr/usd/usd/stage.cpp -- In </World/envs/env_2/Screwdriver/vitrual_link_1/visuals>: Unresolved reference prim path @/tmp/IsaacLab/usd_20260807_105335_5437/configuration/screwdriver_64mm_handle_physics.usd@</visuals/vitrual_link_1> introduced by @/tmp/IsaacLab/usd_20260807_105335_5437/configuration/screwdriver_64mm_handle_base.usd@</screwdriver_on_the_table_64mm_handle/vitrual_link_1/visuals> (recomposing stage on stage @anon:0x6533d3be8570:World0.usd@ <0x6533d3bedb00>)

2026-08-07T17:53:36Z [9,536ms] [Warning] [omni.usd] Warning: in _ReportErrors at line 3172 of /builds/omniverse/usd-ci/USD/pxr/usd/usd/stage.cpp -- In </World/envs/env_19/Screwdriver/vitrual_link_1/visuals>: Unresolved reference prim path @/tmp/IsaacLab/usd_20260807_105335_5437/configuration/screwdriver_64mm_handle_physics.usd@</visuals/vitrual_link_1> introduced by @/tmp/IsaacLab/usd_20260807_105335_5437/configuration/screwdriver_64mm_handle_base.usd@</screwdriver_on_the_table_64mm_handle/vitrual_link_1/visuals> (recomposing stage on stage @anon:0x6533d3be8570:World0.usd@ <0x6533d3bedb00>)

2026-08-07T17:53:36Z [9,536ms] [Warning] [omni.usd] Warning: in _ReportErrors at line 3172 of /builds/omniverse/usd-ci/USD/pxr/usd/usd/stage.cpp -- In </World/envs/env_126/LinkerHand/pinky_tip/visuals>: Unresolved reference prim path @/tmp/IsaacLab/usd_20260807_105335_548/configuration/linkerhand_l20_left_physics.usd@</visuals/pinky_tip> introduced by @/tmp/IsaacLab/usd_20260807_105335_548/configuration/linkerhand_l20_left_base.usd@</linkerhand_l20_left/pinky_tip/visuals> (recomposing stage on stage @anon:0x6533d3be8570:World0.usd@ <0x6533d3bedb00>)

2026-08-07T17:53:36Z [9,536ms] [Warning] [omni.usd] Warning: in _ReportErrors at line 3172 of /builds/omniverse/usd-ci/USD/pxr/usd/usd/stage.cpp -- In </World/envs/env_2/LinkerHand/thumb_tip/visuals>: Unresolved reference prim path @/tmp/IsaacLab/usd_20260807_105335_548/configuration/linkerhand_l20_left_physics.usd@</visuals/thumb_tip> introduced by @/tmp/IsaacLab/usd_20260807_105335_548/configuration/linkerhand_l20_left_base.usd@</linkerhand_l20_left/thumb_tip/visuals> (recomposing stage on stage @anon:0x6533d3be8570:World0.usd@ <0x6533d3bedb00>)

2026-08-07T17:53:36Z [9,536ms] [Warning] [omni.usd] Warning: in _ReportErrors at line 3172 of /builds/omniverse/usd-ci/USD/pxr/usd/usd/stage.cpp -- In </World/envs/env_18/LinkerHand/thumb_tip/visuals>: Unresolved reference prim path @/tmp/IsaacLab/usd_20260807_105335_548/configuration/linkerhand_l20_left_physics.usd@</visuals/thumb_tip> introduced by @/tmp/IsaacLab/usd_20260807_105335_548/configuration/linkerhand_l20_left_base.usd@</linkerhand_l20_left/thumb_tip/visuals> (recomposing stage on stage @anon:0x6533d3be8570:World0.usd@ <0x6533d3bedb00>)

2026-08-07T17:53:36Z [9,536ms] [Warning] [omni.usd] Warning: in _ReportErrors at line 3172 of /builds/omniverse/usd-ci/USD/pxr/usd/usd/stage.cpp -- In </World/envs/env_20/Screwdriver/vitrual_link_1/visuals>: Unresolved reference prim path @/tmp/IsaacLab/usd_20260807_105335_5437/configuration/screwdriver_64mm_handle_physics.usd@</visuals/vitrual_link_1> introduced by @/tmp/IsaacLab/usd_20260807_105335_5437/configuration/screwdriver_64mm_handle_base.usd@</screwdriver_on_the_table_64mm_handle/vitrual_link_1/visuals> (recomposing stage on stage @anon:0x6533d3be8570:World0.usd@ <0x6533d3bedb00>)

2026-08-07T17:53:36Z [9,536ms] [Warning] [omni.usd] Warning: in _ReportErrors at line 3172 of /builds/omniverse/usd-ci/USD/pxr/usd/usd/stage.cpp -- In </World/envs/env_16/LinkerHand/pinky_tip/visuals>: Unresolved reference prim path @/tmp/IsaacLab/usd_20260807_105335_548/configuration/linkerhand_l20_left_physics.usd@</visuals/pinky_tip> introduced by @/tmp/IsaacLab/usd_20260807_105335_548/configuration/linkerhand_l20_left_base.usd@</linkerhand_l20_left/pinky_tip/visuals> (recomposing stage on stage @anon:0x6533d3be8570:World0.usd@ <0x6533d3bedb00>)

2026-08-07T17:53:36Z [9,536ms] [Warning] [omni.usd] Warning: in _ReportErrors at line 3172 of /builds/omniverse/usd-ci/USD/pxr/usd/usd/stage.cpp -- In </World/envs/env_127/LinkerHand/index_tip/visuals>: Unresolved reference prim path @/tmp/IsaacLab/usd_20260807_105335_548/configuration/linkerhand_l20_left_physics.usd@</visuals/index_tip> introduced by @/tmp/IsaacLab/usd_20260807_105335_548/configuration/linkerhand_l20_left_base.usd@</linkerhand_l20_left/index_tip/visuals> (recomposing stage on stage @anon:0x6533d3be8570:World0.usd@ <0x6533d3bedb00>)

2026-08-07T17:53:36Z [9,536ms] [Warning] [omni.usd] Warning: in _ReportErrors at line 3172 of /builds/omniverse/usd-ci/USD/pxr/usd/usd/stage.cpp -- In </World/envs/env_121/LinkerHand/middle_tip/visuals>: Unresolved reference prim path @/tmp/IsaacLab/usd_20260807_105335_548/configuration/linkerhand_l20_left_physics.usd@</visuals/middle_tip> introduced by @/tmp/IsaacLab/usd_20260807_105335_548/configuration/linkerhand_l20_left_base.usd@</linkerhand_l20_left/middle_tip/visuals> (recomposing stage on stage @anon:0x6533d3be8570:World0.usd@ <0x6533d3bedb00>)

2026-08-07T17:53:36Z [9,536ms] [Warning] [omni.usd] Warning: in _ReportErrors at line 3172 of /builds/omniverse/usd-ci/USD/pxr/usd/usd/stage.cpp -- In </World/envs/env_102/LinkerHand/pinky_tip/visuals>: Unresolved reference prim path @/tmp/IsaacLab/usd_20260807_105335_548/configuration/linkerhand_l20_left_physics.usd@</visuals/pinky_tip> introduced by @/tmp/IsaacLab/usd_20260807_105335_548/configuration/linkerhand_l20_left_base.usd@</linkerhand_l20_left/pinky_tip/visuals> (recomposing stage on stage @anon:0x6533d3be8570:World0.usd@ <0x6533d3bedb00>)

2026-08-07T17:53:36Z [9,536ms] [Warning] [omni.usd] Warning: in _ReportErrors at line 3172 of /builds/omniverse/usd-ci/USD/pxr/usd/usd/stage.cpp -- In </World/envs/env_120/LinkerHand/pinky_tip/visuals>: Unresolved reference prim path @/tmp/IsaacLab/usd_20260807_105335_548/configuration/linkerhand_l20_left_physics.usd@</visuals/pinky_tip> introduced by @/tmp/IsaacLab/usd_20260807_105335_548/configuration/linkerhand_l20_left_base.usd@</linkerhand_l20_left/pinky_tip/visuals> (recomposing stage on stage @anon:0x6533d3be8570:World0.usd@ <0x6533d3bedb00>)

2026-08-07T17:53:36Z [9,536ms] [Warning] [omni.usd] Warning: in _ReportErrors at line 3172 of /builds/omniverse/usd-ci/USD/pxr/usd/usd/stage.cpp -- In </World/envs/env_101/LinkerHand/pinky_tip/visuals>: Unresolved reference prim path @/tmp/IsaacLab/usd_20260807_105335_548/configuration/linkerhand_l20_left_physics.usd@</visuals/pinky_tip> introduced by @/tmp/IsaacLab/usd_20260807_105335_548/configuration/linkerhand_l20_left_base.usd@</linkerhand_l20_left/pinky_tip/visuals> (recomposing stage on stage @anon:0x6533d3be8570:World0.usd@ <0x6533d3bedb00>)

2026-08-07T17:53:36Z [9,536ms] [Warning] [omni.usd] Warning: in _ReportErrors at line 3172 of /builds/omniverse/usd-ci/USD/pxr/usd/usd/stage.cpp -- In </World/envs/env_21/LinkerHand/thumb_tip/visuals>: Unresolved reference prim path @/tmp/IsaacLab/usd_20260807_105335_548/configuration/linkerhand_l20_left_physics.usd@</visuals/thumb_tip> introduced by @/tmp/IsaacLab/usd_20260807_105335_548/configuration/linkerhand_l20_left_base.usd@</linkerhand_l20_left/thumb_tip/visuals> (recomposing stage on stage @anon:0x6533d3be8570:World0.usd@ <0x6533d3bedb00>)

2026-08-07T17:53:36Z [9,536ms] [Warning] [omni.usd] Warning: in _ReportErrors at line 3172 of /builds/omniverse/usd-ci/USD/pxr/usd/usd/stage.cpp -- In </World/envs/env_19/Screwdriver/vitrual_link_2/visuals>: Unresolved reference prim path @/tmp/IsaacLab/usd_20260807_105335_5437/configuration/screwdriver_64mm_handle_physics.usd@</visuals/vitrual_link_2> introduced by @/tmp/IsaacLab/usd_20260807_105335_5437/configuration/screwdriver_64mm_handle_base.usd@</screwdriver_on_the_table_64mm_handle/vitrual_link_2/visuals> (recomposing stage on stage @anon:0x6533d3be8570:World0.usd@ <0x6533d3bedb00>)

2026-08-07T17:53:36Z [9,536ms] [Warning] [omni.usd] Warning: in _ReportErrors at line 3172 of /builds/omniverse/usd-ci/USD/pxr/usd/usd/stage.cpp -- In </World/envs/env_2/Screwdriver/vitrual_link_2/visuals>: Unresolved reference prim path @/tmp/IsaacLab/usd_20260807_105335_5437/configuration/screwdriver_64mm_handle_physics.usd@</visuals/vitrual_link_2> introduced by @/tmp/IsaacLab/usd_20260807_105335_5437/configuration/screwdriver_64mm_handle_base.usd@</screwdriver_on_the_table_64mm_handle/vitrual_link_2/visuals> (recomposing stage on stage @anon:0x6533d3be8570:World0.usd@ <0x6533d3bedb00>)

2026-08-07T17:53:36Z [9,536ms] [Warning] [omni.usd] Warning: in _ReportErrors at line 3172 of /builds/omniverse/usd-ci/USD/pxr/usd/usd/stage.cpp -- In </World/envs/env_20/LinkerHand/thumb_tip/visuals>: Unresolved reference prim path @/tmp/IsaacLab/usd_20260807_105335_548/configuration/linkerhand_l20_left_physics.usd@</visuals/thumb_tip> introduced by @/tmp/IsaacLab/usd_20260807_105335_548/configuration/linkerhand_l20_left_base.usd@</linkerhand_l20_left/thumb_tip/visuals> (recomposing stage on stage @anon:0x6533d3be8570:World0.usd@ <0x6533d3bedb00>)

2026-08-07T17:53:36Z [9,536ms] [Warning] [omni.usd] Warning: in _ReportErrors at line 3172 of /builds/omniverse/usd-ci/USD/pxr/usd/usd/stage.cpp -- In </World/envs/env_99/LinkerHand/index_tip/visuals>: Unresolved reference prim path @/tmp/IsaacLab/usd_20260807_105335_548/configuration/linkerhand_l20_left_physics.usd@</visuals/index_tip> introduced by @/tmp/IsaacLab/usd_20260807_105335_548/configuration/linkerhand_l20_left_base.usd@</linkerhand_l20_left/index_tip/visuals> (recomposing stage on stage @anon:0x6533d3be8570:World0.usd@ <0x6533d3bedb00>)

2026-08-07T17:53:36Z [9,536ms] [Warning] [omni.usd] Warning: in _ReportErrors at line 3172 of /builds/omniverse/usd-ci/USD/pxr/usd/usd/stage.cpp -- In </World/envs/env_21/Screwdriver/vitrual_link_2/visuals>: Unresolved reference prim path @/tmp/IsaacLab/usd_20260807_105335_5437/configuration/screwdriver_64mm_handle_physics.usd@</visuals/vitrual_link_2> introduced by @/tmp/IsaacLab/usd_20260807_105335_5437/configuration/screwdriver_64mm_handle_base.usd@</screwdriver_on_the_table_64mm_handle/vitrual_link_2/visuals> (recomposing stage on stage @anon:0x6533d3be8570:World0.usd@ <0x6533d3bedb00>)

2026-08-07T17:53:36Z [9,536ms] [Warning] [omni.usd] Warning: in _ReportErrors at line 3172 of /builds/omniverse/usd-ci/USD/pxr/usd/usd/stage.cpp -- In </World/envs/env_21/Screwdriver/vitrual_link_1/visuals>: Unresolved reference prim path @/tmp/IsaacLab/usd_20260807_105335_5437/configuration/screwdriver_64mm_handle_physics.usd@</visuals/vitrual_link_1> introduced by @/tmp/IsaacLab/usd_20260807_105335_5437/configuration/screwdriver_64mm_handle_base.usd@</screwdriver_on_the_table_64mm_handle/vitrual_link_1/visuals> (recomposing stage on stage @anon:0x6533d3be8570:World0.usd@ <0x6533d3bedb00>)

2026-08-07T17:53:36Z [9,536ms] [Warning] [omni.usd] Warning: in _ReportErrors at line 3172 of /builds/omniverse/usd-ci/USD/pxr/usd/usd/stage.cpp -- In </World/envs/env_17/LinkerHand/ring_tip/visuals>: Unresolved reference prim path @/tmp/IsaacLab/usd_20260807_105335_548/configuration/linkerhand_l20_left_physics.usd@</visuals/ring_tip> introduced by @/tmp/IsaacLab/usd_20260807_105335_548/configuration/linkerhand_l20_left_base.usd@</linkerhand_l20_left/ring_tip/visuals> (recomposing stage on stage @anon:0x6533d3be8570:World0.usd@ <0x6533d3bedb00>)

2026-08-07T17:53:36Z [9,536ms] [Warning] [omni.usd] Warning: in _ReportErrors at line 3172 of /builds/omniverse/usd-ci/USD/pxr/usd/usd/stage.cpp -- In </World/envs/env_126/LinkerHand/index_tip/visuals>: Unresolved reference prim path @/tmp/IsaacLab/usd_20260807_105335_548/configuration/linkerhand_l20_left_physics.usd@</visuals/index_tip> introduced by @/tmp/IsaacLab/usd_20260807_105335_548/configuration/linkerhand_l20_left_base.usd@</linkerhand_l20_left/index_tip/visuals> (recomposing stage on stage @anon:0x6533d3be8570:World0.usd@ <0x6533d3bedb00>)

2026-08-07T17:53:36Z [9,536ms] [Warning] [omni.usd] Warning: in _ReportErrors at line 3172 of /builds/omniverse/usd-ci/USD/pxr/usd/usd/stage.cpp -- In </World/envs/env_120/LinkerHand/middle_tip/visuals>: Unresolved reference prim path @/tmp/IsaacLab/usd_20260807_105335_548/configuration/linkerhand_l20_left_physics.usd@</visuals/middle_tip> introduced by @/tmp/IsaacLab/usd_20260807_105335_548/configuration/linkerhand_l20_left_base.usd@</linkerhand_l20_left/middle_tip/visuals> (recomposing stage on stage @anon:0x6533d3be8570:World0.usd@ <0x6533d3bedb00>)

2026-08-07T17:53:36Z [9,536ms] [Warning] [omni.usd] Warning: in _ReportErrors at line 3172 of /builds/omniverse/usd-ci/USD/pxr/usd/usd/stage.cpp -- In </World/envs/env_18/LinkerHand/ring_tip/visuals>: Unresolved reference prim path @/tmp/IsaacLab/usd_20260807_105335_548/configuration/linkerhand_l20_left_physics.usd@</visuals/ring_tip> introduced by @/tmp/IsaacLab/usd_20260807_105335_548/configuration/linkerhand_l20_left_base.usd@</linkerhand_l20_left/ring_tip/visuals> (recomposing stage on stage @anon:0x6533d3be8570:World0.usd@ <0x6533d3bedb00>)

2026-08-07T17:53:36Z [9,536ms] [Warning] [omni.usd] Warning: in _ReportErrors at line 3172 of /builds/omniverse/usd-ci/USD/pxr/usd/usd/stage.cpp -- In </World/envs/env_19/LinkerHand/ring_tip/visuals>: Unresolved reference prim path @/tmp/IsaacLab/usd_20260807_105335_548/configuration/linkerhand_l20_left_physics.usd@</visuals/ring_tip> introduced by @/tmp/IsaacLab/usd_20260807_105335_548/configuration/linkerhand_l20_left_base.usd@</linkerhand_l20_left/ring_tip/visuals> (recomposing stage on stage @anon:0x6533d3be8570:World0.usd@ <0x6533d3bedb00>)

2026-08-07T17:53:36Z [9,536ms] [Warning] [omni.usd] Warning: in _ReportErrors at line 3172 of /builds/omniverse/usd-ci/USD/pxr/usd/usd/stage.cpp -- In </World/envs/env_15/LinkerHand/pinky_tip/visuals>: Unresolved reference prim path @/tmp/IsaacLab/usd_20260807_105335_548/configuration/linkerhand_l20_left_physics.usd@</visuals/pinky_tip> introduced by @/tmp/IsaacLab/usd_20260807_105335_548/configuration/linkerhand_l20_left_base.usd@</linkerhand_l20_left/pinky_tip/visuals> (recomposing stage on stage @anon:0x6533d3be8570:World0.usd@ <0x6533d3bedb00>)

2026-08-07T17:53:36Z [9,536ms] [Warning] [omni.usd] Warning: in _ReportErrors at line 3172 of /builds/omniverse/usd-ci/USD/pxr/usd/usd/stage.cpp -- In </World/envs/env_126/LinkerHand/middle_tip/visuals>: Unresolved reference prim path @/tmp/IsaacLab/usd_20260807_105335_548/configuration/linkerhand_l20_left_physics.usd@</visuals/middle_tip> introduced by @/tmp/IsaacLab/usd_20260807_105335_548/configuration/linkerhand_l20_left_base.usd@</linkerhand_l20_left/middle_tip/visuals> (recomposing stage on stage @anon:0x6533d3be8570:World0.usd@ <0x6533d3bedb00>)

2026-08-07T17:53:36Z [9,536ms] [Warning] [omni.usd] Warning: in _ReportErrors at line 3172 of /builds/omniverse/usd-ci/USD/pxr/usd/usd/stage.cpp -- In </World/envs/env_14/LinkerHand/pinky_tip/visuals>: Unresolved reference prim path @/tmp/IsaacLab/usd_20260807_105335_548/configuration/linkerhand_l20_left_physics.usd@</visuals/pinky_tip> introduced by @/tmp/IsaacLab/usd_20260807_105335_548/configuration/linkerhand_l20_left_base.usd@</linkerhand_l20_left/pinky_tip/visuals> (recomposing stage on stage @anon:0x6533d3be8570:World0.usd@ <0x6533d3bedb00>)

2026-08-07T17:53:36Z [9,536ms] [Warning] [omni.usd] Warning: in _ReportErrors at line 3172 of /builds/omniverse/usd-ci/USD/pxr/usd/usd/stage.cpp -- In </World/envs/env_22/LinkerHand/thumb_tip/visuals>: Unresolved reference prim path @/tmp/IsaacLab/usd_20260807_105335_548/configuration/linkerhand_l20_left_physics.usd@</visuals/thumb_tip> introduced by @/tmp/IsaacLab/usd_20260807_105335_548/configuration/linkerhand_l20_left_base.usd@</linkerhand_l20_left/thumb_tip/visuals> (recomposing stage on stage @anon:0x6533d3be8570:World0.usd@ <0x6533d3bedb00>)

2026-08-07T17:53:36Z [9,536ms] [Warning] [omni.usd] Warning: in _ReportErrors at line 3172 of /builds/omniverse/usd-ci/USD/pxr/usd/usd/stage.cpp -- In </World/envs/env_22/Screwdriver/vitrual_link_2/visuals>: Unresolved reference prim path @/tmp/IsaacLab/usd_20260807_105335_5437/configuration/screwdriver_64mm_handle_physics.usd@</visuals/vitrual_link_2> introduced by @/tmp/IsaacLab/usd_20260807_105335_5437/configuration/screwdriver_64mm_handle_base.usd@</screwdriver_on_the_table_64mm_handle/vitrual_link_2/visuals> (recomposing stage on stage @anon:0x6533d3be8570:World0.usd@ <0x6533d3bedb00>)

2026-08-07T17:53:36Z [9,536ms] [Warning] [omni.usd] Warning: in _ReportErrors at line 3172 of /builds/omniverse/usd-ci/USD/pxr/usd/usd/stage.cpp -- In </World/envs/env_17/LinkerHand/pinky_tip/visuals>: Unresolved reference prim path @/tmp/IsaacLab/usd_20260807_105335_548/configuration/linkerhand_l20_left_physics.usd@</visuals/pinky_tip> introduced by @/tmp/IsaacLab/usd_20260807_105335_548/configuration/linkerhand_l20_left_base.usd@</linkerhand_l20_left/pinky_tip/visuals> (recomposing stage on stage @anon:0x6533d3be8570:World0.usd@ <0x6533d3bedb00>)

2026-08-07T17:53:36Z [9,536ms] [Warning] [omni.usd] Warning: in _ReportErrors at line 3172 of /builds/omniverse/usd-ci/USD/pxr/usd/usd/stage.cpp -- In </World/envs/env_2/LinkerHand/ring_tip/visuals>: Unresolved reference prim path @/tmp/IsaacLab/usd_20260807_105335_548/configuration/linkerhand_l20_left_physics.usd@</visuals/ring_tip> introduced by @/tmp/IsaacLab/usd_20260807_105335_548/configuration/linkerhand_l20_left_base.usd@</linkerhand_l20_left/ring_tip/visuals> (recomposing stage on stage @anon:0x6533d3be8570:World0.usd@ <0x6533d3bedb00>)

2026-08-07T17:53:36Z [9,536ms] [Warning] [omni.usd] Warning: in _ReportErrors at line 3172 of /builds/omniverse/usd-ci/USD/pxr/usd/usd/stage.cpp -- In </World/envs/env_22/Screwdriver/vitrual_link_1/visuals>: Unresolved reference prim path @/tmp/IsaacLab/usd_20260807_105335_5437/configuration/screwdriver_64mm_handle_physics.usd@</visuals/vitrual_link_1> introduced by @/tmp/IsaacLab/usd_20260807_105335_5437/configuration/screwdriver_64mm_handle_base.usd@</screwdriver_on_the_table_64mm_handle/vitrual_link_1/visuals> (recomposing stage on stage @anon:0x6533d3be8570:World0.usd@ <0x6533d3bedb00>)

2026-08-07T17:53:36Z [9,536ms] [Warning] [omni.usd] Warning: in _ReportErrors at line 3172 of /builds/omniverse/usd-ci/USD/pxr/usd/usd/stage.cpp -- In </World/envs/env_20/LinkerHand/ring_tip/visuals>: Unresolved reference prim path @/tmp/IsaacLab/usd_20260807_105335_548/configuration/linkerhand_l20_left_physics.usd@</visuals/ring_tip> introduced by @/tmp/IsaacLab/usd_20260807_105335_548/configuration/linkerhand_l20_left_base.usd@</linkerhand_l20_left/ring_tip/visuals> (recomposing stage on stage @anon:0x6533d3be8570:World0.usd@ <0x6533d3bedb00>)

2026-08-07T17:53:36Z [9,536ms] [Warning] [omni.usd] Warning: in _ReportErrors at line 3172 of /builds/omniverse/usd-ci/USD/pxr/usd/usd/stage.cpp -- In </World/envs/env_16/LinkerHand/middle_tip/visuals>: Unresolved reference prim path @/tmp/IsaacLab/usd_20260807_105335_548/configuration/linkerhand_l20_left_physics.usd@</visuals/middle_tip> introduced by @/tmp/IsaacLab/usd_20260807_105335_548/configuration/linkerhand_l20_left_base.usd@</linkerhand_l20_left/middle_tip/visuals> (recomposing stage on stage @anon:0x6533d3be8570:World0.usd@ <0x6533d3bedb00>)

2026-08-07T17:53:36Z [9,536ms] [Warning] [omni.usd] Warning: in _ReportErrors at line 3172 of /builds/omniverse/usd-ci/USD/pxr/usd/usd/stage.cpp -- In </World/envs/env_101/LinkerHand/middle_tip/visuals>: Unresolved reference prim path @/tmp/IsaacLab/usd_20260807_105335_548/configuration/linkerhand_l20_left_physics.usd@</visuals/middle_tip> introduced by @/tmp/IsaacLab/usd_20260807_105335_548/configuration/linkerhand_l20_left_base.usd@</linkerhand_l20_left/middle_tip/visuals> (recomposing stage on stage @anon:0x6533d3be8570:World0.usd@ <0x6533d3bedb00>)

2026-08-07T17:53:36Z [9,536ms] [Warning] [omni.usd] Warning: in _ReportErrors at line 3172 of /builds/omniverse/usd-ci/USD/pxr/usd/usd/stage.cpp -- In </World/envs/env_23/Screwdriver/vitrual_link_2/visuals>: Unresolved reference prim path @/tmp/IsaacLab/usd_20260807_105335_5437/configuration/screwdriver_64mm_handle_physics.usd@</visuals/vitrual_link_2> introduced by @/tmp/IsaacLab/usd_20260807_105335_5437/configuration/screwdriver_64mm_handle_base.usd@</screwdriver_on_the_table_64mm_handle/vitrual_link_2/visuals> (recomposing stage on stage @anon:0x6533d3be8570:World0.usd@ <0x6533d3bedb00>)

2026-08-07T17:53:36Z [9,536ms] [Warning] [omni.usd] Warning: in _ReportErrors at line 3172 of /builds/omniverse/usd-ci/USD/pxr/usd/usd/stage.cpp -- In </World/envs/env_102/LinkerHand/middle_tip/visuals>: Unresolved reference prim path @/tmp/IsaacLab/usd_20260807_105335_548/configuration/linkerhand_l20_left_physics.usd@</visuals/middle_tip> introduced by @/tmp/IsaacLab/usd_20260807_105335_548/configuration/linkerhand_l20_left_base.usd@</linkerhand_l20_left/middle_tip/visuals> (recomposing stage on stage @anon:0x6533d3be8570:World0.usd@ <0x6533d3bedb00>)

2026-08-07T17:53:36Z [9,536ms] [Warning] [omni.usd] Warning: in _ReportErrors at line 3172 of /builds/omniverse/usd-ci/USD/pxr/usd/usd/stage.cpp -- In </World/envs/env_17/LinkerHand/middle_tip/visuals>: Unresolved reference prim path @/tmp/IsaacLab/usd_20260807_105335_548/configuration/linkerhand_l20_left_physics.usd@</visuals/middle_tip> introduced by @/tmp/IsaacLab/usd_20260807_105335_548/configuration/linkerhand_l20_left_base.usd@</linkerhand_l20_left/middle_tip/visuals> (recomposing stage on stage @anon:0x6533d3be8570:World0.usd@ <0x6533d3bedb00>)

2026-08-07T17:53:36Z [9,536ms] [Warning] [omni.usd] Warning: in _ReportErrors at line 3172 of /builds/omniverse/usd-ci/USD/pxr/usd/usd/stage.cpp -- In </World/envs/env_24/LinkerHand/thumb_tip/visuals>: Unresolved reference prim path @/tmp/IsaacLab/usd_20260807_105335_548/configuration/linkerhand_l20_left_physics.usd@</visuals/thumb_tip> introduced by @/tmp/IsaacLab/usd_20260807_105335_548/configuration/linkerhand_l20_left_base.usd@</linkerhand_l20_left/thumb_tip/visuals> (recomposing stage on stage @anon:0x6533d3be8570:World0.usd@ <0x6533d3bedb00>)

2026-08-07T17:53:36Z [9,536ms] [Warning] [omni.usd] Warning: in _ReportErrors at line 3172 of /builds/omniverse/usd-ci/USD/pxr/usd/usd/stage.cpp -- In </World/envs/env_23/Screwdriver/vitrual_link_1/visuals>: Unresolved reference prim path @/tmp/IsaacLab/usd_20260807_105335_5437/configuration/screwdriver_64mm_handle_physics.usd@</visuals/vitrual_link_1> introduced by @/tmp/IsaacLab/usd_20260807_105335_5437/configuration/screwdriver_64mm_handle_base.usd@</screwdriver_on_the_table_64mm_handle/vitrual_link_1/visuals> (recomposing stage on stage @anon:0x6533d3be8570:World0.usd@ <0x6533d3bedb00>)

2026-08-07T17:53:36Z [9,536ms] [Warning] [omni.usd] Warning: in _ReportErrors at line 3172 of /builds/omniverse/usd-ci/USD/pxr/usd/usd/stage.cpp -- In </World/envs/env_21/LinkerHand/ring_tip/visuals>: Unresolved reference prim path @/tmp/IsaacLab/usd_20260807_105335_548/configuration/linkerhand_l20_left_physics.usd@</visuals/ring_tip> introduced by @/tmp/IsaacLab/usd_20260807_105335_548/configuration/linkerhand_l20_left_base.usd@</linkerhand_l20_left/ring_tip/visuals> (recomposing stage on stage @anon:0x6533d3be8570:World0.usd@ <0x6533d3bedb00>)

2026-08-07T17:53:36Z [9,536ms] [Warning] [omni.usd] Warning: in _ReportErrors at line 3172 of /builds/omniverse/usd-ci/USD/pxr/usd/usd/stage.cpp -- In </World/envs/env_25/LinkerHand/thumb_tip/visuals>: Unresolved reference prim path @/tmp/IsaacLab/usd_20260807_105335_548/configuration/linkerhand_l20_left_physics.usd@</visuals/thumb_tip> introduced by @/tmp/IsaacLab/usd_20260807_105335_548/configuration/linkerhand_l20_left_base.usd@</linkerhand_l20_left/thumb_tip/visuals> (recomposing stage on stage @anon:0x6533d3be8570:World0.usd@ <0x6533d3bedb00>)

2026-08-07T17:53:36Z [9,536ms] [Warning] [omni.usd] Warning: in _ReportErrors at line 3172 of /builds/omniverse/usd-ci/USD/pxr/usd/usd/stage.cpp -- In </World/envs/env_14/LinkerHand/middle_tip/visuals>: Unresolved reference prim path @/tmp/IsaacLab/usd_20260807_105335_548/configuration/linkerhand_l20_left_physics.usd@</visuals/middle_tip> introduced by @/tmp/IsaacLab/usd_20260807_105335_548/configuration/linkerhand_l20_left_base.usd@</linkerhand_l20_left/middle_tip/visuals> (recomposing stage on stage @anon:0x6533d3be8570:World0.usd@ <0x6533d3bedb00>)

2026-08-07T17:53:36Z [9,536ms] [Warning] [omni.usd] Warning: in _ReportErrors at line 3172 of /builds/omniverse/usd-ci/USD/pxr/usd/usd/stage.cpp -- In </World/envs/env_23/LinkerHand/thumb_tip/visuals>: Unresolved reference prim path @/tmp/IsaacLab/usd_20260807_105335_548/configuration/linkerhand_l20_left_physics.usd@</visuals/thumb_tip> introduced by @/tmp/IsaacLab/usd_20260807_105335_548/configuration/linkerhand_l20_left_base.usd@</linkerhand_l20_left/thumb_tip/visuals> (recomposing stage on stage @anon:0x6533d3be8570:World0.usd@ <0x6533d3bedb00>)

2026-08-07T17:53:36Z [9,536ms] [Warning] [omni.usd] Warning: in _ReportErrors at line 3172 of /builds/omniverse/usd-ci/USD/pxr/usd/usd/stage.cpp -- In </World/envs/env_25/Screwdriver/vitrual_link_1/visuals>: Unresolved reference prim path @/tmp/IsaacLab/usd_20260807_105335_5437/configuration/screwdriver_64mm_handle_physics.usd@</visuals/vitrual_link_1> introduced by @/tmp/IsaacLab/usd_20260807_105335_5437/configuration/screwdriver_64mm_handle_base.usd@</screwdriver_on_the_table_64mm_handle/vitrual_link_1/visuals> (recomposing stage on stage @anon:0x6533d3be8570:World0.usd@ <0x6533d3bedb00>)

2026-08-07T17:53:36Z [9,536ms] [Warning] [omni.usd] Warning: in _ReportErrors at line 3172 of /builds/omniverse/usd-ci/USD/pxr/usd/usd/stage.cpp -- In </World/envs/env_17/LinkerHand/index_tip/visuals>: Unresolved reference prim path @/tmp/IsaacLab/usd_20260807_105335_548/configuration/linkerhand_l20_left_physics.usd@</visuals/index_tip> introduced by @/tmp/IsaacLab/usd_20260807_105335_548/configuration/linkerhand_l20_left_base.usd@</linkerhand_l20_left/index_tip/visuals> (recomposing stage on stage @anon:0x6533d3be8570:World0.usd@ <0x6533d3bedb00>)

2026-08-07T17:53:36Z [9,536ms] [Warning] [omni.usd] Warning: in _ReportErrors at line 3172 of /builds/omniverse/usd-ci/USD/pxr/usd/usd/stage.cpp -- In </World/envs/env_25/Screwdriver/vitrual_link_2/visuals>: Unresolved reference prim path @/tmp/IsaacLab/usd_20260807_105335_5437/configuration/screwdriver_64mm_handle_physics.usd@</visuals/vitrual_link_2> introduced by @/tmp/IsaacLab/usd_20260807_105335_5437/configuration/screwdriver_64mm_handle_base.usd@</screwdriver_on_the_table_64mm_handle/vitrual_link_2/visuals> (recomposing stage on stage @anon:0x6533d3be8570:World0.usd@ <0x6533d3bedb00>)

2026-08-07T17:53:36Z [9,536ms] [Warning] [omni.usd] Warning: in _ReportErrors at line 3172 of /builds/omniverse/usd-ci/USD/pxr/usd/usd/stage.cpp -- In </World/envs/env_2/LinkerHand/index_tip/visuals>: Unresolved reference prim path @/tmp/IsaacLab/usd_20260807_105335_548/configuration/linkerhand_l20_left_physics.usd@</visuals/index_tip> introduced by @/tmp/IsaacLab/usd_20260807_105335_548/configuration/linkerhand_l20_left_base.usd@</linkerhand_l20_left/index_tip/visuals> (recomposing stage on stage @anon:0x6533d3be8570:World0.usd@ <0x6533d3bedb00>)

2026-08-07T17:53:36Z [9,536ms] [Warning] [omni.usd] Warning: in _ReportErrors at line 3172 of /builds/omniverse/usd-ci/USD/pxr/usd/usd/stage.cpp -- In </World/envs/env_24/Screwdriver/vitrual_link_2/visuals>: Unresolved reference prim path @/tmp/IsaacLab/usd_20260807_105335_5437/configuration/screwdriver_64mm_handle_physics.usd@</visuals/vitrual_link_2> introduced by @/tmp/IsaacLab/usd_20260807_105335_5437/configuration/screwdriver_64mm_handle_base.usd@</screwdriver_on_the_table_64mm_handle/vitrual_link_2/visuals> (recomposing stage on stage @anon:0x6533d3be8570:World0.usd@ <0x6533d3bedb00>)

2026-08-07T17:53:36Z [9,536ms] [Warning] [omni.usd] Warning: in _ReportErrors at line 3172 of /builds/omniverse/usd-ci/USD/pxr/usd/usd/stage.cpp -- In </World/envs/env_20/LinkerHand/index_tip/visuals>: Unresolved reference prim path @/tmp/IsaacLab/usd_20260807_105335_548/configuration/linkerhand_l20_left_physics.usd@</visuals/index_tip> introduced by @/tmp/IsaacLab/usd_20260807_105335_548/configuration/linkerhand_l20_left_base.usd@</linkerhand_l20_left/index_tip/visuals> (recomposing stage on stage @anon:0x6533d3be8570:World0.usd@ <0x6533d3bedb00>)

2026-08-07T17:53:36Z [9,536ms] [Warning] [omni.usd] Warning: in _ReportErrors at line 3172 of /builds/omniverse/usd-ci/USD/pxr/usd/usd/stage.cpp -- In </World/envs/env_19/LinkerHand/pinky_tip/visuals>: Unresolved reference prim path @/tmp/IsaacLab/usd_20260807_105335_548/configuration/linkerhand_l20_left_physics.usd@</visuals/pinky_tip> introduced by @/tmp/IsaacLab/usd_20260807_105335_548/configuration/linkerhand_l20_left_base.usd@</linkerhand_l20_left/pinky_tip/visuals> (recomposing stage on stage @anon:0x6533d3be8570:World0.usd@ <0x6533d3bedb00>)

2026-08-07T17:53:36Z [9,536ms] [Warning] [omni.usd] Warning: in _ReportErrors at line 3172 of /builds/omniverse/usd-ci/USD/pxr/usd/usd/stage.cpp -- In </World/envs/env_14/LinkerHand/index_tip/visuals>: Unresolved reference prim path @/tmp/IsaacLab/usd_20260807_105335_548/configuration/linkerhand_l20_left_physics.usd@</visuals/index_tip> introduced by @/tmp/IsaacLab/usd_20260807_105335_548/configuration/linkerhand_l20_left_base.usd@</linkerhand_l20_left/index_tip/visuals> (recomposing stage on stage @anon:0x6533d3be8570:World0.usd@ <0x6533d3bedb00>)

2026-08-07T17:53:36Z [9,536ms] [Warning] [omni.usd] Warning: in _ReportErrors at line 3172 of /builds/omniverse/usd-ci/USD/pxr/usd/usd/stage.cpp -- In </World/envs/env_20/LinkerHand/pinky_tip/visuals>: Unresolved reference prim path @/tmp/IsaacLab/usd_20260807_105335_548/configuration/linkerhand_l20_left_physics.usd@</visuals/pinky_tip> introduced by @/tmp/IsaacLab/usd_20260807_105335_548/configuration/linkerhand_l20_left_base.usd@</linkerhand_l20_left/pinky_tip/visuals> (recomposing stage on stage @anon:0x6533d3be8570:World0.usd@ <0x6533d3bedb00>)

2026-08-07T17:53:36Z [9,536ms] [Warning] [omni.usd] Warning: in _ReportErrors at line 3172 of /builds/omniverse/usd-ci/USD/pxr/usd/usd/stage.cpp -- In </World/envs/env_15/LinkerHand/middle_tip/visuals>: Unresolved reference prim path @/tmp/IsaacLab/usd_20260807_105335_548/configuration/linkerhand_l20_left_physics.usd@</visuals/middle_tip> introduced by @/tmp/IsaacLab/usd_20260807_105335_548/configuration/linkerhand_l20_left_base.usd@</linkerhand_l20_left/middle_tip/visuals> (recomposing stage on stage @anon:0x6533d3be8570:World0.usd@ <0x6533d3bedb00>)

2026-08-07T17:53:36Z [9,536ms] [Warning] [omni.usd] Warning: in _ReportErrors at line 3172 of /builds/omniverse/usd-ci/USD/pxr/usd/usd/stage.cpp -- In </World/envs/env_123/LinkerHand/middle_tip/visuals>: Unresolved reference prim path @/tmp/IsaacLab/usd_20260807_105335_548/configuration/linkerhand_l20_left_physics.usd@</visuals/middle_tip> introduced by @/tmp/IsaacLab/usd_20260807_105335_548/configuration/linkerhand_l20_left_base.usd@</linkerhand_l20_left/middle_tip/visuals> (recomposing stage on stage @anon:0x6533d3be8570:World0.usd@ <0x6533d3bedb00>)

2026-08-07T17:53:36Z [9,536ms] [Warning] [omni.usd] Warning: in _ReportErrors at line 3172 of /builds/omniverse/usd-ci/USD/pxr/usd/usd/stage.cpp -- In </World/envs/env_18/LinkerHand/pinky_tip/visuals>: Unresolved reference prim path @/tmp/IsaacLab/usd_20260807_105335_548/configuration/linkerhand_l20_left_physics.usd@</visuals/pinky_tip> introduced by @/tmp/IsaacLab/usd_20260807_105335_548/configuration/linkerhand_l20_left_base.usd@</linkerhand_l20_left/pinky_tip/visuals> (recomposing stage on stage @anon:0x6533d3be8570:World0.usd@ <0x6533d3bedb00>)

2026-08-07T17:53:36Z [9,536ms] [Warning] [omni.usd] Warning: in _ReportErrors at line 3172 of /builds/omniverse/usd-ci/USD/pxr/usd/usd/stage.cpp -- In </World/envs/env_2/LinkerHand/pinky_tip/visuals>: Unresolved reference prim path @/tmp/IsaacLab/usd_20260807_105335_548/configuration/linkerhand_l20_left_physics.usd@</visuals/pinky_tip> introduced by @/tmp/IsaacLab/usd_20260807_105335_548/configuration/linkerhand_l20_left_base.usd@</linkerhand_l20_left/pinky_tip/visuals> (recomposing stage on stage @anon:0x6533d3be8570:World0.usd@ <0x6533d3bedb00>)

2026-08-07T17:53:36Z [9,536ms] [Warning] [omni.usd] Warning: in _ReportErrors at line 3172 of /builds/omniverse/usd-ci/USD/pxr/usd/usd/stage.cpp -- In </World/envs/env_19/LinkerHand/index_tip/visuals>: Unresolved reference prim path @/tmp/IsaacLab/usd_20260807_105335_548/configuration/linkerhand_l20_left_physics.usd@</visuals/index_tip> introduced by @/tmp/IsaacLab/usd_20260807_105335_548/configuration/linkerhand_l20_left_base.usd@</linkerhand_l20_left/index_tip/visuals> (recomposing stage on stage @anon:0x6533d3be8570:World0.usd@ <0x6533d3bedb00>)

2026-08-07T17:53:36Z [9,536ms] [Warning] [omni.usd] Warning: in _ReportErrors at line 3172 of /builds/omniverse/usd-ci/USD/pxr/usd/usd/stage.cpp -- In </World/envs/env_24/Screwdriver/vitrual_link_1/visuals>: Unresolved reference prim path @/tmp/IsaacLab/usd_20260807_105335_5437/configuration/screwdriver_64mm_handle_physics.usd@</visuals/vitrual_link_1> introduced by @/tmp/IsaacLab/usd_20260807_105335_5437/configuration/screwdriver_64mm_handle_base.usd@</screwdriver_on_the_table_64mm_handle/vitrual_link_1/visuals> (recomposing stage on stage @anon:0x6533d3be8570:World0.usd@ <0x6533d3bedb00>)

2026-08-07T17:53:36Z [9,536ms] [Warning] [omni.usd] Warning: in _ReportErrors at line 3172 of /builds/omniverse/usd-ci/USD/pxr/usd/usd/stage.cpp -- In </World/envs/env_25/LinkerHand/ring_tip/visuals>: Unresolved reference prim path @/tmp/IsaacLab/usd_20260807_105335_548/configuration/linkerhand_l20_left_physics.usd@</visuals/ring_tip> introduced by @/tmp/IsaacLab/usd_20260807_105335_548/configuration/linkerhand_l20_left_base.usd@</linkerhand_l20_left/ring_tip/visuals> (recomposing stage on stage @anon:0x6533d3be8570:World0.usd@ <0x6533d3bedb00>)

2026-08-07T17:53:36Z [9,536ms] [Warning] [omni.usd] Warning: in _ReportErrors at line 3172 of /builds/omniverse/usd-ci/USD/pxr/usd/usd/stage.cpp -- In </World/envs/env_101/LinkerHand/index_tip/visuals>: Unresolved reference prim path @/tmp/IsaacLab/usd_20260807_105335_548/configuration/linkerhand_l20_left_physics.usd@</visuals/index_tip> introduced by @/tmp/IsaacLab/usd_20260807_105335_548/configuration/linkerhand_l20_left_base.usd@</linkerhand_l20_left/index_tip/visuals> (recomposing stage on stage @anon:0x6533d3be8570:World0.usd@ <0x6533d3bedb00>)

2026-08-07T17:53:36Z [9,536ms] [Warning] [omni.usd] Warning: in _ReportErrors at line 3172 of /builds/omniverse/usd-ci/USD/pxr/usd/usd/stage.cpp -- In </World/envs/env_26/Screwdriver/vitrual_link_2/visuals>: Unresolved reference prim path @/tmp/IsaacLab/usd_20260807_105335_5437/configuration/screwdriver_64mm_handle_physics.usd@</visuals/vitrual_link_2> introduced by @/tmp/IsaacLab/usd_20260807_105335_5437/configuration/screwdriver_64mm_handle_base.usd@</screwdriver_on_the_table_64mm_handle/vitrual_link_2/visuals> (recomposing stage on stage @anon:0x6533d3be8570:World0.usd@ <0x6533d3bedb00>)

2026-08-07T17:53:36Z [9,536ms] [Warning] [omni.usd] Warning: in _ReportErrors at line 3172 of /builds/omniverse/usd-ci/USD/pxr/usd/usd/stage.cpp -- In </World/envs/env_22/LinkerHand/index_tip/visuals>: Unresolved reference prim path @/tmp/IsaacLab/usd_20260807_105335_548/configuration/linkerhand_l20_left_physics.usd@</visuals/index_tip> introduced by @/tmp/IsaacLab/usd_20260807_105335_548/configuration/linkerhand_l20_left_base.usd@</linkerhand_l20_left/index_tip/visuals> (recomposing stage on stage @anon:0x6533d3be8570:World0.usd@ <0x6533d3bedb00>)

2026-08-07T17:53:36Z [9,536ms] [Warning] [omni.usd] Warning: in _ReportErrors at line 3172 of /builds/omniverse/usd-ci/USD/pxr/usd/usd/stage.cpp -- In </World/envs/env_26/Screwdriver/vitrual_link_1/visuals>: Unresolved reference prim path @/tmp/IsaacLab/usd_20260807_105335_5437/configuration/screwdriver_64mm_handle_physics.usd@</visuals/vitrual_link_1> introduced by @/tmp/IsaacLab/usd_20260807_105335_5437/configuration/screwdriver_64mm_handle_base.usd@</screwdriver_on_the_table_64mm_handle/vitrual_link_1/visuals> (recomposing stage on stage @anon:0x6533d3be8570:World0.usd@ <0x6533d3bedb00>)

2026-08-07T17:53:36Z [9,536ms] [Warning] [omni.usd] Warning: in _ReportErrors at line 3172 of /builds/omniverse/usd-ci/USD/pxr/usd/usd/stage.cpp -- In </World/envs/env_21/LinkerHand/pinky_tip/visuals>: Unresolved reference prim path @/tmp/IsaacLab/usd_20260807_105335_548/configuration/linkerhand_l20_left_physics.usd@</visuals/pinky_tip> introduced by @/tmp/IsaacLab/usd_20260807_105335_548/configuration/linkerhand_l20_left_base.usd@</linkerhand_l20_left/pinky_tip/visuals> (recomposing stage on stage @anon:0x6533d3be8570:World0.usd@ <0x6533d3bedb00>)

2026-08-07T17:53:36Z [9,536ms] [Warning] [omni.usd] Warning: in _ReportErrors at line 3172 of /builds/omniverse/usd-ci/USD/pxr/usd/usd/stage.cpp -- In </World/envs/env_98/Screwdriver/vitrual_link_2/visuals>: Unresolved reference prim path @/tmp/IsaacLab/usd_20260807_105335_5437/configuration/screwdriver_64mm_handle_physics.usd@</visuals/vitrual_link_2> introduced by @/tmp/IsaacLab/usd_20260807_105335_5437/configuration/screwdriver_64mm_handle_base.usd@</screwdriver_on_the_table_64mm_handle/vitrual_link_2/visuals> (recomposing stage on stage @anon:0x6533d3be8570:World0.usd@ <0x6533d3bedb00>)

2026-08-07T17:53:36Z [9,536ms] [Warning] [omni.usd] Warning: in _ReportErrors at line 3172 of /builds/omniverse/usd-ci/USD/pxr/usd/usd/stage.cpp -- In </World/envs/env_23/LinkerHand/ring_tip/visuals>: Unresolved reference prim path @/tmp/IsaacLab/usd_20260807_105335_548/configuration/linkerhand_l20_left_physics.usd@</visuals/ring_tip> introduced by @/tmp/IsaacLab/usd_20260807_105335_548/configuration/linkerhand_l20_left_base.usd@</linkerhand_l20_left/ring_tip/visuals> (recomposing stage on stage @anon:0x6533d3be8570:World0.usd@ <0x6533d3bedb00>)

2026-08-07T17:53:36Z [9,536ms] [Warning] [omni.usd] Warning: in _ReportErrors at line 3172 of /builds/omniverse/usd-ci/USD/pxr/usd/usd/stage.cpp -- In </World/envs/env_19/LinkerHand/middle_tip/visuals>: Unresolved reference prim path @/tmp/IsaacLab/usd_20260807_105335_548/configuration/linkerhand_l20_left_physics.usd@</visuals/middle_tip> introduced by @/tmp/IsaacLab/usd_20260807_105335_548/configuration/linkerhand_l20_left_base.usd@</linkerhand_l20_left/middle_tip/visuals> (recomposing stage on stage @anon:0x6533d3be8570:World0.usd@ <0x6533d3bedb00>)

2026-08-07T17:53:36Z [9,536ms] [Warning] [omni.usd] Warning: in _ReportErrors at line 3172 of /builds/omniverse/usd-ci/USD/pxr/usd/usd/stage.cpp -- In </World/envs/env_28/Screwdriver/vitrual_link_2/visuals>: Unresolved reference prim path @/tmp/IsaacLab/usd_20260807_105335_5437/configuration/screwdriver_64mm_handle_physics.usd@</visuals/vitrual_link_2> introduced by @/tmp/IsaacLab/usd_20260807_105335_5437/configuration/screwdriver_64mm_handle_base.usd@</screwdriver_on_the_table_64mm_handle/vitrual_link_2/visuals> (recomposing stage on stage @anon:0x6533d3be8570:World0.usd@ <0x6533d3bedb00>)

2026-08-07T17:53:36Z [9,536ms] [Warning] [omni.usd] Warning: in _ReportErrors at line 3172 of /builds/omniverse/usd-ci/USD/pxr/usd/usd/stage.cpp -- In </World/envs/env_29/LinkerHand/thumb_tip/visuals>: Unresolved reference prim path @/tmp/IsaacLab/usd_20260807_105335_548/configuration/linkerhand_l20_left_physics.usd@</visuals/thumb_tip> introduced by @/tmp/IsaacLab/usd_20260807_105335_548/configuration/linkerhand_l20_left_base.usd@</linkerhand_l20_left/thumb_tip/visuals> (recomposing stage on stage @anon:0x6533d3be8570:World0.usd@ <0x6533d3bedb00>)

2026-08-07T17:53:36Z [9,536ms] [Warning] [omni.usd] Warning: in _ReportErrors at line 3172 of /builds/omniverse/usd-ci/USD/pxr/usd/usd/stage.cpp -- In </World/envs/env_98/Screwdriver/vitrual_link_1/visuals>: Unresolved reference prim path @/tmp/IsaacLab/usd_20260807_105335_5437/configuration/screwdriver_64mm_handle_physics.usd@</visuals/vitrual_link_1> introduced by @/tmp/IsaacLab/usd_20260807_105335_5437/configuration/screwdriver_64mm_handle_base.usd@</screwdriver_on_the_table_64mm_handle/vitrual_link_1/visuals> (recomposing stage on stage @anon:0x6533d3be8570:World0.usd@ <0x6533d3bedb00>)

2026-08-07T17:53:36Z [9,536ms] [Warning] [omni.usd] Warning: in _ReportErrors at line 3172 of /builds/omniverse/usd-ci/USD/pxr/usd/usd/stage.cpp -- In </World/envs/env_22/LinkerHand/ring_tip/visuals>: Unresolved reference prim path @/tmp/IsaacLab/usd_20260807_105335_548/configuration/linkerhand_l20_left_physics.usd@</visuals/ring_tip> introduced by @/tmp/IsaacLab/usd_20260807_105335_548/configuration/linkerhand_l20_left_base.usd@</linkerhand_l20_left/ring_tip/visuals> (recomposing stage on stage @anon:0x6533d3be8570:World0.usd@ <0x6533d3bedb00>)

2026-08-07T17:53:36Z [9,536ms] [Warning] [omni.usd] Warning: in _ReportErrors at line 3172 of /builds/omniverse/usd-ci/USD/pxr/usd/usd/stage.cpp -- In </World/envs/env_24/LinkerHand/ring_tip/visuals>: Unresolved reference prim path @/tmp/IsaacLab/usd_20260807_105335_548/configuration/linkerhand_l20_left_physics.usd@</visuals/ring_tip> introduced by @/tmp/IsaacLab/usd_20260807_105335_548/configuration/linkerhand_l20_left_base.usd@</linkerhand_l20_left/ring_tip/visuals> (recomposing stage on stage @anon:0x6533d3be8570:World0.usd@ <0x6533d3bedb00>)

2026-08-07T17:53:36Z [9,536ms] [Warning] [omni.usd] Warning: in _ReportErrors at line 3172 of /builds/omniverse/usd-ci/USD/pxr/usd/usd/stage.cpp -- In </World/envs/env_2/LinkerHand/middle_tip/visuals>: Unresolved reference prim path @/tmp/IsaacLab/usd_20260807_105335_548/configuration/linkerhand_l20_left_physics.usd@</visuals/middle_tip> introduced by @/tmp/IsaacLab/usd_20260807_105335_548/configuration/linkerhand_l20_left_base.usd@</linkerhand_l20_left/middle_tip/visuals> (recomposing stage on stage @anon:0x6533d3be8570:World0.usd@ <0x6533d3bedb00>)

2026-08-07T17:53:36Z [9,536ms] [Warning] [omni.usd] Warning: in _ReportErrors at line 3172 of /builds/omniverse/usd-ci/USD/pxr/usd/usd/stage.cpp -- In </World/envs/env_26/LinkerHand/thumb_tip/visuals>: Unresolved reference prim path @/tmp/IsaacLab/usd_20260807_105335_548/configuration/linkerhand_l20_left_physics.usd@</visuals/thumb_tip> introduced by @/tmp/IsaacLab/usd_20260807_105335_548/configuration/linkerhand_l20_left_base.usd@</linkerhand_l20_left/thumb_tip/visuals> (recomposing stage on stage @anon:0x6533d3be8570:World0.usd@ <0x6533d3bedb00>)

2026-08-07T17:53:36Z [9,536ms] [Warning] [omni.usd] Warning: in _ReportErrors at line 3172 of /builds/omniverse/usd-ci/USD/pxr/usd/usd/stage.cpp -- In </World/envs/env_27/LinkerHand/thumb_tip/visuals>: Unresolved reference prim path @/tmp/IsaacLab/usd_20260807_105335_548/configuration/linkerhand_l20_left_physics.usd@</visuals/thumb_tip> introduced by @/tmp/IsaacLab/usd_20260807_105335_548/configuration/linkerhand_l20_left_base.usd@</linkerhand_l20_left/thumb_tip/visuals> (recomposing stage on stage @anon:0x6533d3be8570:World0.usd@ <0x6533d3bedb00>)

2026-08-07T17:53:36Z [9,536ms] [Warning] [omni.usd] Warning: in _ReportErrors at line 3172 of /builds/omniverse/usd-ci/USD/pxr/usd/usd/stage.cpp -- In </World/envs/env_15/LinkerHand/index_tip/visuals>: Unresolved reference prim path @/tmp/IsaacLab/usd_20260807_105335_548/configuration/linkerhand_l20_left_physics.usd@</visuals/index_tip> introduced by @/tmp/IsaacLab/usd_20260807_105335_548/configuration/linkerhand_l20_left_base.usd@</linkerhand_l20_left/index_tip/visuals> (recomposing stage on stage @anon:0x6533d3be8570:World0.usd@ <0x6533d3bedb00>)

2026-08-07T17:53:36Z [9,536ms] [Warning] [omni.usd] Warning: in _ReportErrors at line 3172 of /builds/omniverse/usd-ci/USD/pxr/usd/usd/stage.cpp -- In </World/envs/env_28/LinkerHand/thumb_tip/visuals>: Unresolved reference prim path @/tmp/IsaacLab/usd_20260807_105335_548/configuration/linkerhand_l20_left_physics.usd@</visuals/thumb_tip> introduced by @/tmp/IsaacLab/usd_20260807_105335_548/configuration/linkerhand_l20_left_base.usd@</linkerhand_l20_left/thumb_tip/visuals> (recomposing stage on stage @anon:0x6533d3be8570:World0.usd@ <0x6533d3bedb00>)

2026-08-07T17:53:36Z [9,536ms] [Warning] [omni.usd] Warning: in _ReportErrors at line 3172 of /builds/omniverse/usd-ci/USD/pxr/usd/usd/stage.cpp -- In </World/envs/env_21/LinkerHand/index_tip/visuals>: Unresolved reference prim path @/tmp/IsaacLab/usd_20260807_105335_548/configuration/linkerhand_l20_left_physics.usd@</visuals/index_tip> introduced by @/tmp/IsaacLab/usd_20260807_105335_548/configuration/linkerhand_l20_left_base.usd@</linkerhand_l20_left/index_tip/visuals> (recomposing stage on stage @anon:0x6533d3be8570:World0.usd@ <0x6533d3bedb00>)

2026-08-07T17:53:36Z [9,536ms] [Warning] [omni.usd] Warning: in _ReportErrors at line 3172 of /builds/omniverse/usd-ci/USD/pxr/usd/usd/stage.cpp -- In </World/envs/env_18/LinkerHand/index_tip/visuals>: Unresolved reference prim path @/tmp/IsaacLab/usd_20260807_105335_548/configuration/linkerhand_l20_left_physics.usd@</visuals/index_tip> introduced by @/tmp/IsaacLab/usd_20260807_105335_548/configuration/linkerhand_l20_left_base.usd@</linkerhand_l20_left/index_tip/visuals> (recomposing stage on stage @anon:0x6533d3be8570:World0.usd@ <0x6533d3bedb00>)

2026-08-07T17:53:36Z [9,536ms] [Warning] [omni.usd] Warning: in _ReportErrors at line 3172 of /builds/omniverse/usd-ci/USD/pxr/usd/usd/stage.cpp -- In </World/envs/env_98/LinkerHand/thumb_tip/visuals>: Unresolved reference prim path @/tmp/IsaacLab/usd_20260807_105335_548/configuration/linkerhand_l20_left_physics.usd@</visuals/thumb_tip> introduced by @/tmp/IsaacLab/usd_20260807_105335_548/configuration/linkerhand_l20_left_base.usd@</linkerhand_l20_left/thumb_tip/visuals> (recomposing stage on stage @anon:0x6533d3be8570:World0.usd@ <0x6533d3bedb00>)

2026-08-07T17:53:36Z [9,536ms] [Warning] [omni.usd] Warning: in _ReportErrors at line 3172 of /builds/omniverse/usd-ci/USD/pxr/usd/usd/stage.cpp -- In </World/envs/env_27/Screwdriver/vitrual_link_2/visuals>: Unresolved reference prim path @/tmp/IsaacLab/usd_20260807_105335_5437/configuration/screwdriver_64mm_handle_physics.usd@</visuals/vitrual_link_2> introduced by @/tmp/IsaacLab/usd_20260807_105335_5437/configuration/screwdriver_64mm_handle_base.usd@</screwdriver_on_the_table_64mm_handle/vitrual_link_2/visuals> (recomposing stage on stage @anon:0x6533d3be8570:World0.usd@ <0x6533d3bedb00>)

2026-08-07T17:53:36Z [9,536ms] [Warning] [omni.usd] Warning: in _ReportErrors at line 3172 of /builds/omniverse/usd-ci/USD/pxr/usd/usd/stage.cpp -- In </World/envs/env_25/LinkerHand/pinky_tip/visuals>: Unresolved reference prim path @/tmp/IsaacLab/usd_20260807_105335_548/configuration/linkerhand_l20_left_physics.usd@</visuals/pinky_tip> introduced by @/tmp/IsaacLab/usd_20260807_105335_548/configuration/linkerhand_l20_left_base.usd@</linkerhand_l20_left/pinky_tip/visuals> (recomposing stage on stage @anon:0x6533d3be8570:World0.usd@ <0x6533d3bedb00>)

2026-08-07T17:53:36Z [9,536ms] [Warning] [omni.usd] Warning: in _ReportErrors at line 3172 of /builds/omniverse/usd-ci/USD/pxr/usd/usd/stage.cpp -- In </World/envs/env_20/LinkerHand/middle_tip/visuals>: Unresolved reference prim path @/tmp/IsaacLab/usd_20260807_105335_548/configuration/linkerhand_l20_left_physics.usd@</visuals/middle_tip> introduced by @/tmp/IsaacLab/usd_20260807_105335_548/configuration/linkerhand_l20_left_base.usd@</linkerhand_l20_left/middle_tip/visuals> (recomposing stage on stage @anon:0x6533d3be8570:World0.usd@ <0x6533d3bedb00>)

2026-08-07T17:53:36Z [9,536ms] [Warning] [omni.usd] Warning: in _ReportErrors at line 3172 of /builds/omniverse/usd-ci/USD/pxr/usd/usd/stage.cpp -- In </World/envs/env_28/Screwdriver/vitrual_link_1/visuals>: Unresolved reference prim path @/tmp/IsaacLab/usd_20260807_105335_5437/configuration/screwdriver_64mm_handle_physics.usd@</visuals/vitrual_link_1> introduced by @/tmp/IsaacLab/usd_20260807_105335_5437/configuration/screwdriver_64mm_handle_base.usd@</screwdriver_on_the_table_64mm_handle/vitrual_link_1/visuals> (recomposing stage on stage @anon:0x6533d3be8570:World0.usd@ <0x6533d3bedb00>)

2026-08-07T17:53:36Z [9,536ms] [Warning] [omni.usd] Warning: in _ReportErrors at line 3172 of /builds/omniverse/usd-ci/USD/pxr/usd/usd/stage.cpp -- In </World/envs/env_27/Screwdriver/vitrual_link_1/visuals>: Unresolved reference prim path @/tmp/IsaacLab/usd_20260807_105335_5437/configuration/screwdriver_64mm_handle_physics.usd@</visuals/vitrual_link_1> introduced by @/tmp/IsaacLab/usd_20260807_105335_5437/configuration/screwdriver_64mm_handle_base.usd@</screwdriver_on_the_table_64mm_handle/vitrual_link_1/visuals> (recomposing stage on stage @anon:0x6533d3be8570:World0.usd@ <0x6533d3bedb00>)

2026-08-07T17:53:36Z [9,536ms] [Warning] [omni.usd] Warning: in _ReportErrors at line 3172 of /builds/omniverse/usd-ci/USD/pxr/usd/usd/stage.cpp -- In </World/envs/env_29/Screwdriver/vitrual_link_2/visuals>: Unresolved reference prim path @/tmp/IsaacLab/usd_20260807_105335_5437/configuration/screwdriver_64mm_handle_physics.usd@</visuals/vitrual_link_2> introduced by @/tmp/IsaacLab/usd_20260807_105335_5437/configuration/screwdriver_64mm_handle_base.usd@</screwdriver_on_the_table_64mm_handle/vitrual_link_2/visuals> (recomposing stage on stage @anon:0x6533d3be8570:World0.usd@ <0x6533d3bedb00>)

2026-08-07T17:53:36Z [9,536ms] [Warning] [omni.usd] Warning: in _ReportErrors at line 3172 of /builds/omniverse/usd-ci/USD/pxr/usd/usd/stage.cpp -- In </World/envs/env_18/LinkerHand/middle_tip/visuals>: Unresolved reference prim path @/tmp/IsaacLab/usd_20260807_105335_548/configuration/linkerhand_l20_left_physics.usd@</visuals/middle_tip> introduced by @/tmp/IsaacLab/usd_20260807_105335_548/configuration/linkerhand_l20_left_base.usd@</linkerhand_l20_left/middle_tip/visuals> (recomposing stage on stage @anon:0x6533d3be8570:World0.usd@ <0x6533d3bedb00>)

2026-08-07T17:53:36Z [9,536ms] [Warning] [omni.usd] Warning: in _ReportErrors at line 3172 of /builds/omniverse/usd-ci/USD/pxr/usd/usd/stage.cpp -- In </World/envs/env_29/Screwdriver/vitrual_link_1/visuals>: Unresolved reference prim path @/tmp/IsaacLab/usd_20260807_105335_5437/configuration/screwdriver_64mm_handle_physics.usd@</visuals/vitrual_link_1> introduced by @/tmp/IsaacLab/usd_20260807_105335_5437/configuration/screwdriver_64mm_handle_base.usd@</screwdriver_on_the_table_64mm_handle/vitrual_link_1/visuals> (recomposing stage on stage @anon:0x6533d3be8570:World0.usd@ <0x6533d3bedb00>)

2026-08-07T17:53:36Z [9,536ms] [Warning] [omni.usd] Warning: in _ReportErrors at line 3172 of /builds/omniverse/usd-ci/USD/pxr/usd/usd/stage.cpp -- In </World/envs/env_23/LinkerHand/pinky_tip/visuals>: Unresolved reference prim path @/tmp/IsaacLab/usd_20260807_105335_548/configuration/linkerhand_l20_left_physics.usd@</visuals/pinky_tip> introduced by @/tmp/IsaacLab/usd_20260807_105335_548/configuration/linkerhand_l20_left_base.usd@</linkerhand_l20_left/pinky_tip/visuals> (recomposing stage on stage @anon:0x6533d3be8570:World0.usd@ <0x6533d3bedb00>)

2026-08-07T17:53:36Z [9,536ms] [Warning] [omni.usd] Warning: in _ReportErrors at line 3172 of /builds/omniverse/usd-ci/USD/pxr/usd/usd/stage.cpp -- In </World/envs/env_3/LinkerHand/thumb_tip/visuals>: Unresolved reference prim path @/tmp/IsaacLab/usd_20260807_105335_548/configuration/linkerhand_l20_left_physics.usd@</visuals/thumb_tip> introduced by @/tmp/IsaacLab/usd_20260807_105335_548/configuration/linkerhand_l20_left_base.usd@</linkerhand_l20_left/thumb_tip/visuals> (recomposing stage on stage @anon:0x6533d3be8570:World0.usd@ <0x6533d3bedb00>)

2026-08-07T17:53:36Z [9,536ms] [Warning] [omni.usd] Warning: in _ReportErrors at line 3172 of /builds/omniverse/usd-ci/USD/pxr/usd/usd/stage.cpp -- In </World/envs/env_25/LinkerHand/index_tip/visuals>: Unresolved reference prim path @/tmp/IsaacLab/usd_20260807_105335_548/configuration/linkerhand_l20_left_physics.usd@</visuals/index_tip> introduced by @/tmp/IsaacLab/usd_20260807_105335_548/configuration/linkerhand_l20_left_base.usd@</linkerhand_l20_left/index_tip/visuals> (recomposing stage on stage @anon:0x6533d3be8570:World0.usd@ <0x6533d3bedb00>)

2026-08-07T17:53:36Z [9,536ms] [Warning] [omni.usd] Warning: in _ReportErrors at line 3172 of /builds/omniverse/usd-ci/USD/pxr/usd/usd/stage.cpp -- In </World/envs/env_21/LinkerHand/middle_tip/visuals>: Unresolved reference prim path @/tmp/IsaacLab/usd_20260807_105335_548/configuration/linkerhand_l20_left_physics.usd@</visuals/middle_tip> introduced by @/tmp/IsaacLab/usd_20260807_105335_548/configuration/linkerhand_l20_left_base.usd@</linkerhand_l20_left/middle_tip/visuals> (recomposing stage on stage @anon:0x6533d3be8570:World0.usd@ <0x6533d3bedb00>)

2026-08-07T17:53:36Z [9,536ms] [Warning] [omni.usd] Warning: in _ReportErrors at line 3172 of /builds/omniverse/usd-ci/USD/pxr/usd/usd/stage.cpp -- In </World/envs/env_24/LinkerHand/pinky_tip/visuals>: Unresolved reference prim path @/tmp/IsaacLab/usd_20260807_105335_548/configuration/linkerhand_l20_left_physics.usd@</visuals/pinky_tip> introduced by @/tmp/IsaacLab/usd_20260807_105335_548/configuration/linkerhand_l20_left_base.usd@</linkerhand_l20_left/pinky_tip/visuals> (recomposing stage on stage @anon:0x6533d3be8570:World0.usd@ <0x6533d3bedb00>)

2026-08-07T17:53:36Z [9,536ms] [Warning] [omni.usd] Warning: in _ReportErrors at line 3172 of /builds/omniverse/usd-ci/USD/pxr/usd/usd/stage.cpp -- In </World/envs/env_24/LinkerHand/index_tip/visuals>: Unresolved reference prim path @/tmp/IsaacLab/usd_20260807_105335_548/configuration/linkerhand_l20_left_physics.usd@</visuals/index_tip> introduced by @/tmp/IsaacLab/usd_20260807_105335_548/configuration/linkerhand_l20_left_base.usd@</linkerhand_l20_left/index_tip/visuals> (recomposing stage on stage @anon:0x6533d3be8570:World0.usd@ <0x6533d3bedb00>)

2026-08-07T17:53:36Z [9,536ms] [Warning] [omni.usd] Warning: in _ReportErrors at line 3172 of /builds/omniverse/usd-ci/USD/pxr/usd/usd/stage.cpp -- In </World/envs/env_3/Screwdriver/vitrual_link_2/visuals>: Unresolved reference prim path @/tmp/IsaacLab/usd_20260807_105335_5437/configuration/screwdriver_64mm_handle_physics.usd@</visuals/vitrual_link_2> introduced by @/tmp/IsaacLab/usd_20260807_105335_5437/configuration/screwdriver_64mm_handle_base.usd@</screwdriver_on_the_table_64mm_handle/vitrual_link_2/visuals> (recomposing stage on stage @anon:0x6533d3be8570:World0.usd@ <0x6533d3bedb00>)

2026-08-07T17:53:36Z [9,536ms] [Warning] [omni.usd] Warning: in _ReportErrors at line 3172 of /builds/omniverse/usd-ci/USD/pxr/usd/usd/stage.cpp -- In </World/envs/env_22/LinkerHand/middle_tip/visuals>: Unresolved reference prim path @/tmp/IsaacLab/usd_20260807_105335_548/configuration/linkerhand_l20_left_physics.usd@</visuals/middle_tip> introduced by @/tmp/IsaacLab/usd_20260807_105335_548/configuration/linkerhand_l20_left_base.usd@</linkerhand_l20_left/middle_tip/visuals> (recomposing stage on stage @anon:0x6533d3be8570:World0.usd@ <0x6533d3bedb00>)

2026-08-07T17:53:36Z [9,536ms] [Warning] [omni.usd] Warning: in _ReportErrors at line 3172 of /builds/omniverse/usd-ci/USD/pxr/usd/usd/stage.cpp -- In </World/envs/env_3/Screwdriver/vitrual_link_1/visuals>: Unresolved reference prim path @/tmp/IsaacLab/usd_20260807_105335_5437/configuration/screwdriver_64mm_handle_physics.usd@</visuals/vitrual_link_1> introduced by @/tmp/IsaacLab/usd_20260807_105335_5437/configuration/screwdriver_64mm_handle_base.usd@</screwdriver_on_the_table_64mm_handle/vitrual_link_1/visuals> (recomposing stage on stage @anon:0x6533d3be8570:World0.usd@ <0x6533d3bedb00>)

2026-08-07T17:53:36Z [9,536ms] [Warning] [omni.usd] Warning: in _ReportErrors at line 3172 of /builds/omniverse/usd-ci/USD/pxr/usd/usd/stage.cpp -- In </World/envs/env_28/LinkerHand/ring_tip/visuals>: Unresolved reference prim path @/tmp/IsaacLab/usd_20260807_105335_548/configuration/linkerhand_l20_left_physics.usd@</visuals/ring_tip> introduced by @/tmp/IsaacLab/usd_20260807_105335_548/configuration/linkerhand_l20_left_base.usd@</linkerhand_l20_left/ring_tip/visuals> (recomposing stage on stage @anon:0x6533d3be8570:World0.usd@ <0x6533d3bedb00>)

2026-08-07T17:53:36Z [9,536ms] [Warning] [omni.usd] Warning: in _ReportErrors at line 3172 of /builds/omniverse/usd-ci/USD/pxr/usd/usd/stage.cpp -- In </World/envs/env_27/LinkerHand/index_tip/visuals>: Unresolved reference prim path @/tmp/IsaacLab/usd_20260807_105335_548/configuration/linkerhand_l20_left_physics.usd@</visuals/index_tip> introduced by @/tmp/IsaacLab/usd_20260807_105335_548/configuration/linkerhand_l20_left_base.usd@</linkerhand_l20_left/index_tip/visuals> (recomposing stage on stage @anon:0x6533d3be8570:World0.usd@ <0x6533d3bedb00>)

2026-08-07T17:53:36Z [9,536ms] [Warning] [omni.usd] Warning: in _ReportErrors at line 3172 of /builds/omniverse/usd-ci/USD/pxr/usd/usd/stage.cpp -- In </World/envs/env_30/Screwdriver/vitrual_link_2/visuals>: Unresolved reference prim path @/tmp/IsaacLab/usd_20260807_105335_5437/configuration/screwdriver_64mm_handle_physics.usd@</visuals/vitrual_link_2> introduced by @/tmp/IsaacLab/usd_20260807_105335_5437/configuration/screwdriver_64mm_handle_base.usd@</screwdriver_on_the_table_64mm_handle/vitrual_link_2/visuals> (recomposing stage on stage @anon:0x6533d3be8570:World0.usd@ <0x6533d3bedb00>)

2026-08-07T17:53:36Z [9,536ms] [Warning] [omni.usd] Warning: in _ReportErrors at line 3172 of /builds/omniverse/usd-ci/USD/pxr/usd/usd/stage.cpp -- In </World/envs/env_24/LinkerHand/middle_tip/visuals>: Unresolved reference prim path @/tmp/IsaacLab/usd_20260807_105335_548/configuration/linkerhand_l20_left_physics.usd@</visuals/middle_tip> introduced by @/tmp/IsaacLab/usd_20260807_105335_548/configuration/linkerhand_l20_left_base.usd@</linkerhand_l20_left/middle_tip/visuals> (recomposing stage on stage @anon:0x6533d3be8570:World0.usd@ <0x6533d3bedb00>)

2026-08-07T17:53:36Z [9,536ms] [Warning] [omni.usd] Warning: in _ReportErrors at line 3172 of /builds/omniverse/usd-ci/USD/pxr/usd/usd/stage.cpp -- In </World/envs/env_22/LinkerHand/pinky_tip/visuals>: Unresolved reference prim path @/tmp/IsaacLab/usd_20260807_105335_548/configuration/linkerhand_l20_left_physics.usd@</visuals/pinky_tip> introduced by @/tmp/IsaacLab/usd_20260807_105335_548/configuration/linkerhand_l20_left_base.usd@</linkerhand_l20_left/pinky_tip/visuals> (recomposing stage on stage @anon:0x6533d3be8570:World0.usd@ <0x6533d3bedb00>)

2026-08-07T17:53:36Z [9,536ms] [Warning] [omni.usd] Warning: in _ReportErrors at line 3172 of /builds/omniverse/usd-ci/USD/pxr/usd/usd/stage.cpp -- In </World/envs/env_30/LinkerHand/thumb_tip/visuals>: Unresolved reference prim path @/tmp/IsaacLab/usd_20260807_105335_548/configuration/linkerhand_l20_left_physics.usd@</visuals/thumb_tip> introduced by @/tmp/IsaacLab/usd_20260807_105335_548/configuration/linkerhand_l20_left_base.usd@</linkerhand_l20_left/thumb_tip/visuals> (recomposing stage on stage @anon:0x6533d3be8570:World0.usd@ <0x6533d3bedb00>)

2026-08-07T17:53:36Z [9,536ms] [Warning] [omni.usd] Warning: in _ReportErrors at line 3172 of /builds/omniverse/usd-ci/USD/pxr/usd/usd/stage.cpp -- In </World/envs/env_26/LinkerHand/ring_tip/visuals>: Unresolved reference prim path @/tmp/IsaacLab/usd_20260807_105335_548/configuration/linkerhand_l20_left_physics.usd@</visuals/ring_tip> introduced by @/tmp/IsaacLab/usd_20260807_105335_548/configuration/linkerhand_l20_left_base.usd@</linkerhand_l20_left/ring_tip/visuals> (recomposing stage on stage @anon:0x6533d3be8570:World0.usd@ <0x6533d3bedb00>)

2026-08-07T17:53:36Z [9,536ms] [Warning] [omni.usd] Warning: in _ReportErrors at line 3172 of /builds/omniverse/usd-ci/USD/pxr/usd/usd/stage.cpp -- In </World/envs/env_29/LinkerHand/ring_tip/visuals>: Unresolved reference prim path @/tmp/IsaacLab/usd_20260807_105335_548/configuration/linkerhand_l20_left_physics.usd@</visuals/ring_tip> introduced by @/tmp/IsaacLab/usd_20260807_105335_548/configuration/linkerhand_l20_left_base.usd@</linkerhand_l20_left/ring_tip/visuals> (recomposing stage on stage @anon:0x6533d3be8570:World0.usd@ <0x6533d3bedb00>)

2026-08-07T17:53:36Z [9,536ms] [Warning] [omni.usd] Warning: in _ReportErrors at line 3172 of /builds/omniverse/usd-ci/USD/pxr/usd/usd/stage.cpp -- In </World/envs/env_30/Screwdriver/vitrual_link_1/visuals>: Unresolved reference prim path @/tmp/IsaacLab/usd_20260807_105335_5437/configuration/screwdriver_64mm_handle_physics.usd@</visuals/vitrual_link_1> introduced by @/tmp/IsaacLab/usd_20260807_105335_5437/configuration/screwdriver_64mm_handle_base.usd@</screwdriver_on_the_table_64mm_handle/vitrual_link_1/visuals> (recomposing stage on stage @anon:0x6533d3be8570:World0.usd@ <0x6533d3bedb00>)

2026-08-07T17:53:36Z [9,536ms] [Warning] [omni.usd] Warning: in _ReportErrors at line 3172 of /builds/omniverse/usd-ci/USD/pxr/usd/usd/stage.cpp -- In </World/envs/env_98/LinkerHand/ring_tip/visuals>: Unresolved reference prim path @/tmp/IsaacLab/usd_20260807_105335_548/configuration/linkerhand_l20_left_physics.usd@</visuals/ring_tip> introduced by @/tmp/IsaacLab/usd_20260807_105335_548/configuration/linkerhand_l20_left_base.usd@</linkerhand_l20_left/ring_tip/visuals> (recomposing stage on stage @anon:0x6533d3be8570:World0.usd@ <0x6533d3bedb00>)

2026-08-07T17:53:36Z [9,536ms] [Warning] [omni.usd] Warning: in _ReportErrors at line 3172 of /builds/omniverse/usd-ci/USD/pxr/usd/usd/stage.cpp -- In </World/envs/env_25/LinkerHand/middle_tip/visuals>: Unresolved reference prim path @/tmp/IsaacLab/usd_20260807_105335_548/configuration/linkerhand_l20_left_physics.usd@</visuals/middle_tip> introduced by @/tmp/IsaacLab/usd_20260807_105335_548/configuration/linkerhand_l20_left_base.usd@</linkerhand_l20_left/middle_tip/visuals> (recomposing stage on stage @anon:0x6533d3be8570:World0.usd@ <0x6533d3bedb00>)

2026-08-07T17:53:36Z [9,536ms] [Warning] [omni.usd] Warning: in _ReportErrors at line 3172 of /builds/omniverse/usd-ci/USD/pxr/usd/usd/stage.cpp -- In </World/envs/env_23/LinkerHand/index_tip/visuals>: Unresolved reference prim path @/tmp/IsaacLab/usd_20260807_105335_548/configuration/linkerhand_l20_left_physics.usd@</visuals/index_tip> introduced by @/tmp/IsaacLab/usd_20260807_105335_548/configuration/linkerhand_l20_left_base.usd@</linkerhand_l20_left/index_tip/visuals> (recomposing stage on stage @anon:0x6533d3be8570:World0.usd@ <0x6533d3bedb00>)

2026-08-07T17:53:36Z [9,536ms] [Warning] [omni.usd] Warning: in _ReportErrors at line 3172 of /builds/omniverse/usd-ci/USD/pxr/usd/usd/stage.cpp -- In </World/envs/env_3/LinkerHand/ring_tip/visuals>: Unresolved reference prim path @/tmp/IsaacLab/usd_20260807_105335_548/configuration/linkerhand_l20_left_physics.usd@</visuals/ring_tip> introduced by @/tmp/IsaacLab/usd_20260807_105335_548/configuration/linkerhand_l20_left_base.usd@</linkerhand_l20_left/ring_tip/visuals> (recomposing stage on stage @anon:0x6533d3be8570:World0.usd@ <0x6533d3bedb00>)

2026-08-07T17:53:36Z [9,536ms] [Warning] [omni.usd] Warning: in _ReportErrors at line 3172 of /builds/omniverse/usd-ci/USD/pxr/usd/usd/stage.cpp -- In </World/envs/env_31/Screwdriver/vitrual_link_2/visuals>: Unresolved reference prim path @/tmp/IsaacLab/usd_20260807_105335_5437/configuration/screwdriver_64mm_handle_physics.usd@</visuals/vitrual_link_2> introduced by @/tmp/IsaacLab/usd_20260807_105335_5437/configuration/screwdriver_64mm_handle_base.usd@</screwdriver_on_the_table_64mm_handle/vitrual_link_2/visuals> (recomposing stage on stage @anon:0x6533d3be8570:World0.usd@ <0x6533d3bedb00>)

2026-08-07T17:53:36Z [9,536ms] [Warning] [omni.usd] Warning: in _ReportErrors at line 3172 of /builds/omniverse/usd-ci/USD/pxr/usd/usd/stage.cpp -- In </World/envs/env_23/LinkerHand/middle_tip/visuals>: Unresolved reference prim path @/tmp/IsaacLab/usd_20260807_105335_548/configuration/linkerhand_l20_left_physics.usd@</visuals/middle_tip> introduced by @/tmp/IsaacLab/usd_20260807_105335_548/configuration/linkerhand_l20_left_base.usd@</linkerhand_l20_left/middle_tip/visuals> (recomposing stage on stage @anon:0x6533d3be8570:World0.usd@ <0x6533d3bedb00>)

2026-08-07T17:53:36Z [9,536ms] [Warning] [omni.usd] Warning: in _ReportErrors at line 3172 of /builds/omniverse/usd-ci/USD/pxr/usd/usd/stage.cpp -- In </World/envs/env_123/LinkerHand/pinky_tip/visuals>: Unresolved reference prim path @/tmp/IsaacLab/usd_20260807_105335_548/configuration/linkerhand_l20_left_physics.usd@</visuals/pinky_tip> introduced by @/tmp/IsaacLab/usd_20260807_105335_548/configuration/linkerhand_l20_left_base.usd@</linkerhand_l20_left/pinky_tip/visuals> (recomposing stage on stage @anon:0x6533d3be8570:World0.usd@ <0x6533d3bedb00>)

2026-08-07T17:53:36Z [9,536ms] [Warning] [omni.usd] Warning: in _ReportErrors at line 3172 of /builds/omniverse/usd-ci/USD/pxr/usd/usd/stage.cpp -- In </World/envs/env_31/LinkerHand/thumb_tip/visuals>: Unresolved reference prim path @/tmp/IsaacLab/usd_20260807_105335_548/configuration/linkerhand_l20_left_physics.usd@</visuals/thumb_tip> introduced by @/tmp/IsaacLab/usd_20260807_105335_548/configuration/linkerhand_l20_left_base.usd@</linkerhand_l20_left/thumb_tip/visuals> (recomposing stage on stage @anon:0x6533d3be8570:World0.usd@ <0x6533d3bedb00>)

2026-08-07T17:53:36Z [9,536ms] [Warning] [omni.usd] Warning: in _ReportErrors at line 3172 of /builds/omniverse/usd-ci/USD/pxr/usd/usd/stage.cpp -- In </World/envs/env_31/Screwdriver/vitrual_link_1/visuals>: Unresolved reference prim path @/tmp/IsaacLab/usd_20260807_105335_5437/configuration/screwdriver_64mm_handle_physics.usd@</visuals/vitrual_link_1> introduced by @/tmp/IsaacLab/usd_20260807_105335_5437/configuration/screwdriver_64mm_handle_base.usd@</screwdriver_on_the_table_64mm_handle/vitrual_link_1/visuals> (recomposing stage on stage @anon:0x6533d3be8570:World0.usd@ <0x6533d3bedb00>)

2026-08-07T17:53:36Z [9,536ms] [Warning] [omni.usd] Warning: in _ReportErrors at line 3172 of /builds/omniverse/usd-ci/USD/pxr/usd/usd/stage.cpp -- In </World/envs/env_27/LinkerHand/ring_tip/visuals>: Unresolved reference prim path @/tmp/IsaacLab/usd_20260807_105335_548/configuration/linkerhand_l20_left_physics.usd@</visuals/ring_tip> introduced by @/tmp/IsaacLab/usd_20260807_105335_548/configuration/linkerhand_l20_left_base.usd@</linkerhand_l20_left/ring_tip/visuals> (recomposing stage on stage @anon:0x6533d3be8570:World0.usd@ <0x6533d3bedb00>)

2026-08-07T17:53:36Z [9,536ms] [Warning] [omni.usd] Warning: in _ReportErrors at line 3172 of /builds/omniverse/usd-ci/USD/pxr/usd/usd/stage.cpp -- In </World/envs/env_32/LinkerHand/thumb_tip/visuals>: Unresolved reference prim path @/tmp/IsaacLab/usd_20260807_105335_548/configuration/linkerhand_l20_left_physics.usd@</visuals/thumb_tip> introduced by @/tmp/IsaacLab/usd_20260807_105335_548/configuration/linkerhand_l20_left_base.usd@</linkerhand_l20_left/thumb_tip/visuals> (recomposing stage on stage @anon:0x6533d3be8570:World0.usd@ <0x6533d3bedb00>)

2026-08-07T17:53:36Z [9,536ms] [Warning] [omni.usd] Warning: in _ReportErrors at line 3172 of /builds/omniverse/usd-ci/USD/pxr/usd/usd/stage.cpp -- In </World/envs/env_33/Screwdriver/vitrual_link_1/visuals>: Unresolved reference prim path @/tmp/IsaacLab/usd_20260807_105335_5437/configuration/screwdriver_64mm_handle_physics.usd@</visuals/vitrual_link_1> introduced by @/tmp/IsaacLab/usd_20260807_105335_5437/configuration/screwdriver_64mm_handle_base.usd@</screwdriver_on_the_table_64mm_handle/vitrual_link_1/visuals> (recomposing stage on stage @anon:0x6533d3be8570:World0.usd@ <0x6533d3bedb00>)

2026-08-07T17:53:36Z [9,536ms] [Warning] [omni.usd] Warning: in _ReportErrors at line 3172 of /builds/omniverse/usd-ci/USD/pxr/usd/usd/stage.cpp -- In </World/envs/env_29/LinkerHand/index_tip/visuals>: Unresolved reference prim path @/tmp/IsaacLab/usd_20260807_105335_548/configuration/linkerhand_l20_left_physics.usd@</visuals/index_tip> introduced by @/tmp/IsaacLab/usd_20260807_105335_548/configuration/linkerhand_l20_left_base.usd@</linkerhand_l20_left/index_tip/visuals> (recomposing stage on stage @anon:0x6533d3be8570:World0.usd@ <0x6533d3bedb00>)

2026-08-07T17:53:36Z [9,536ms] [Warning] [omni.usd] Warning: in _ReportErrors at line 3172 of /builds/omniverse/usd-ci/USD/pxr/usd/usd/stage.cpp -- In </World/envs/env_33/Screwdriver/vitrual_link_2/visuals>: Unresolved reference prim path @/tmp/IsaacLab/usd_20260807_105335_5437/configuration/screwdriver_64mm_handle_physics.usd@</visuals/vitrual_link_2> introduced by @/tmp/IsaacLab/usd_20260807_105335_5437/configuration/screwdriver_64mm_handle_base.usd@</screwdriver_on_the_table_64mm_handle/vitrual_link_2/visuals> (recomposing stage on stage @anon:0x6533d3be8570:World0.usd@ <0x6533d3bedb00>)

2026-08-07T17:53:36Z [9,536ms] [Warning] [omni.usd] Warning: in _ReportErrors at line 3172 of /builds/omniverse/usd-ci/USD/pxr/usd/usd/stage.cpp -- In </World/envs/env_3/LinkerHand/index_tip/visuals>: Unresolved reference prim path @/tmp/IsaacLab/usd_20260807_105335_548/configuration/linkerhand_l20_left_physics.usd@</visuals/index_tip> introduced by @/tmp/IsaacLab/usd_20260807_105335_548/configuration/linkerhand_l20_left_base.usd@</linkerhand_l20_left/index_tip/visuals> (recomposing stage on stage @anon:0x6533d3be8570:World0.usd@ <0x6533d3bedb00>)

2026-08-07T17:53:36Z [9,536ms] [Warning] [omni.usd] Warning: in _ReportErrors at line 3172 of /builds/omniverse/usd-ci/USD/pxr/usd/usd/stage.cpp -- In </World/envs/env_28/LinkerHand/index_tip/visuals>: Unresolved reference prim path @/tmp/IsaacLab/usd_20260807_105335_548/configuration/linkerhand_l20_left_physics.usd@</visuals/index_tip> introduced by @/tmp/IsaacLab/usd_20260807_105335_548/configuration/linkerhand_l20_left_base.usd@</linkerhand_l20_left/index_tip/visuals> (recomposing stage on stage @anon:0x6533d3be8570:World0.usd@ <0x6533d3bedb00>)

2026-08-07T17:53:36Z [9,536ms] [Warning] [omni.usd] Warning: in _ReportErrors at line 3172 of /builds/omniverse/usd-ci/USD/pxr/usd/usd/stage.cpp -- In </World/envs/env_35/LinkerHand/thumb_tip/visuals>: Unresolved reference prim path @/tmp/IsaacLab/usd_20260807_105335_548/configuration/linkerhand_l20_left_physics.usd@</visuals/thumb_tip> introduced by @/tmp/IsaacLab/usd_20260807_105335_548/configuration/linkerhand_l20_left_base.usd@</linkerhand_l20_left/thumb_tip/visuals> (recomposing stage on stage @anon:0x6533d3be8570:World0.usd@ <0x6533d3bedb00>)

2026-08-07T17:53:36Z [9,536ms] [Warning] [omni.usd] Warning: in _ReportErrors at line 3172 of /builds/omniverse/usd-ci/USD/pxr/usd/usd/stage.cpp -- In </World/envs/env_34/LinkerHand/thumb_tip/visuals>: Unresolved reference prim path @/tmp/IsaacLab/usd_20260807_105335_548/configuration/linkerhand_l20_left_physics.usd@</visuals/thumb_tip> introduced by @/tmp/IsaacLab/usd_20260807_105335_548/configuration/linkerhand_l20_left_base.usd@</linkerhand_l20_left/thumb_tip/visuals> (recomposing stage on stage @anon:0x6533d3be8570:World0.usd@ <0x6533d3bedb00>)

2026-08-07T17:53:36Z [9,536ms] [Warning] [omni.usd] Warning: in _ReportErrors at line 3172 of /builds/omniverse/usd-ci/USD/pxr/usd/usd/stage.cpp -- In </World/envs/env_33/LinkerHand/thumb_tip/visuals>: Unresolved reference prim path @/tmp/IsaacLab/usd_20260807_105335_548/configuration/linkerhand_l20_left_physics.usd@</visuals/thumb_tip> introduced by @/tmp/IsaacLab/usd_20260807_105335_548/configuration/linkerhand_l20_left_base.usd@</linkerhand_l20_left/thumb_tip/visuals> (recomposing stage on stage @anon:0x6533d3be8570:World0.usd@ <0x6533d3bedb00>)

2026-08-07T17:53:36Z [9,536ms] [Warning] [omni.usd] Warning: in _ReportErrors at line 3172 of /builds/omniverse/usd-ci/USD/pxr/usd/usd/stage.cpp -- In </World/envs/env_34/Screwdriver/vitrual_link_2/visuals>: Unresolved reference prim path @/tmp/IsaacLab/usd_20260807_105335_5437/configuration/screwdriver_64mm_handle_physics.usd@</visuals/vitrual_link_2> introduced by @/tmp/IsaacLab/usd_20260807_105335_5437/configuration/screwdriver_64mm_handle_base.usd@</screwdriver_on_the_table_64mm_handle/vitrual_link_2/visuals> (recomposing stage on stage @anon:0x6533d3be8570:World0.usd@ <0x6533d3bedb00>)

2026-08-07T17:53:36Z [9,536ms] [Warning] [omni.usd] Warning: in _ReportErrors at line 3172 of /builds/omniverse/usd-ci/USD/pxr/usd/usd/stage.cpp -- In </World/envs/env_27/LinkerHand/middle_tip/visuals>: Unresolved reference prim path @/tmp/IsaacLab/usd_20260807_105335_548/configuration/linkerhand_l20_left_physics.usd@</visuals/middle_tip> introduced by @/tmp/IsaacLab/usd_20260807_105335_548/configuration/linkerhand_l20_left_base.usd@</linkerhand_l20_left/middle_tip/visuals> (recomposing stage on stage @anon:0x6533d3be8570:World0.usd@ <0x6533d3bedb00>)

2026-08-07T17:53:36Z [9,536ms] [Warning] [omni.usd] Warning: in _ReportErrors at line 3172 of /builds/omniverse/usd-ci/USD/pxr/usd/usd/stage.cpp -- In </World/envs/env_30/LinkerHand/ring_tip/visuals>: Unresolved reference prim path @/tmp/IsaacLab/usd_20260807_105335_548/configuration/linkerhand_l20_left_physics.usd@</visuals/ring_tip> introduced by @/tmp/IsaacLab/usd_20260807_105335_548/configuration/linkerhand_l20_left_base.usd@</linkerhand_l20_left/ring_tip/visuals> (recomposing stage on stage @anon:0x6533d3be8570:World0.usd@ <0x6533d3bedb00>)

2026-08-07T17:53:36Z [9,536ms] [Warning] [omni.usd] Warning: in _ReportErrors at line 3172 of /builds/omniverse/usd-ci/USD/pxr/usd/usd/stage.cpp -- In </World/envs/env_35/Screwdriver/vitrual_link_2/visuals>: Unresolved reference prim path @/tmp/IsaacLab/usd_20260807_105335_5437/configuration/screwdriver_64mm_handle_physics.usd@</visuals/vitrual_link_2> introduced by @/tmp/IsaacLab/usd_20260807_105335_5437/configuration/screwdriver_64mm_handle_base.usd@</screwdriver_on_the_table_64mm_handle/vitrual_link_2/visuals> (recomposing stage on stage @anon:0x6533d3be8570:World0.usd@ <0x6533d3bedb00>)

2026-08-07T17:53:36Z [9,536ms] [Warning] [omni.usd] Warning: in _ReportErrors at line 3172 of /builds/omniverse/usd-ci/USD/pxr/usd/usd/stage.cpp -- In </World/envs/env_29/LinkerHand/middle_tip/visuals>: Unresolved reference prim path @/tmp/IsaacLab/usd_20260807_105335_548/configuration/linkerhand_l20_left_physics.usd@</visuals/middle_tip> introduced by @/tmp/IsaacLab/usd_20260807_105335_548/configuration/linkerhand_l20_left_base.usd@</linkerhand_l20_left/middle_tip/visuals> (recomposing stage on stage @anon:0x6533d3be8570:World0.usd@ <0x6533d3bedb00>)

2026-08-07T17:53:36Z [9,536ms] [Warning] [omni.usd] Warning: in _ReportErrors at line 3172 of /builds/omniverse/usd-ci/USD/pxr/usd/usd/stage.cpp -- In </World/envs/env_28/LinkerHand/pinky_tip/visuals>: Unresolved reference prim path @/tmp/IsaacLab/usd_20260807_105335_548/configuration/linkerhand_l20_left_physics.usd@</visuals/pinky_tip> introduced by @/tmp/IsaacLab/usd_20260807_105335_548/configuration/linkerhand_l20_left_base.usd@</linkerhand_l20_left/pinky_tip/visuals> (recomposing stage on stage @anon:0x6533d3be8570:World0.usd@ <0x6533d3bedb00>)

2026-08-07T17:53:36Z [9,536ms] [Warning] [omni.usd] Warning: in _ReportErrors at line 3172 of /builds/omniverse/usd-ci/USD/pxr/usd/usd/stage.cpp -- In </World/envs/env_34/Screwdriver/vitrual_link_1/visuals>: Unresolved reference prim path @/tmp/IsaacLab/usd_20260807_105335_5437/configuration/screwdriver_64mm_handle_physics.usd@</visuals/vitrual_link_1> introduced by @/tmp/IsaacLab/usd_20260807_105335_5437/configuration/screwdriver_64mm_handle_base.usd@</screwdriver_on_the_table_64mm_handle/vitrual_link_1/visuals> (recomposing stage on stage @anon:0x6533d3be8570:World0.usd@ <0x6533d3bedb00>)

2026-08-07T17:53:36Z [9,536ms] [Warning] [omni.usd] Warning: in _ReportErrors at line 3172 of /builds/omniverse/usd-ci/USD/pxr/usd/usd/stage.cpp -- In </World/envs/env_29/LinkerHand/pinky_tip/visuals>: Unresolved reference prim path @/tmp/IsaacLab/usd_20260807_105335_548/configuration/linkerhand_l20_left_physics.usd@</visuals/pinky_tip> introduced by @/tmp/IsaacLab/usd_20260807_105335_548/configuration/linkerhand_l20_left_base.usd@</linkerhand_l20_left/pinky_tip/visuals> (recomposing stage on stage @anon:0x6533d3be8570:World0.usd@ <0x6533d3bedb00>)

2026-08-07T17:53:36Z [9,536ms] [Warning] [omni.usd] Warning: in _ReportErrors at line 3172 of /builds/omniverse/usd-ci/USD/pxr/usd/usd/stage.cpp -- In </World/envs/env_3/LinkerHand/pinky_tip/visuals>: Unresolved reference prim path @/tmp/IsaacLab/usd_20260807_105335_548/configuration/linkerhand_l20_left_physics.usd@</visuals/pinky_tip> introduced by @/tmp/IsaacLab/usd_20260807_105335_548/configuration/linkerhand_l20_left_base.usd@</linkerhand_l20_left/pinky_tip/visuals> (recomposing stage on stage @anon:0x6533d3be8570:World0.usd@ <0x6533d3bedb00>)

2026-08-07T17:53:36Z [9,536ms] [Warning] [omni.usd] Warning: in _ReportErrors at line 3172 of /builds/omniverse/usd-ci/USD/pxr/usd/usd/stage.cpp -- In </World/envs/env_26/LinkerHand/index_tip/visuals>: Unresolved reference prim path @/tmp/IsaacLab/usd_20260807_105335_548/configuration/linkerhand_l20_left_physics.usd@</visuals/index_tip> introduced by @/tmp/IsaacLab/usd_20260807_105335_548/configuration/linkerhand_l20_left_base.usd@</linkerhand_l20_left/index_tip/visuals> (recomposing stage on stage @anon:0x6533d3be8570:World0.usd@ <0x6533d3bedb00>)

2026-08-07T17:53:36Z [9,536ms] [Warning] [omni.usd] Warning: in _ReportErrors at line 3172 of /builds/omniverse/usd-ci/USD/pxr/usd/usd/stage.cpp -- In </World/envs/env_32/Screwdriver/vitrual_link_2/visuals>: Unresolved reference prim path @/tmp/IsaacLab/usd_20260807_105335_5437/configuration/screwdriver_64mm_handle_physics.usd@</visuals/vitrual_link_2> introduced by @/tmp/IsaacLab/usd_20260807_105335_5437/configuration/screwdriver_64mm_handle_base.usd@</screwdriver_on_the_table_64mm_handle/vitrual_link_2/visuals> (recomposing stage on stage @anon:0x6533d3be8570:World0.usd@ <0x6533d3bedb00>)

2026-08-07T17:53:36Z [9,536ms] [Warning] [omni.usd] Warning: in _ReportErrors at line 3172 of /builds/omniverse/usd-ci/USD/pxr/usd/usd/stage.cpp -- In </World/envs/env_98/LinkerHand/pinky_tip/visuals>: Unresolved reference prim path @/tmp/IsaacLab/usd_20260807_105335_548/configuration/linkerhand_l20_left_physics.usd@</visuals/pinky_tip> introduced by @/tmp/IsaacLab/usd_20260807_105335_548/configuration/linkerhand_l20_left_base.usd@</linkerhand_l20_left/pinky_tip/visuals> (recomposing stage on stage @anon:0x6533d3be8570:World0.usd@ <0x6533d3bedb00>)

2026-08-07T17:53:36Z [9,536ms] [Warning] [omni.usd] Warning: in _ReportErrors at line 3172 of /builds/omniverse/usd-ci/USD/pxr/usd/usd/stage.cpp -- In </World/envs/env_31/LinkerHand/ring_tip/visuals>: Unresolved reference prim path @/tmp/IsaacLab/usd_20260807_105335_548/configuration/linkerhand_l20_left_physics.usd@</visuals/ring_tip> introduced by @/tmp/IsaacLab/usd_20260807_105335_548/configuration/linkerhand_l20_left_base.usd@</linkerhand_l20_left/ring_tip/visuals> (recomposing stage on stage @anon:0x6533d3be8570:World0.usd@ <0x6533d3bedb00>)

2026-08-07T17:53:36Z [9,536ms] [Warning] [omni.usd] Warning: in _ReportErrors at line 3172 of /builds/omniverse/usd-ci/USD/pxr/usd/usd/stage.cpp -- In </World/envs/env_26/LinkerHand/pinky_tip/visuals>: Unresolved reference prim path @/tmp/IsaacLab/usd_20260807_105335_548/configuration/linkerhand_l20_left_physics.usd@</visuals/pinky_tip> introduced by @/tmp/IsaacLab/usd_20260807_105335_548/configuration/linkerhand_l20_left_base.usd@</linkerhand_l20_left/pinky_tip/visuals> (recomposing stage on stage @anon:0x6533d3be8570:World0.usd@ <0x6533d3bedb00>)

2026-08-07T17:53:36Z [9,536ms] [Warning] [omni.usd] Warning: in _ReportErrors at line 3172 of /builds/omniverse/usd-ci/USD/pxr/usd/usd/stage.cpp -- In </World/envs/env_35/Screwdriver/vitrual_link_1/visuals>: Unresolved reference prim path @/tmp/IsaacLab/usd_20260807_105335_5437/configuration/screwdriver_64mm_handle_physics.usd@</visuals/vitrual_link_1> introduced by @/tmp/IsaacLab/usd_20260807_105335_5437/configuration/screwdriver_64mm_handle_base.usd@</screwdriver_on_the_table_64mm_handle/vitrual_link_1/visuals> (recomposing stage on stage @anon:0x6533d3be8570:World0.usd@ <0x6533d3bedb00>)

2026-08-07T17:53:36Z [9,536ms] [Warning] [omni.usd] Warning: in _ReportErrors at line 3172 of /builds/omniverse/usd-ci/USD/pxr/usd/usd/stage.cpp -- In </World/envs/env_32/Screwdriver/vitrual_link_1/visuals>: Unresolved reference prim path @/tmp/IsaacLab/usd_20260807_105335_5437/configuration/screwdriver_64mm_handle_physics.usd@</visuals/vitrual_link_1> introduced by @/tmp/IsaacLab/usd_20260807_105335_5437/configuration/screwdriver_64mm_handle_base.usd@</screwdriver_on_the_table_64mm_handle/vitrual_link_1/visuals> (recomposing stage on stage @anon:0x6533d3be8570:World0.usd@ <0x6533d3bedb00>)

2026-08-07T17:53:36Z [9,536ms] [Warning] [omni.usd] Warning: in _ReportErrors at line 3172 of /builds/omniverse/usd-ci/USD/pxr/usd/usd/stage.cpp -- In </World/envs/env_35/LinkerHand/ring_tip/visuals>: Unresolved reference prim path @/tmp/IsaacLab/usd_20260807_105335_548/configuration/linkerhand_l20_left_physics.usd@</visuals/ring_tip> introduced by @/tmp/IsaacLab/usd_20260807_105335_548/configuration/linkerhand_l20_left_base.usd@</linkerhand_l20_left/ring_tip/visuals> (recomposing stage on stage @anon:0x6533d3be8570:World0.usd@ <0x6533d3bedb00>)

2026-08-07T17:53:36Z [9,536ms] [Warning] [omni.usd] Warning: in _ReportErrors at line 3172 of /builds/omniverse/usd-ci/USD/pxr/usd/usd/stage.cpp -- In </World/envs/env_27/LinkerHand/pinky_tip/visuals>: Unresolved reference prim path @/tmp/IsaacLab/usd_20260807_105335_548/configuration/linkerhand_l20_left_physics.usd@</visuals/pinky_tip> introduced by @/tmp/IsaacLab/usd_20260807_105335_548/configuration/linkerhand_l20_left_base.usd@</linkerhand_l20_left/pinky_tip/visuals> (recomposing stage on stage @anon:0x6533d3be8570:World0.usd@ <0x6533d3bedb00>)

2026-08-07T17:53:36Z [9,536ms] [Warning] [omni.usd] Warning: in _ReportErrors at line 3172 of /builds/omniverse/usd-ci/USD/pxr/usd/usd/stage.cpp -- In </World/envs/env_34/LinkerHand/ring_tip/visuals>: Unresolved reference prim path @/tmp/IsaacLab/usd_20260807_105335_548/configuration/linkerhand_l20_left_physics.usd@</visuals/ring_tip> introduced by @/tmp/IsaacLab/usd_20260807_105335_548/configuration/linkerhand_l20_left_base.usd@</linkerhand_l20_left/ring_tip/visuals> (recomposing stage on stage @anon:0x6533d3be8570:World0.usd@ <0x6533d3bedb00>)

2026-08-07T17:53:36Z [9,536ms] [Warning] [omni.usd] Warning: in _ReportErrors at line 3172 of /builds/omniverse/usd-ci/USD/pxr/usd/usd/stage.cpp -- In </World/envs/env_34/LinkerHand/index_tip/visuals>: Unresolved reference prim path @/tmp/IsaacLab/usd_20260807_105335_548/configuration/linkerhand_l20_left_physics.usd@</visuals/index_tip> introduced by @/tmp/IsaacLab/usd_20260807_105335_548/configuration/linkerhand_l20_left_base.usd@</linkerhand_l20_left/index_tip/visuals> (recomposing stage on stage @anon:0x6533d3be8570:World0.usd@ <0x6533d3bedb00>)

2026-08-07T17:53:36Z [9,536ms] [Warning] [omni.usd] Warning: in _ReportErrors at line 3172 of /builds/omniverse/usd-ci/USD/pxr/usd/usd/stage.cpp -- In </World/envs/env_3/LinkerHand/middle_tip/visuals>: Unresolved reference prim path @/tmp/IsaacLab/usd_20260807_105335_548/configuration/linkerhand_l20_left_physics.usd@</visuals/middle_tip> introduced by @/tmp/IsaacLab/usd_20260807_105335_548/configuration/linkerhand_l20_left_base.usd@</linkerhand_l20_left/middle_tip/visuals> (recomposing stage on stage @anon:0x6533d3be8570:World0.usd@ <0x6533d3bedb00>)

2026-08-07T17:53:36Z [9,536ms] [Warning] [omni.usd] Warning: in _ReportErrors at line 3172 of /builds/omniverse/usd-ci/USD/pxr/usd/usd/stage.cpp -- In </World/envs/env_33/LinkerHand/index_tip/visuals>: Unresolved reference prim path @/tmp/IsaacLab/usd_20260807_105335_548/configuration/linkerhand_l20_left_physics.usd@</visuals/index_tip> introduced by @/tmp/IsaacLab/usd_20260807_105335_548/configuration/linkerhand_l20_left_base.usd@</linkerhand_l20_left/index_tip/visuals> (recomposing stage on stage @anon:0x6533d3be8570:World0.usd@ <0x6533d3bedb00>)

2026-08-07T17:53:36Z [9,536ms] [Warning] [omni.usd] Warning: in _ReportErrors at line 3172 of /builds/omniverse/usd-ci/USD/pxr/usd/usd/stage.cpp -- In </World/envs/env_30/LinkerHand/index_tip/visuals>: Unresolved reference prim path @/tmp/IsaacLab/usd_20260807_105335_548/configuration/linkerhand_l20_left_physics.usd@</visuals/index_tip> introduced by @/tmp/IsaacLab/usd_20260807_105335_548/configuration/linkerhand_l20_left_base.usd@</linkerhand_l20_left/index_tip/visuals> (recomposing stage on stage @anon:0x6533d3be8570:World0.usd@ <0x6533d3bedb00>)

2026-08-07T17:53:36Z [9,536ms] [Warning] [omni.usd] Warning: in _ReportErrors at line 3172 of /builds/omniverse/usd-ci/USD/pxr/usd/usd/stage.cpp -- In </World/envs/env_30/LinkerHand/pinky_tip/visuals>: Unresolved reference prim path @/tmp/IsaacLab/usd_20260807_105335_548/configuration/linkerhand_l20_left_physics.usd@</visuals/pinky_tip> introduced by @/tmp/IsaacLab/usd_20260807_105335_548/configuration/linkerhand_l20_left_base.usd@</linkerhand_l20_left/pinky_tip/visuals> (recomposing stage on stage @anon:0x6533d3be8570:World0.usd@ <0x6533d3bedb00>)

2026-08-07T17:53:36Z [9,536ms] [Warning] [omni.usd] Warning: in _ReportErrors at line 3172 of /builds/omniverse/usd-ci/USD/pxr/usd/usd/stage.cpp -- In </World/envs/env_31/LinkerHand/index_tip/visuals>: Unresolved reference prim path @/tmp/IsaacLab/usd_20260807_105335_548/configuration/linkerhand_l20_left_physics.usd@</visuals/index_tip> introduced by @/tmp/IsaacLab/usd_20260807_105335_548/configuration/linkerhand_l20_left_base.usd@</linkerhand_l20_left/index_tip/visuals> (recomposing stage on stage @anon:0x6533d3be8570:World0.usd@ <0x6533d3bedb00>)

2026-08-07T17:53:36Z [9,536ms] [Warning] [omni.usd] Warning: in _ReportErrors at line 3172 of /builds/omniverse/usd-ci/USD/pxr/usd/usd/stage.cpp -- In </World/envs/env_34/LinkerHand/middle_tip/visuals>: Unresolved reference prim path @/tmp/IsaacLab/usd_20260807_105335_548/configuration/linkerhand_l20_left_physics.usd@</visuals/middle_tip> introduced by @/tmp/IsaacLab/usd_20260807_105335_548/configuration/linkerhand_l20_left_base.usd@</linkerhand_l20_left/middle_tip/visuals> (recomposing stage on stage @anon:0x6533d3be8570:World0.usd@ <0x6533d3bedb00>)

2026-08-07T17:53:36Z [9,536ms] [Warning] [omni.usd] Warning: in _ReportErrors at line 3172 of /builds/omniverse/usd-ci/USD/pxr/usd/usd/stage.cpp -- In </World/envs/env_98/LinkerHand/middle_tip/visuals>: Unresolved reference prim path @/tmp/IsaacLab/usd_20260807_105335_548/configuration/linkerhand_l20_left_physics.usd@</visuals/middle_tip> introduced by @/tmp/IsaacLab/usd_20260807_105335_548/configuration/linkerhand_l20_left_base.usd@</linkerhand_l20_left/middle_tip/visuals> (recomposing stage on stage @anon:0x6533d3be8570:World0.usd@ <0x6533d3bedb00>)

2026-08-07T17:53:36Z [9,536ms] [Warning] [omni.usd] Warning: in _ReportErrors at line 3172 of /builds/omniverse/usd-ci/USD/pxr/usd/usd/stage.cpp -- In </World/envs/env_32/LinkerHand/ring_tip/visuals>: Unresolved reference prim path @/tmp/IsaacLab/usd_20260807_105335_548/configuration/linkerhand_l20_left_physics.usd@</visuals/ring_tip> introduced by @/tmp/IsaacLab/usd_20260807_105335_548/configuration/linkerhand_l20_left_base.usd@</linkerhand_l20_left/ring_tip/visuals> (recomposing stage on stage @anon:0x6533d3be8570:World0.usd@ <0x6533d3bedb00>)

2026-08-07T17:53:36Z [9,536ms] [Warning] [omni.usd] Warning: in _ReportErrors at line 3172 of /builds/omniverse/usd-ci/USD/pxr/usd/usd/stage.cpp -- In </World/envs/env_28/LinkerHand/middle_tip/visuals>: Unresolved reference prim path @/tmp/IsaacLab/usd_20260807_105335_548/configuration/linkerhand_l20_left_physics.usd@</visuals/middle_tip> introduced by @/tmp/IsaacLab/usd_20260807_105335_548/configuration/linkerhand_l20_left_base.usd@</linkerhand_l20_left/middle_tip/visuals> (recomposing stage on stage @anon:0x6533d3be8570:World0.usd@ <0x6533d3bedb00>)

2026-08-07T17:53:36Z [9,536ms] [Warning] [omni.usd] Warning: in _ReportErrors at line 3172 of /builds/omniverse/usd-ci/USD/pxr/usd/usd/stage.cpp -- In </World/envs/env_35/LinkerHand/pinky_tip/visuals>: Unresolved reference prim path @/tmp/IsaacLab/usd_20260807_105335_548/configuration/linkerhand_l20_left_physics.usd@</visuals/pinky_tip> introduced by @/tmp/IsaacLab/usd_20260807_105335_548/configuration/linkerhand_l20_left_base.usd@</linkerhand_l20_left/pinky_tip/visuals> (recomposing stage on stage @anon:0x6533d3be8570:World0.usd@ <0x6533d3bedb00>)

2026-08-07T17:53:36Z [9,536ms] [Warning] [omni.usd] Warning: in _ReportErrors at line 3172 of /builds/omniverse/usd-ci/USD/pxr/usd/usd/stage.cpp -- In </World/envs/env_33/LinkerHand/ring_tip/visuals>: Unresolved reference prim path @/tmp/IsaacLab/usd_20260807_105335_548/configuration/linkerhand_l20_left_physics.usd@</visuals/ring_tip> introduced by @/tmp/IsaacLab/usd_20260807_105335_548/configuration/linkerhand_l20_left_base.usd@</linkerhand_l20_left/ring_tip/visuals> (recomposing stage on stage @anon:0x6533d3be8570:World0.usd@ <0x6533d3bedb00>)

2026-08-07T17:53:36Z [9,536ms] [Warning] [omni.usd] Warning: in _ReportErrors at line 3172 of /builds/omniverse/usd-ci/USD/pxr/usd/usd/stage.cpp -- In </World/envs/env_32/LinkerHand/index_tip/visuals>: Unresolved reference prim path @/tmp/IsaacLab/usd_20260807_105335_548/configuration/linkerhand_l20_left_physics.usd@</visuals/index_tip> introduced by @/tmp/IsaacLab/usd_20260807_105335_548/configuration/linkerhand_l20_left_base.usd@</linkerhand_l20_left/index_tip/visuals> (recomposing stage on stage @anon:0x6533d3be8570:World0.usd@ <0x6533d3bedb00>)

2026-08-07T17:53:36Z [9,536ms] [Warning] [omni.usd] Warning: in _ReportErrors at line 3172 of /builds/omniverse/usd-ci/USD/pxr/usd/usd/stage.cpp -- In </World/envs/env_37/Screwdriver/vitrual_link_1/visuals>: Unresolved reference prim path @/tmp/IsaacLab/usd_20260807_105335_5437/configuration/screwdriver_64mm_handle_physics.usd@</visuals/vitrual_link_1> introduced by @/tmp/IsaacLab/usd_20260807_105335_5437/configuration/screwdriver_64mm_handle_base.usd@</screwdriver_on_the_table_64mm_handle/vitrual_link_1/visuals> (recomposing stage on stage @anon:0x6533d3be8570:World0.usd@ <0x6533d3bedb00>)

2026-08-07T17:53:36Z [9,536ms] [Warning] [omni.usd] Warning: in _ReportErrors at line 3172 of /builds/omniverse/usd-ci/USD/pxr/usd/usd/stage.cpp -- In </World/envs/env_36/Screwdriver/vitrual_link_2/visuals>: Unresolved reference prim path @/tmp/IsaacLab/usd_20260807_105335_5437/configuration/screwdriver_64mm_handle_physics.usd@</visuals/vitrual_link_2> introduced by @/tmp/IsaacLab/usd_20260807_105335_5437/configuration/screwdriver_64mm_handle_base.usd@</screwdriver_on_the_table_64mm_handle/vitrual_link_2/visuals> (recomposing stage on stage @anon:0x6533d3be8570:World0.usd@ <0x6533d3bedb00>)

2026-08-07T17:53:36Z [9,536ms] [Warning] [omni.usd] Warning: in _ReportErrors at line 3172 of /builds/omniverse/usd-ci/USD/pxr/usd/usd/stage.cpp -- In </World/envs/env_37/LinkerHand/thumb_tip/visuals>: Unresolved reference prim path @/tmp/IsaacLab/usd_20260807_105335_548/configuration/linkerhand_l20_left_physics.usd@</visuals/thumb_tip> introduced by @/tmp/IsaacLab/usd_20260807_105335_548/configuration/linkerhand_l20_left_base.usd@</linkerhand_l20_left/thumb_tip/visuals> (recomposing stage on stage @anon:0x6533d3be8570:World0.usd@ <0x6533d3bedb00>)

2026-08-07T17:53:36Z [9,536ms] [Warning] [omni.usd] Warning: in _ReportErrors at line 3172 of /builds/omniverse/usd-ci/USD/pxr/usd/usd/stage.cpp -- In </World/envs/env_26/LinkerHand/middle_tip/visuals>: Unresolved reference prim path @/tmp/IsaacLab/usd_20260807_105335_548/configuration/linkerhand_l20_left_physics.usd@</visuals/middle_tip> introduced by @/tmp/IsaacLab/usd_20260807_105335_548/configuration/linkerhand_l20_left_base.usd@</linkerhand_l20_left/middle_tip/visuals> (recomposing stage on stage @anon:0x6533d3be8570:World0.usd@ <0x6533d3bedb00>)

2026-08-07T17:53:36Z [9,537ms] [Warning] [omni.usd] Warning: in _ReportErrors at line 3172 of /builds/omniverse/usd-ci/USD/pxr/usd/usd/stage.cpp -- In </World/envs/env_30/LinkerHand/middle_tip/visuals>: Unresolved reference prim path @/tmp/IsaacLab/usd_20260807_105335_548/configuration/linkerhand_l20_left_physics.usd@</visuals/middle_tip> introduced by @/tmp/IsaacLab/usd_20260807_105335_548/configuration/linkerhand_l20_left_base.usd@</linkerhand_l20_left/middle_tip/visuals> (recomposing stage on stage @anon:0x6533d3be8570:World0.usd@ <0x6533d3bedb00>)

2026-08-07T17:53:36Z [9,537ms] [Warning] [omni.usd] Warning: in _ReportErrors at line 3172 of /builds/omniverse/usd-ci/USD/pxr/usd/usd/stage.cpp -- In </World/envs/env_36/LinkerHand/thumb_tip/visuals>: Unresolved reference prim path @/tmp/IsaacLab/usd_20260807_105335_548/configuration/linkerhand_l20_left_physics.usd@</visuals/thumb_tip> introduced by @/tmp/IsaacLab/usd_20260807_105335_548/configuration/linkerhand_l20_left_base.usd@</linkerhand_l20_left/thumb_tip/visuals> (recomposing stage on stage @anon:0x6533d3be8570:World0.usd@ <0x6533d3bedb00>)

2026-08-07T17:53:36Z [9,537ms] [Warning] [omni.usd] Warning: in _ReportErrors at line 3172 of /builds/omniverse/usd-ci/USD/pxr/usd/usd/stage.cpp -- In </World/envs/env_36/Screwdriver/vitrual_link_1/visuals>: Unresolved reference prim path @/tmp/IsaacLab/usd_20260807_105335_5437/configuration/screwdriver_64mm_handle_physics.usd@</visuals/vitrual_link_1> introduced by @/tmp/IsaacLab/usd_20260807_105335_5437/configuration/screwdriver_64mm_handle_base.usd@</screwdriver_on_the_table_64mm_handle/vitrual_link_1/visuals> (recomposing stage on stage @anon:0x6533d3be8570:World0.usd@ <0x6533d3bedb00>)

2026-08-07T17:53:36Z [9,537ms] [Warning] [omni.usd] Warning: in _ReportErrors at line 3172 of /builds/omniverse/usd-ci/USD/pxr/usd/usd/stage.cpp -- In </World/envs/env_35/LinkerHand/index_tip/visuals>: Unresolved reference prim path @/tmp/IsaacLab/usd_20260807_105335_548/configuration/linkerhand_l20_left_physics.usd@</visuals/index_tip> introduced by @/tmp/IsaacLab/usd_20260807_105335_548/configuration/linkerhand_l20_left_base.usd@</linkerhand_l20_left/index_tip/visuals> (recomposing stage on stage @anon:0x6533d3be8570:World0.usd@ <0x6533d3bedb00>)

2026-08-07T17:53:36Z [9,537ms] [Warning] [omni.usd] Warning: in _ReportErrors at line 3172 of /builds/omniverse/usd-ci/USD/pxr/usd/usd/stage.cpp -- In </World/envs/env_35/LinkerHand/middle_tip/visuals>: Unresolved reference prim path @/tmp/IsaacLab/usd_20260807_105335_548/configuration/linkerhand_l20_left_physics.usd@</visuals/middle_tip> introduced by @/tmp/IsaacLab/usd_20260807_105335_548/configuration/linkerhand_l20_left_base.usd@</linkerhand_l20_left/middle_tip/visuals> (recomposing stage on stage @anon:0x6533d3be8570:World0.usd@ <0x6533d3bedb00>)

2026-08-07T17:53:36Z [9,537ms] [Warning] [omni.usd] Warning: in _ReportErrors at line 3172 of /builds/omniverse/usd-ci/USD/pxr/usd/usd/stage.cpp -- In </World/envs/env_31/LinkerHand/pinky_tip/visuals>: Unresolved reference prim path @/tmp/IsaacLab/usd_20260807_105335_548/configuration/linkerhand_l20_left_physics.usd@</visuals/pinky_tip> introduced by @/tmp/IsaacLab/usd_20260807_105335_548/configuration/linkerhand_l20_left_base.usd@</linkerhand_l20_left/pinky_tip/visuals> (recomposing stage on stage @anon:0x6533d3be8570:World0.usd@ <0x6533d3bedb00>)

2026-08-07T17:53:36Z [9,537ms] [Warning] [omni.usd] Warning: in _ReportErrors at line 3172 of /builds/omniverse/usd-ci/USD/pxr/usd/usd/stage.cpp -- In </World/envs/env_33/LinkerHand/middle_tip/visuals>: Unresolved reference prim path @/tmp/IsaacLab/usd_20260807_105335_548/configuration/linkerhand_l20_left_physics.usd@</visuals/middle_tip> introduced by @/tmp/IsaacLab/usd_20260807_105335_548/configuration/linkerhand_l20_left_base.usd@</linkerhand_l20_left/middle_tip/visuals> (recomposing stage on stage @anon:0x6533d3be8570:World0.usd@ <0x6533d3bedb00>)

2026-08-07T17:53:36Z [9,537ms] [Warning] [omni.usd] Warning: in _ReportErrors at line 3172 of /builds/omniverse/usd-ci/USD/pxr/usd/usd/stage.cpp -- In </World/envs/env_34/LinkerHand/pinky_tip/visuals>: Unresolved reference prim path @/tmp/IsaacLab/usd_20260807_105335_548/configuration/linkerhand_l20_left_physics.usd@</visuals/pinky_tip> introduced by @/tmp/IsaacLab/usd_20260807_105335_548/configuration/linkerhand_l20_left_base.usd@</linkerhand_l20_left/pinky_tip/visuals> (recomposing stage on stage @anon:0x6533d3be8570:World0.usd@ <0x6533d3bedb00>)

2026-08-07T17:53:36Z [9,537ms] [Warning] [omni.usd] Warning: in _ReportErrors at line 3172 of /builds/omniverse/usd-ci/USD/pxr/usd/usd/stage.cpp -- In </World/envs/env_32/LinkerHand/pinky_tip/visuals>: Unresolved reference prim path @/tmp/IsaacLab/usd_20260807_105335_548/configuration/linkerhand_l20_left_physics.usd@</visuals/pinky_tip> introduced by @/tmp/IsaacLab/usd_20260807_105335_548/configuration/linkerhand_l20_left_base.usd@</linkerhand_l20_left/pinky_tip/visuals> (recomposing stage on stage @anon:0x6533d3be8570:World0.usd@ <0x6533d3bedb00>)

2026-08-07T17:53:36Z [9,537ms] [Warning] [omni.usd] Warning: in _ReportErrors at line 3172 of /builds/omniverse/usd-ci/USD/pxr/usd/usd/stage.cpp -- In </World/envs/env_32/LinkerHand/middle_tip/visuals>: Unresolved reference prim path @/tmp/IsaacLab/usd_20260807_105335_548/configuration/linkerhand_l20_left_physics.usd@</visuals/middle_tip> introduced by @/tmp/IsaacLab/usd_20260807_105335_548/configuration/linkerhand_l20_left_base.usd@</linkerhand_l20_left/middle_tip/visuals> (recomposing stage on stage @anon:0x6533d3be8570:World0.usd@ <0x6533d3bedb00>)

2026-08-07T17:53:36Z [9,537ms] [Warning] [omni.usd] Warning: in _ReportErrors at line 3172 of /builds/omniverse/usd-ci/USD/pxr/usd/usd/stage.cpp -- In </World/envs/env_33/LinkerHand/pinky_tip/visuals>: Unresolved reference prim path @/tmp/IsaacLab/usd_20260807_105335_548/configuration/linkerhand_l20_left_physics.usd@</visuals/pinky_tip> introduced by @/tmp/IsaacLab/usd_20260807_105335_548/configuration/linkerhand_l20_left_base.usd@</linkerhand_l20_left/pinky_tip/visuals> (recomposing stage on stage @anon:0x6533d3be8570:World0.usd@ <0x6533d3bedb00>)

2026-08-07T17:53:36Z [9,537ms] [Warning] [omni.usd] Warning: in _ReportErrors at line 3172 of /builds/omniverse/usd-ci/USD/pxr/usd/usd/stage.cpp -- In </World/envs/env_31/LinkerHand/middle_tip/visuals>: Unresolved reference prim path @/tmp/IsaacLab/usd_20260807_105335_548/configuration/linkerhand_l20_left_physics.usd@</visuals/middle_tip> introduced by @/tmp/IsaacLab/usd_20260807_105335_548/configuration/linkerhand_l20_left_base.usd@</linkerhand_l20_left/middle_tip/visuals> (recomposing stage on stage @anon:0x6533d3be8570:World0.usd@ <0x6533d3bedb00>)

2026-08-07T17:53:36Z [9,537ms] [Warning] [omni.usd] Warning: in _ReportErrors at line 3172 of /builds/omniverse/usd-ci/USD/pxr/usd/usd/stage.cpp -- In </World/envs/env_37/Screwdriver/vitrual_link_2/visuals>: Unresolved reference prim path @/tmp/IsaacLab/usd_20260807_105335_5437/configuration/screwdriver_64mm_handle_physics.usd@</visuals/vitrual_link_2> introduced by @/tmp/IsaacLab/usd_20260807_105335_5437/configuration/screwdriver_64mm_handle_base.usd@</screwdriver_on_the_table_64mm_handle/vitrual_link_2/visuals> (recomposing stage on stage @anon:0x6533d3be8570:World0.usd@ <0x6533d3bedb00>)

2026-08-07T17:53:36Z [9,537ms] [Warning] [omni.usd] Warning: in _ReportErrors at line 3172 of /builds/omniverse/usd-ci/USD/pxr/usd/usd/stage.cpp -- In </World/envs/env_36/LinkerHand/index_tip/visuals>: Unresolved reference prim path @/tmp/IsaacLab/usd_20260807_105335_548/configuration/linkerhand_l20_left_physics.usd@</visuals/index_tip> introduced by @/tmp/IsaacLab/usd_20260807_105335_548/configuration/linkerhand_l20_left_base.usd@</linkerhand_l20_left/index_tip/visuals> (recomposing stage on stage @anon:0x6533d3be8570:World0.usd@ <0x6533d3bedb00>)

2026-08-07T17:53:36Z [9,537ms] [Warning] [omni.usd] Warning: in _ReportErrors at line 3172 of /builds/omniverse/usd-ci/USD/pxr/usd/usd/stage.cpp -- In </World/envs/env_98/LinkerHand/index_tip/visuals>: Unresolved reference prim path @/tmp/IsaacLab/usd_20260807_105335_548/configuration/linkerhand_l20_left_physics.usd@</visuals/index_tip> introduced by @/tmp/IsaacLab/usd_20260807_105335_548/configuration/linkerhand_l20_left_base.usd@</linkerhand_l20_left/index_tip/visuals> (recomposing stage on stage @anon:0x6533d3be8570:World0.usd@ <0x6533d3bedb00>)

2026-08-07T17:53:36Z [9,537ms] [Warning] [omni.usd] Warning: in _ReportErrors at line 3172 of /builds/omniverse/usd-ci/USD/pxr/usd/usd/stage.cpp -- In </World/envs/env_41/Screwdriver/vitrual_link_1/visuals>: Unresolved reference prim path @/tmp/IsaacLab/usd_20260807_105335_5437/configuration/screwdriver_64mm_handle_physics.usd@</visuals/vitrual_link_1> introduced by @/tmp/IsaacLab/usd_20260807_105335_5437/configuration/screwdriver_64mm_handle_base.usd@</screwdriver_on_the_table_64mm_handle/vitrual_link_1/visuals> (recomposing stage on stage @anon:0x6533d3be8570:World0.usd@ <0x6533d3bedb00>)

2026-08-07T17:53:36Z [9,537ms] [Warning] [omni.usd] Warning: in _ReportErrors at line 3172 of /builds/omniverse/usd-ci/USD/pxr/usd/usd/stage.cpp -- In </World/envs/env_40/LinkerHand/thumb_tip/visuals>: Unresolved reference prim path @/tmp/IsaacLab/usd_20260807_105335_548/configuration/linkerhand_l20_left_physics.usd@</visuals/thumb_tip> introduced by @/tmp/IsaacLab/usd_20260807_105335_548/configuration/linkerhand_l20_left_base.usd@</linkerhand_l20_left/thumb_tip/visuals> (recomposing stage on stage @anon:0x6533d3be8570:World0.usd@ <0x6533d3bedb00>)

2026-08-07T17:53:36Z [9,537ms] [Warning] [omni.usd] Warning: in _ReportErrors at line 3172 of /builds/omniverse/usd-ci/USD/pxr/usd/usd/stage.cpp -- In </World/envs/env_40/Screwdriver/vitrual_link_1/visuals>: Unresolved reference prim path @/tmp/IsaacLab/usd_20260807_105335_5437/configuration/screwdriver_64mm_handle_physics.usd@</visuals/vitrual_link_1> introduced by @/tmp/IsaacLab/usd_20260807_105335_5437/configuration/screwdriver_64mm_handle_base.usd@</screwdriver_on_the_table_64mm_handle/vitrual_link_1/visuals> (recomposing stage on stage @anon:0x6533d3be8570:World0.usd@ <0x6533d3bedb00>)

2026-08-07T17:53:36Z [9,537ms] [Warning] [omni.usd] Warning: in _ReportErrors at line 3172 of /builds/omniverse/usd-ci/USD/pxr/usd/usd/stage.cpp -- In </World/envs/env_41/Screwdriver/vitrual_link_2/visuals>: Unresolved reference prim path @/tmp/IsaacLab/usd_20260807_105335_5437/configuration/screwdriver_64mm_handle_physics.usd@</visuals/vitrual_link_2> introduced by @/tmp/IsaacLab/usd_20260807_105335_5437/configuration/screwdriver_64mm_handle_base.usd@</screwdriver_on_the_table_64mm_handle/vitrual_link_2/visuals> (recomposing stage on stage @anon:0x6533d3be8570:World0.usd@ <0x6533d3bedb00>)

2026-08-07T17:53:36Z [9,537ms] [Warning] [omni.usd] Warning: in _ReportErrors at line 3172 of /builds/omniverse/usd-ci/USD/pxr/usd/usd/stage.cpp -- In </World/envs/env_4/LinkerHand/thumb_tip/visuals>: Unresolved reference prim path @/tmp/IsaacLab/usd_20260807_105335_548/configuration/linkerhand_l20_left_physics.usd@</visuals/thumb_tip> introduced by @/tmp/IsaacLab/usd_20260807_105335_548/configuration/linkerhand_l20_left_base.usd@</linkerhand_l20_left/thumb_tip/visuals> (recomposing stage on stage @anon:0x6533d3be8570:World0.usd@ <0x6533d3bedb00>)

2026-08-07T17:53:36Z [9,537ms] [Warning] [omni.usd] Warning: in _ReportErrors at line 3172 of /builds/omniverse/usd-ci/USD/pxr/usd/usd/stage.cpp -- In </World/envs/env_37/LinkerHand/index_tip/visuals>: Unresolved reference prim path @/tmp/IsaacLab/usd_20260807_105335_548/configuration/linkerhand_l20_left_physics.usd@</visuals/index_tip> introduced by @/tmp/IsaacLab/usd_20260807_105335_548/configuration/linkerhand_l20_left_base.usd@</linkerhand_l20_left/index_tip/visuals> (recomposing stage on stage @anon:0x6533d3be8570:World0.usd@ <0x6533d3bedb00>)

2026-08-07T17:53:36Z [9,537ms] [Warning] [omni.usd] Warning: in _ReportErrors at line 3172 of /builds/omniverse/usd-ci/USD/pxr/usd/usd/stage.cpp -- In </World/envs/env_41/LinkerHand/thumb_tip/visuals>: Unresolved reference prim path @/tmp/IsaacLab/usd_20260807_105335_548/configuration/linkerhand_l20_left_physics.usd@</visuals/thumb_tip> introduced by @/tmp/IsaacLab/usd_20260807_105335_548/configuration/linkerhand_l20_left_base.usd@</linkerhand_l20_left/thumb_tip/visuals> (recomposing stage on stage @anon:0x6533d3be8570:World0.usd@ <0x6533d3bedb00>)

2026-08-07T17:53:36Z [9,537ms] [Warning] [omni.usd] Warning: in _ReportErrors at line 3172 of /builds/omniverse/usd-ci/USD/pxr/usd/usd/stage.cpp -- In </World/envs/env_42/LinkerHand/thumb_tip/visuals>: Unresolved reference prim path @/tmp/IsaacLab/usd_20260807_105335_548/configuration/linkerhand_l20_left_physics.usd@</visuals/thumb_tip> introduced by @/tmp/IsaacLab/usd_20260807_105335_548/configuration/linkerhand_l20_left_base.usd@</linkerhand_l20_left/thumb_tip/visuals> (recomposing stage on stage @anon:0x6533d3be8570:World0.usd@ <0x6533d3bedb00>)

2026-08-07T17:53:36Z [9,537ms] [Warning] [omni.usd] Warning: in _ReportErrors at line 3172 of /builds/omniverse/usd-ci/USD/pxr/usd/usd/stage.cpp -- In </World/envs/env_4/Screwdriver/vitrual_link_2/visuals>: Unresolved reference prim path @/tmp/IsaacLab/usd_20260807_105335_5437/configuration/screwdriver_64mm_handle_physics.usd@</visuals/vitrual_link_2> introduced by @/tmp/IsaacLab/usd_20260807_105335_5437/configuration/screwdriver_64mm_handle_base.usd@</screwdriver_on_the_table_64mm_handle/vitrual_link_2/visuals> (recomposing stage on stage @anon:0x6533d3be8570:World0.usd@ <0x6533d3bedb00>)

2026-08-07T17:53:36Z [9,537ms] [Warning] [omni.usd] Warning: in _ReportErrors at line 3172 of /builds/omniverse/usd-ci/USD/pxr/usd/usd/stage.cpp -- In </World/envs/env_39/LinkerHand/thumb_tip/visuals>: Unresolved reference prim path @/tmp/IsaacLab/usd_20260807_105335_548/configuration/linkerhand_l20_left_physics.usd@</visuals/thumb_tip> introduced by @/tmp/IsaacLab/usd_20260807_105335_548/configuration/linkerhand_l20_left_base.usd@</linkerhand_l20_left/thumb_tip/visuals> (recomposing stage on stage @anon:0x6533d3be8570:World0.usd@ <0x6533d3bedb00>)

2026-08-07T17:53:36Z [9,537ms] [Warning] [omni.usd] Warning: in _ReportErrors at line 3172 of /builds/omniverse/usd-ci/USD/pxr/usd/usd/stage.cpp -- In </World/envs/env_39/Screwdriver/vitrual_link_2/visuals>: Unresolved reference prim path @/tmp/IsaacLab/usd_20260807_105335_5437/configuration/screwdriver_64mm_handle_physics.usd@</visuals/vitrual_link_2> introduced by @/tmp/IsaacLab/usd_20260807_105335_5437/configuration/screwdriver_64mm_handle_base.usd@</screwdriver_on_the_table_64mm_handle/vitrual_link_2/visuals> (recomposing stage on stage @anon:0x6533d3be8570:World0.usd@ <0x6533d3bedb00>)

2026-08-07T17:53:36Z [9,537ms] [Warning] [omni.usd] Warning: in _ReportErrors at line 3172 of /builds/omniverse/usd-ci/USD/pxr/usd/usd/stage.cpp -- In </World/envs/env_40/Screwdriver/vitrual_link_2/visuals>: Unresolved reference prim path @/tmp/IsaacLab/usd_20260807_105335_5437/configuration/screwdriver_64mm_handle_physics.usd@</visuals/vitrual_link_2> introduced by @/tmp/IsaacLab/usd_20260807_105335_5437/configuration/screwdriver_64mm_handle_base.usd@</screwdriver_on_the_table_64mm_handle/vitrual_link_2/visuals> (recomposing stage on stage @anon:0x6533d3be8570:World0.usd@ <0x6533d3bedb00>)

2026-08-07T17:53:36Z [9,537ms] [Warning] [omni.usd] Warning: in _ReportErrors at line 3172 of /builds/omniverse/usd-ci/USD/pxr/usd/usd/stage.cpp -- In </World/envs/env_38/LinkerHand/thumb_tip/visuals>: Unresolved reference prim path @/tmp/IsaacLab/usd_20260807_105335_548/configuration/linkerhand_l20_left_physics.usd@</visuals/thumb_tip> introduced by @/tmp/IsaacLab/usd_20260807_105335_548/configuration/linkerhand_l20_left_base.usd@</linkerhand_l20_left/thumb_tip/visuals> (recomposing stage on stage @anon:0x6533d3be8570:World0.usd@ <0x6533d3bedb00>)

2026-08-07T17:53:36Z [9,537ms] [Warning] [omni.usd] Warning: in _ReportErrors at line 3172 of /builds/omniverse/usd-ci/USD/pxr/usd/usd/stage.cpp -- In </World/envs/env_37/LinkerHand/ring_tip/visuals>: Unresolved reference prim path @/tmp/IsaacLab/usd_20260807_105335_548/configuration/linkerhand_l20_left_physics.usd@</visuals/ring_tip> introduced by @/tmp/IsaacLab/usd_20260807_105335_548/configuration/linkerhand_l20_left_base.usd@</linkerhand_l20_left/ring_tip/visuals> (recomposing stage on stage @anon:0x6533d3be8570:World0.usd@ <0x6533d3bedb00>)

2026-08-07T17:53:36Z [9,537ms] [Warning] [omni.usd] Warning: in _ReportErrors at line 3172 of /builds/omniverse/usd-ci/USD/pxr/usd/usd/stage.cpp -- In </World/envs/env_39/Screwdriver/vitrual_link_1/visuals>: Unresolved reference prim path @/tmp/IsaacLab/usd_20260807_105335_5437/configuration/screwdriver_64mm_handle_physics.usd@</visuals/vitrual_link_1> introduced by @/tmp/IsaacLab/usd_20260807_105335_5437/configuration/screwdriver_64mm_handle_base.usd@</screwdriver_on_the_table_64mm_handle/vitrual_link_1/visuals> (recomposing stage on stage @anon:0x6533d3be8570:World0.usd@ <0x6533d3bedb00>)

2026-08-07T17:53:36Z [9,537ms] [Warning] [omni.usd] Warning: in _ReportErrors at line 3172 of /builds/omniverse/usd-ci/USD/pxr/usd/usd/stage.cpp -- In </World/envs/env_4/Screwdriver/vitrual_link_1/visuals>: Unresolved reference prim path @/tmp/IsaacLab/usd_20260807_105335_5437/configuration/screwdriver_64mm_handle_physics.usd@</visuals/vitrual_link_1> introduced by @/tmp/IsaacLab/usd_20260807_105335_5437/configuration/screwdriver_64mm_handle_base.usd@</screwdriver_on_the_table_64mm_handle/vitrual_link_1/visuals> (recomposing stage on stage @anon:0x6533d3be8570:World0.usd@ <0x6533d3bedb00>)

2026-08-07T17:53:36Z [9,537ms] [Warning] [omni.usd] Warning: in _ReportErrors at line 3172 of /builds/omniverse/usd-ci/USD/pxr/usd/usd/stage.cpp -- In </World/envs/env_42/Screwdriver/vitrual_link_1/visuals>: Unresolved reference prim path @/tmp/IsaacLab/usd_20260807_105335_5437/configuration/screwdriver_64mm_handle_physics.usd@</visuals/vitrual_link_1> introduced by @/tmp/IsaacLab/usd_20260807_105335_5437/configuration/screwdriver_64mm_handle_base.usd@</screwdriver_on_the_table_64mm_handle/vitrual_link_1/visuals> (recomposing stage on stage @anon:0x6533d3be8570:World0.usd@ <0x6533d3bedb00>)

2026-08-07T17:53:36Z [9,537ms] [Warning] [omni.usd] Warning: in _ReportErrors at line 3172 of /builds/omniverse/usd-ci/USD/pxr/usd/usd/stage.cpp -- In </World/envs/env_36/LinkerHand/ring_tip/visuals>: Unresolved reference prim path @/tmp/IsaacLab/usd_20260807_105335_548/configuration/linkerhand_l20_left_physics.usd@</visuals/ring_tip> introduced by @/tmp/IsaacLab/usd_20260807_105335_548/configuration/linkerhand_l20_left_base.usd@</linkerhand_l20_left/ring_tip/visuals> (recomposing stage on stage @anon:0x6533d3be8570:World0.usd@ <0x6533d3bedb00>)

2026-08-07T17:53:36Z [9,537ms] [Warning] [omni.usd] Warning: in _ReportErrors at line 3172 of /builds/omniverse/usd-ci/USD/pxr/usd/usd/stage.cpp -- In </World/envs/env_42/Screwdriver/vitrual_link_2/visuals>: Unresolved reference prim path @/tmp/IsaacLab/usd_20260807_105335_5437/configuration/screwdriver_64mm_handle_physics.usd@</visuals/vitrual_link_2> introduced by @/tmp/IsaacLab/usd_20260807_105335_5437/configuration/screwdriver_64mm_handle_base.usd@</screwdriver_on_the_table_64mm_handle/vitrual_link_2/visuals> (recomposing stage on stage @anon:0x6533d3be8570:World0.usd@ <0x6533d3bedb00>)

2026-08-07T17:53:36Z [9,537ms] [Warning] [omni.usd] Warning: in _ReportErrors at line 3172 of /builds/omniverse/usd-ci/USD/pxr/usd/usd/stage.cpp -- In </World/envs/env_38/Screwdriver/vitrual_link_2/visuals>: Unresolved reference prim path @/tmp/IsaacLab/usd_20260807_105335_5437/configuration/screwdriver_64mm_handle_physics.usd@</visuals/vitrual_link_2> introduced by @/tmp/IsaacLab/usd_20260807_105335_5437/configuration/screwdriver_64mm_handle_base.usd@</screwdriver_on_the_table_64mm_handle/vitrual_link_2/visuals> (recomposing stage on stage @anon:0x6533d3be8570:World0.usd@ <0x6533d3bedb00>)

2026-08-07T17:53:36Z [9,537ms] [Warning] [omni.usd] Warning: in _ReportErrors at line 3172 of /builds/omniverse/usd-ci/USD/pxr/usd/usd/stage.cpp -- In </World/envs/env_43/Screwdriver/vitrual_link_2/visuals>: Unresolved reference prim path @/tmp/IsaacLab/usd_20260807_105335_5437/configuration/screwdriver_64mm_handle_physics.usd@</visuals/vitrual_link_2> introduced by @/tmp/IsaacLab/usd_20260807_105335_5437/configuration/screwdriver_64mm_handle_base.usd@</screwdriver_on_the_table_64mm_handle/vitrual_link_2/visuals> (recomposing stage on stage @anon:0x6533d3be8570:World0.usd@ <0x6533d3bedb00>)

2026-08-07T17:53:36Z [9,537ms] [Warning] [omni.usd] Warning: in _ReportErrors at line 3172 of /builds/omniverse/usd-ci/USD/pxr/usd/usd/stage.cpp -- In </World/envs/env_45/Screwdriver/vitrual_link_2/visuals>: Unresolved reference prim path @/tmp/IsaacLab/usd_20260807_105335_5437/configuration/screwdriver_64mm_handle_physics.usd@</visuals/vitrual_link_2> introduced by @/tmp/IsaacLab/usd_20260807_105335_5437/configuration/screwdriver_64mm_handle_base.usd@</screwdriver_on_the_table_64mm_handle/vitrual_link_2/visuals> (recomposing stage on stage @anon:0x6533d3be8570:World0.usd@ <0x6533d3bedb00>)

2026-08-07T17:53:36Z [9,537ms] [Warning] [omni.usd] Warning: in _ReportErrors at line 3172 of /builds/omniverse/usd-ci/USD/pxr/usd/usd/stage.cpp -- In </World/envs/env_39/LinkerHand/ring_tip/visuals>: Unresolved reference prim path @/tmp/IsaacLab/usd_20260807_105335_548/configuration/linkerhand_l20_left_physics.usd@</visuals/ring_tip> introduced by @/tmp/IsaacLab/usd_20260807_105335_548/configuration/linkerhand_l20_left_base.usd@</linkerhand_l20_left/ring_tip/visuals> (recomposing stage on stage @anon:0x6533d3be8570:World0.usd@ <0x6533d3bedb00>)

2026-08-07T17:53:36Z [9,537ms] [Warning] [omni.usd] Warning: in _ReportErrors at line 3172 of /builds/omniverse/usd-ci/USD/pxr/usd/usd/stage.cpp -- In </World/envs/env_43/LinkerHand/thumb_tip/visuals>: Unresolved reference prim path @/tmp/IsaacLab/usd_20260807_105335_548/configuration/linkerhand_l20_left_physics.usd@</visuals/thumb_tip> introduced by @/tmp/IsaacLab/usd_20260807_105335_548/configuration/linkerhand_l20_left_base.usd@</linkerhand_l20_left/thumb_tip/visuals> (recomposing stage on stage @anon:0x6533d3be8570:World0.usd@ <0x6533d3bedb00>)

2026-08-07T17:53:36Z [9,537ms] [Warning] [omni.usd] Warning: in _ReportErrors at line 3172 of /builds/omniverse/usd-ci/USD/pxr/usd/usd/stage.cpp -- In </World/envs/env_45/Screwdriver/vitrual_link_1/visuals>: Unresolved reference prim path @/tmp/IsaacLab/usd_20260807_105335_5437/configuration/screwdriver_64mm_handle_physics.usd@</visuals/vitrual_link_1> introduced by @/tmp/IsaacLab/usd_20260807_105335_5437/configuration/screwdriver_64mm_handle_base.usd@</screwdriver_on_the_table_64mm_handle/vitrual_link_1/visuals> (recomposing stage on stage @anon:0x6533d3be8570:World0.usd@ <0x6533d3bedb00>)

2026-08-07T17:53:36Z [9,537ms] [Warning] [omni.usd] Warning: in _ReportErrors at line 3172 of /builds/omniverse/usd-ci/USD/pxr/usd/usd/stage.cpp -- In </World/envs/env_37/LinkerHand/pinky_tip/visuals>: Unresolved reference prim path @/tmp/IsaacLab/usd_20260807_105335_548/configuration/linkerhand_l20_left_physics.usd@</visuals/pinky_tip> introduced by @/tmp/IsaacLab/usd_20260807_105335_548/configuration/linkerhand_l20_left_base.usd@</linkerhand_l20_left/pinky_tip/visuals> (recomposing stage on stage @anon:0x6533d3be8570:World0.usd@ <0x6533d3bedb00>)

2026-08-07T17:53:36Z [9,537ms] [Warning] [omni.usd] Warning: in _ReportErrors at line 3172 of /builds/omniverse/usd-ci/USD/pxr/usd/usd/stage.cpp -- In </World/envs/env_42/LinkerHand/ring_tip/visuals>: Unresolved reference prim path @/tmp/IsaacLab/usd_20260807_105335_548/configuration/linkerhand_l20_left_physics.usd@</visuals/ring_tip> introduced by @/tmp/IsaacLab/usd_20260807_105335_548/configuration/linkerhand_l20_left_base.usd@</linkerhand_l20_left/ring_tip/visuals> (recomposing stage on stage @anon:0x6533d3be8570:World0.usd@ <0x6533d3bedb00>)

2026-08-07T17:53:36Z [9,537ms] [Warning] [omni.usd] Warning: in _ReportErrors at line 3172 of /builds/omniverse/usd-ci/USD/pxr/usd/usd/stage.cpp -- In </World/envs/env_47/Screwdriver/vitrual_link_2/visuals>: Unresolved reference prim path @/tmp/IsaacLab/usd_20260807_105335_5437/configuration/screwdriver_64mm_handle_physics.usd@</visuals/vitrual_link_2> introduced by @/tmp/IsaacLab/usd_20260807_105335_5437/configuration/screwdriver_64mm_handle_base.usd@</screwdriver_on_the_table_64mm_handle/vitrual_link_2/visuals> (recomposing stage on stage @anon:0x6533d3be8570:World0.usd@ <0x6533d3bedb00>)

2026-08-07T17:53:36Z [9,537ms] [Warning] [omni.usd] Warning: in _ReportErrors at line 3172 of /builds/omniverse/usd-ci/USD/pxr/usd/usd/stage.cpp -- In </World/envs/env_38/Screwdriver/vitrual_link_1/visuals>: Unresolved reference prim path @/tmp/IsaacLab/usd_20260807_105335_5437/configuration/screwdriver_64mm_handle_physics.usd@</visuals/vitrual_link_1> introduced by @/tmp/IsaacLab/usd_20260807_105335_5437/configuration/screwdriver_64mm_handle_base.usd@</screwdriver_on_the_table_64mm_handle/vitrual_link_1/visuals> (recomposing stage on stage @anon:0x6533d3be8570:World0.usd@ <0x6533d3bedb00>)

2026-08-07T17:53:36Z [9,537ms] [Warning] [omni.usd] Warning: in _ReportErrors at line 3172 of /builds/omniverse/usd-ci/USD/pxr/usd/usd/stage.cpp -- In </World/envs/env_44/Screwdriver/vitrual_link_2/visuals>: Unresolved reference prim path @/tmp/IsaacLab/usd_20260807_105335_5437/configuration/screwdriver_64mm_handle_physics.usd@</visuals/vitrual_link_2> introduced by @/tmp/IsaacLab/usd_20260807_105335_5437/configuration/screwdriver_64mm_handle_base.usd@</screwdriver_on_the_table_64mm_handle/vitrual_link_2/visuals> (recomposing stage on stage @anon:0x6533d3be8570:World0.usd@ <0x6533d3bedb00>)

2026-08-07T17:53:36Z [9,537ms] [Warning] [omni.usd] Warning: in _ReportErrors at line 3172 of /builds/omniverse/usd-ci/USD/pxr/usd/usd/stage.cpp -- In </World/envs/env_44/Screwdriver/vitrual_link_1/visuals>: Unresolved reference prim path @/tmp/IsaacLab/usd_20260807_105335_5437/configuration/screwdriver_64mm_handle_physics.usd@</visuals/vitrual_link_1> introduced by @/tmp/IsaacLab/usd_20260807_105335_5437/configuration/screwdriver_64mm_handle_base.usd@</screwdriver_on_the_table_64mm_handle/vitrual_link_1/visuals> (recomposing stage on stage @anon:0x6533d3be8570:World0.usd@ <0x6533d3bedb00>)

2026-08-07T17:53:36Z [9,537ms] [Warning] [omni.usd] Warning: in _ReportErrors at line 3172 of /builds/omniverse/usd-ci/USD/pxr/usd/usd/stage.cpp -- In </World/envs/env_44/LinkerHand/thumb_tip/visuals>: Unresolved reference prim path @/tmp/IsaacLab/usd_20260807_105335_548/configuration/linkerhand_l20_left_physics.usd@</visuals/thumb_tip> introduced by @/tmp/IsaacLab/usd_20260807_105335_548/configuration/linkerhand_l20_left_base.usd@</linkerhand_l20_left/thumb_tip/visuals> (recomposing stage on stage @anon:0x6533d3be8570:World0.usd@ <0x6533d3bedb00>)

2026-08-07T17:53:36Z [9,537ms] [Warning] [omni.usd] Warning: in _ReportErrors at line 3172 of /builds/omniverse/usd-ci/USD/pxr/usd/usd/stage.cpp -- In </World/envs/env_43/Screwdriver/vitrual_link_1/visuals>: Unresolved reference prim path @/tmp/IsaacLab/usd_20260807_105335_5437/configuration/screwdriver_64mm_handle_physics.usd@</visuals/vitrual_link_1> introduced by @/tmp/IsaacLab/usd_20260807_105335_5437/configuration/screwdriver_64mm_handle_base.usd@</screwdriver_on_the_table_64mm_handle/vitrual_link_1/visuals> (recomposing stage on stage @anon:0x6533d3be8570:World0.usd@ <0x6533d3bedb00>)

2026-08-07T17:53:36Z [9,537ms] [Warning] [omni.usd] Warning: in _ReportErrors at line 3172 of /builds/omniverse/usd-ci/USD/pxr/usd/usd/stage.cpp -- In </World/envs/env_40/LinkerHand/ring_tip/visuals>: Unresolved reference prim path @/tmp/IsaacLab/usd_20260807_105335_548/configuration/linkerhand_l20_left_physics.usd@</visuals/ring_tip> introduced by @/tmp/IsaacLab/usd_20260807_105335_548/configuration/linkerhand_l20_left_base.usd@</linkerhand_l20_left/ring_tip/visuals> (recomposing stage on stage @anon:0x6533d3be8570:World0.usd@ <0x6533d3bedb00>)

2026-08-07T17:53:36Z [9,537ms] [Warning] [omni.usd] Warning: in _ReportErrors at line 3172 of /builds/omniverse/usd-ci/USD/pxr/usd/usd/stage.cpp -- In </World/envs/env_41/LinkerHand/ring_tip/visuals>: Unresolved reference prim path @/tmp/IsaacLab/usd_20260807_105335_548/configuration/linkerhand_l20_left_physics.usd@</visuals/ring_tip> introduced by @/tmp/IsaacLab/usd_20260807_105335_548/configuration/linkerhand_l20_left_base.usd@</linkerhand_l20_left/ring_tip/visuals> (recomposing stage on stage @anon:0x6533d3be8570:World0.usd@ <0x6533d3bedb00>)

2026-08-07T17:53:36Z [9,537ms] [Warning] [omni.usd] Warning: in _ReportErrors at line 3172 of /builds/omniverse/usd-ci/USD/pxr/usd/usd/stage.cpp -- In </World/envs/env_4/LinkerHand/ring_tip/visuals>: Unresolved reference prim path @/tmp/IsaacLab/usd_20260807_105335_548/configuration/linkerhand_l20_left_physics.usd@</visuals/ring_tip> introduced by @/tmp/IsaacLab/usd_20260807_105335_548/configuration/linkerhand_l20_left_base.usd@</linkerhand_l20_left/ring_tip/visuals> (recomposing stage on stage @anon:0x6533d3be8570:World0.usd@ <0x6533d3bedb00>)

2026-08-07T17:53:36Z [9,537ms] [Warning] [omni.usd] Warning: in _ReportErrors at line 3172 of /builds/omniverse/usd-ci/USD/pxr/usd/usd/stage.cpp -- In </World/envs/env_46/LinkerHand/thumb_tip/visuals>: Unresolved reference prim path @/tmp/IsaacLab/usd_20260807_105335_548/configuration/linkerhand_l20_left_physics.usd@</visuals/thumb_tip> introduced by @/tmp/IsaacLab/usd_20260807_105335_548/configuration/linkerhand_l20_left_base.usd@</linkerhand_l20_left/thumb_tip/visuals> (recomposing stage on stage @anon:0x6533d3be8570:World0.usd@ <0x6533d3bedb00>)

2026-08-07T17:53:36Z [9,537ms] [Warning] [omni.usd] Warning: in _ReportErrors at line 3172 of /builds/omniverse/usd-ci/USD/pxr/usd/usd/stage.cpp -- In </World/envs/env_39/LinkerHand/pinky_tip/visuals>: Unresolved reference prim path @/tmp/IsaacLab/usd_20260807_105335_548/configuration/linkerhand_l20_left_physics.usd@</visuals/pinky_tip> introduced by @/tmp/IsaacLab/usd_20260807_105335_548/configuration/linkerhand_l20_left_base.usd@</linkerhand_l20_left/pinky_tip/visuals> (recomposing stage on stage @anon:0x6533d3be8570:World0.usd@ <0x6533d3bedb00>)

2026-08-07T17:53:36Z [9,537ms] [Warning] [omni.usd] Warning: in _ReportErrors at line 3172 of /builds/omniverse/usd-ci/USD/pxr/usd/usd/stage.cpp -- In </World/envs/env_47/Screwdriver/vitrual_link_1/visuals>: Unresolved reference prim path @/tmp/IsaacLab/usd_20260807_105335_5437/configuration/screwdriver_64mm_handle_physics.usd@</visuals/vitrual_link_1> introduced by @/tmp/IsaacLab/usd_20260807_105335_5437/configuration/screwdriver_64mm_handle_base.usd@</screwdriver_on_the_table_64mm_handle/vitrual_link_1/visuals> (recomposing stage on stage @anon:0x6533d3be8570:World0.usd@ <0x6533d3bedb00>)

2026-08-07T17:53:36Z [9,537ms] [Warning] [omni.usd] Warning: in _ReportErrors at line 3172 of /builds/omniverse/usd-ci/USD/pxr/usd/usd/stage.cpp -- In </World/envs/env_45/LinkerHand/thumb_tip/visuals>: Unresolved reference prim path @/tmp/IsaacLab/usd_20260807_105335_548/configuration/linkerhand_l20_left_physics.usd@</visuals/thumb_tip> introduced by @/tmp/IsaacLab/usd_20260807_105335_548/configuration/linkerhand_l20_left_base.usd@</linkerhand_l20_left/thumb_tip/visuals> (recomposing stage on stage @anon:0x6533d3be8570:World0.usd@ <0x6533d3bedb00>)

2026-08-07T17:53:36Z [9,537ms] [Warning] [omni.usd] Warning: in _ReportErrors at line 3172 of /builds/omniverse/usd-ci/USD/pxr/usd/usd/stage.cpp -- In </World/envs/env_47/LinkerHand/thumb_tip/visuals>: Unresolved reference prim path @/tmp/IsaacLab/usd_20260807_105335_548/configuration/linkerhand_l20_left_physics.usd@</visuals/thumb_tip> introduced by @/tmp/IsaacLab/usd_20260807_105335_548/configuration/linkerhand_l20_left_base.usd@</linkerhand_l20_left/thumb_tip/visuals> (recomposing stage on stage @anon:0x6533d3be8570:World0.usd@ <0x6533d3bedb00>)

2026-08-07T17:53:36Z [9,537ms] [Warning] [omni.usd] Warning: in _ReportErrors at line 3172 of /builds/omniverse/usd-ci/USD/pxr/usd/usd/stage.cpp -- In </World/envs/env_36/LinkerHand/middle_tip/visuals>: Unresolved reference prim path @/tmp/IsaacLab/usd_20260807_105335_548/configuration/linkerhand_l20_left_physics.usd@</visuals/middle_tip> introduced by @/tmp/IsaacLab/usd_20260807_105335_548/configuration/linkerhand_l20_left_base.usd@</linkerhand_l20_left/middle_tip/visuals> (recomposing stage on stage @anon:0x6533d3be8570:World0.usd@ <0x6533d3bedb00>)

2026-08-07T17:53:36Z [9,537ms] [Warning] [omni.usd] Warning: in _ReportErrors at line 3172 of /builds/omniverse/usd-ci/USD/pxr/usd/usd/stage.cpp -- In </World/envs/env_4/LinkerHand/index_tip/visuals>: Unresolved reference prim path @/tmp/IsaacLab/usd_20260807_105335_548/configuration/linkerhand_l20_left_physics.usd@</visuals/index_tip> introduced by @/tmp/IsaacLab/usd_20260807_105335_548/configuration/linkerhand_l20_left_base.usd@</linkerhand_l20_left/index_tip/visuals> (recomposing stage on stage @anon:0x6533d3be8570:World0.usd@ <0x6533d3bedb00>)

2026-08-07T17:53:36Z [9,537ms] [Warning] [omni.usd] Warning: in _ReportErrors at line 3172 of /builds/omniverse/usd-ci/USD/pxr/usd/usd/stage.cpp -- In </World/envs/env_40/LinkerHand/index_tip/visuals>: Unresolved reference prim path @/tmp/IsaacLab/usd_20260807_105335_548/configuration/linkerhand_l20_left_physics.usd@</visuals/index_tip> introduced by @/tmp/IsaacLab/usd_20260807_105335_548/configuration/linkerhand_l20_left_base.usd@</linkerhand_l20_left/index_tip/visuals> (recomposing stage on stage @anon:0x6533d3be8570:World0.usd@ <0x6533d3bedb00>)

2026-08-07T17:53:36Z [9,537ms] [Warning] [omni.usd] Warning: in _ReportErrors at line 3172 of /builds/omniverse/usd-ci/USD/pxr/usd/usd/stage.cpp -- In </World/envs/env_46/Screwdriver/vitrual_link_2/visuals>: Unresolved reference prim path @/tmp/IsaacLab/usd_20260807_105335_5437/configuration/screwdriver_64mm_handle_physics.usd@</visuals/vitrual_link_2> introduced by @/tmp/IsaacLab/usd_20260807_105335_5437/configuration/screwdriver_64mm_handle_base.usd@</screwdriver_on_the_table_64mm_handle/vitrual_link_2/visuals> (recomposing stage on stage @anon:0x6533d3be8570:World0.usd@ <0x6533d3bedb00>)

2026-08-07T17:53:36Z [9,537ms] [Warning] [omni.usd] Warning: in _ReportErrors at line 3172 of /builds/omniverse/usd-ci/USD/pxr/usd/usd/stage.cpp -- In </World/envs/env_46/Screwdriver/vitrual_link_1/visuals>: Unresolved reference prim path @/tmp/IsaacLab/usd_20260807_105335_5437/configuration/screwdriver_64mm_handle_physics.usd@</visuals/vitrual_link_1> introduced by @/tmp/IsaacLab/usd_20260807_105335_5437/configuration/screwdriver_64mm_handle_base.usd@</screwdriver_on_the_table_64mm_handle/vitrual_link_1/visuals> (recomposing stage on stage @anon:0x6533d3be8570:World0.usd@ <0x6533d3bedb00>)

2026-08-07T17:53:36Z [9,537ms] [Warning] [omni.usd] Warning: in _ReportErrors at line 3172 of /builds/omniverse/usd-ci/USD/pxr/usd/usd/stage.cpp -- In </World/envs/env_38/LinkerHand/ring_tip/visuals>: Unresolved reference prim path @/tmp/IsaacLab/usd_20260807_105335_548/configuration/linkerhand_l20_left_physics.usd@</visuals/ring_tip> introduced by @/tmp/IsaacLab/usd_20260807_105335_548/configuration/linkerhand_l20_left_base.usd@</linkerhand_l20_left/ring_tip/visuals> (recomposing stage on stage @anon:0x6533d3be8570:World0.usd@ <0x6533d3bedb00>)

2026-08-07T17:53:36Z [9,537ms] [Warning] [omni.usd] Warning: in _ReportErrors at line 3172 of /builds/omniverse/usd-ci/USD/pxr/usd/usd/stage.cpp -- In </World/envs/env_36/LinkerHand/pinky_tip/visuals>: Unresolved reference prim path @/tmp/IsaacLab/usd_20260807_105335_548/configuration/linkerhand_l20_left_physics.usd@</visuals/pinky_tip> introduced by @/tmp/IsaacLab/usd_20260807_105335_548/configuration/linkerhand_l20_left_base.usd@</linkerhand_l20_left/pinky_tip/visuals> (recomposing stage on stage @anon:0x6533d3be8570:World0.usd@ <0x6533d3bedb00>)

2026-08-07T17:53:36Z [9,537ms] [Warning] [omni.usd] Warning: in _ReportErrors at line 3172 of /builds/omniverse/usd-ci/USD/pxr/usd/usd/stage.cpp -- In </World/envs/env_42/LinkerHand/pinky_tip/visuals>: Unresolved reference prim path @/tmp/IsaacLab/usd_20260807_105335_548/configuration/linkerhand_l20_left_physics.usd@</visuals/pinky_tip> introduced by @/tmp/IsaacLab/usd_20260807_105335_548/configuration/linkerhand_l20_left_base.usd@</linkerhand_l20_left/pinky_tip/visuals> (recomposing stage on stage @anon:0x6533d3be8570:World0.usd@ <0x6533d3bedb00>)

2026-08-07T17:53:36Z [9,537ms] [Warning] [omni.usd] Warning: in _ReportErrors at line 3172 of /builds/omniverse/usd-ci/USD/pxr/usd/usd/stage.cpp -- In </World/envs/env_44/LinkerHand/ring_tip/visuals>: Unresolved reference prim path @/tmp/IsaacLab/usd_20260807_105335_548/configuration/linkerhand_l20_left_physics.usd@</visuals/ring_tip> introduced by @/tmp/IsaacLab/usd_20260807_105335_548/configuration/linkerhand_l20_left_base.usd@</linkerhand_l20_left/ring_tip/visuals> (recomposing stage on stage @anon:0x6533d3be8570:World0.usd@ <0x6533d3bedb00>)

2026-08-07T17:53:36Z [9,537ms] [Warning] [omni.usd] Warning: in _ReportErrors at line 3172 of /builds/omniverse/usd-ci/USD/pxr/usd/usd/stage.cpp -- In </World/envs/env_40/LinkerHand/pinky_tip/visuals>: Unresolved reference prim path @/tmp/IsaacLab/usd_20260807_105335_548/configuration/linkerhand_l20_left_physics.usd@</visuals/pinky_tip> introduced by @/tmp/IsaacLab/usd_20260807_105335_548/configuration/linkerhand_l20_left_base.usd@</linkerhand_l20_left/pinky_tip/visuals> (recomposing stage on stage @anon:0x6533d3be8570:World0.usd@ <0x6533d3bedb00>)

2026-08-07T17:53:36Z [9,537ms] [Warning] [omni.usd] Warning: in _ReportErrors at line 3172 of /builds/omniverse/usd-ci/USD/pxr/usd/usd/stage.cpp -- In </World/envs/env_48/LinkerHand/thumb_tip/visuals>: Unresolved reference prim path @/tmp/IsaacLab/usd_20260807_105335_548/configuration/linkerhand_l20_left_physics.usd@</visuals/thumb_tip> introduced by @/tmp/IsaacLab/usd_20260807_105335_548/configuration/linkerhand_l20_left_base.usd@</linkerhand_l20_left/thumb_tip/visuals> (recomposing stage on stage @anon:0x6533d3be8570:World0.usd@ <0x6533d3bedb00>)

2026-08-07T17:53:36Z [9,537ms] [Warning] [omni.usd] Warning: in _ReportErrors at line 3172 of /builds/omniverse/usd-ci/USD/pxr/usd/usd/stage.cpp -- In </World/envs/env_43/LinkerHand/ring_tip/visuals>: Unresolved reference prim path @/tmp/IsaacLab/usd_20260807_105335_548/configuration/linkerhand_l20_left_physics.usd@</visuals/ring_tip> introduced by @/tmp/IsaacLab/usd_20260807_105335_548/configuration/linkerhand_l20_left_base.usd@</linkerhand_l20_left/ring_tip/visuals> (recomposing stage on stage @anon:0x6533d3be8570:World0.usd@ <0x6533d3bedb00>)

2026-08-07T17:53:36Z [9,537ms] [Warning] [omni.usd] Warning: in _ReportErrors at line 3172 of /builds/omniverse/usd-ci/USD/pxr/usd/usd/stage.cpp -- In </World/envs/env_41/LinkerHand/pinky_tip/visuals>: Unresolved reference prim path @/tmp/IsaacLab/usd_20260807_105335_548/configuration/linkerhand_l20_left_physics.usd@</visuals/pinky_tip> introduced by @/tmp/IsaacLab/usd_20260807_105335_548/configuration/linkerhand_l20_left_base.usd@</linkerhand_l20_left/pinky_tip/visuals> (recomposing stage on stage @anon:0x6533d3be8570:World0.usd@ <0x6533d3bedb00>)

2026-08-07T17:53:36Z [9,537ms] [Warning] [omni.usd] Warning: in _ReportErrors at line 3172 of /builds/omniverse/usd-ci/USD/pxr/usd/usd/stage.cpp -- In </World/envs/env_39/LinkerHand/middle_tip/visuals>: Unresolved reference prim path @/tmp/IsaacLab/usd_20260807_105335_548/configuration/linkerhand_l20_left_physics.usd@</visuals/middle_tip> introduced by @/tmp/IsaacLab/usd_20260807_105335_548/configuration/linkerhand_l20_left_base.usd@</linkerhand_l20_left/middle_tip/visuals> (recomposing stage on stage @anon:0x6533d3be8570:World0.usd@ <0x6533d3bedb00>)

2026-08-07T17:53:36Z [9,537ms] [Warning] [omni.usd] Warning: in _ReportErrors at line 3172 of /builds/omniverse/usd-ci/USD/pxr/usd/usd/stage.cpp -- In </World/envs/env_37/LinkerHand/middle_tip/visuals>: Unresolved reference prim path @/tmp/IsaacLab/usd_20260807_105335_548/configuration/linkerhand_l20_left_physics.usd@</visuals/middle_tip> introduced by @/tmp/IsaacLab/usd_20260807_105335_548/configuration/linkerhand_l20_left_base.usd@</linkerhand_l20_left/middle_tip/visuals> (recomposing stage on stage @anon:0x6533d3be8570:World0.usd@ <0x6533d3bedb00>)

2026-08-07T17:53:36Z [9,537ms] [Warning] [omni.usd] Warning: in _ReportErrors at line 3172 of /builds/omniverse/usd-ci/USD/pxr/usd/usd/stage.cpp -- In </World/envs/env_46/LinkerHand/ring_tip/visuals>: Unresolved reference prim path @/tmp/IsaacLab/usd_20260807_105335_548/configuration/linkerhand_l20_left_physics.usd@</visuals/ring_tip> introduced by @/tmp/IsaacLab/usd_20260807_105335_548/configuration/linkerhand_l20_left_base.usd@</linkerhand_l20_left/ring_tip/visuals> (recomposing stage on stage @anon:0x6533d3be8570:World0.usd@ <0x6533d3bedb00>)

2026-08-07T17:53:36Z [9,537ms] [Warning] [omni.usd] Warning: in _ReportErrors at line 3172 of /builds/omniverse/usd-ci/USD/pxr/usd/usd/stage.cpp -- In </World/envs/env_45/LinkerHand/index_tip/visuals>: Unresolved reference prim path @/tmp/IsaacLab/usd_20260807_105335_548/configuration/linkerhand_l20_left_physics.usd@</visuals/index_tip> introduced by @/tmp/IsaacLab/usd_20260807_105335_548/configuration/linkerhand_l20_left_base.usd@</linkerhand_l20_left/index_tip/visuals> (recomposing stage on stage @anon:0x6533d3be8570:World0.usd@ <0x6533d3bedb00>)

2026-08-07T17:53:36Z [9,537ms] [Warning] [omni.usd] Warning: in _ReportErrors at line 3172 of /builds/omniverse/usd-ci/USD/pxr/usd/usd/stage.cpp -- In </World/envs/env_4/LinkerHand/pinky_tip/visuals>: Unresolved reference prim path @/tmp/IsaacLab/usd_20260807_105335_548/configuration/linkerhand_l20_left_physics.usd@</visuals/pinky_tip> introduced by @/tmp/IsaacLab/usd_20260807_105335_548/configuration/linkerhand_l20_left_base.usd@</linkerhand_l20_left/pinky_tip/visuals> (recomposing stage on stage @anon:0x6533d3be8570:World0.usd@ <0x6533d3bedb00>)

2026-08-07T17:53:36Z [9,537ms] [Warning] [omni.usd] Warning: in _ReportErrors at line 3172 of /builds/omniverse/usd-ci/USD/pxr/usd/usd/stage.cpp -- In </World/envs/env_45/LinkerHand/ring_tip/visuals>: Unresolved reference prim path @/tmp/IsaacLab/usd_20260807_105335_548/configuration/linkerhand_l20_left_physics.usd@</visuals/ring_tip> introduced by @/tmp/IsaacLab/usd_20260807_105335_548/configuration/linkerhand_l20_left_base.usd@</linkerhand_l20_left/ring_tip/visuals> (recomposing stage on stage @anon:0x6533d3be8570:World0.usd@ <0x6533d3bedb00>)

2026-08-07T17:53:36Z [9,537ms] [Warning] [omni.usd] Warning: in _ReportErrors at line 3172 of /builds/omniverse/usd-ci/USD/pxr/usd/usd/stage.cpp -- In </World/envs/env_40/LinkerHand/middle_tip/visuals>: Unresolved reference prim path @/tmp/IsaacLab/usd_20260807_105335_548/configuration/linkerhand_l20_left_physics.usd@</visuals/middle_tip> introduced by @/tmp/IsaacLab/usd_20260807_105335_548/configuration/linkerhand_l20_left_base.usd@</linkerhand_l20_left/middle_tip/visuals> (recomposing stage on stage @anon:0x6533d3be8570:World0.usd@ <0x6533d3bedb00>)

2026-08-07T17:53:36Z [9,537ms] [Warning] [omni.usd] Warning: in _ReportErrors at line 3172 of /builds/omniverse/usd-ci/USD/pxr/usd/usd/stage.cpp -- In </World/envs/env_48/Screwdriver/vitrual_link_2/visuals>: Unresolved reference prim path @/tmp/IsaacLab/usd_20260807_105335_5437/configuration/screwdriver_64mm_handle_physics.usd@</visuals/vitrual_link_2> introduced by @/tmp/IsaacLab/usd_20260807_105335_5437/configuration/screwdriver_64mm_handle_base.usd@</screwdriver_on_the_table_64mm_handle/vitrual_link_2/visuals> (recomposing stage on stage @anon:0x6533d3be8570:World0.usd@ <0x6533d3bedb00>)

2026-08-07T17:53:36Z [9,537ms] [Warning] [omni.usd] Warning: in _ReportErrors at line 3172 of /builds/omniverse/usd-ci/USD/pxr/usd/usd/stage.cpp -- In </World/envs/env_42/LinkerHand/middle_tip/visuals>: Unresolved reference prim path @/tmp/IsaacLab/usd_20260807_105335_548/configuration/linkerhand_l20_left_physics.usd@</visuals/middle_tip> introduced by @/tmp/IsaacLab/usd_20260807_105335_548/configuration/linkerhand_l20_left_base.usd@</linkerhand_l20_left/middle_tip/visuals> (recomposing stage on stage @anon:0x6533d3be8570:World0.usd@ <0x6533d3bedb00>)

2026-08-07T17:53:36Z [9,537ms] [Warning] [omni.usd] Warning: in _ReportErrors at line 3172 of /builds/omniverse/usd-ci/USD/pxr/usd/usd/stage.cpp -- In </World/envs/env_47/LinkerHand/ring_tip/visuals>: Unresolved reference prim path @/tmp/IsaacLab/usd_20260807_105335_548/configuration/linkerhand_l20_left_physics.usd@</visuals/ring_tip> introduced by @/tmp/IsaacLab/usd_20260807_105335_548/configuration/linkerhand_l20_left_base.usd@</linkerhand_l20_left/ring_tip/visuals> (recomposing stage on stage @anon:0x6533d3be8570:World0.usd@ <0x6533d3bedb00>)

2026-08-07T17:53:36Z [9,537ms] [Warning] [omni.usd] Warning: in _ReportErrors at line 3172 of /builds/omniverse/usd-ci/USD/pxr/usd/usd/stage.cpp -- In </World/envs/env_43/LinkerHand/pinky_tip/visuals>: Unresolved reference prim path @/tmp/IsaacLab/usd_20260807_105335_548/configuration/linkerhand_l20_left_physics.usd@</visuals/pinky_tip> introduced by @/tmp/IsaacLab/usd_20260807_105335_548/configuration/linkerhand_l20_left_base.usd@</linkerhand_l20_left/pinky_tip/visuals> (recomposing stage on stage @anon:0x6533d3be8570:World0.usd@ <0x6533d3bedb00>)

2026-08-07T17:53:36Z [9,537ms] [Warning] [omni.usd] Warning: in _ReportErrors at line 3172 of /builds/omniverse/usd-ci/USD/pxr/usd/usd/stage.cpp -- In </World/envs/env_39/LinkerHand/index_tip/visuals>: Unresolved reference prim path @/tmp/IsaacLab/usd_20260807_105335_548/configuration/linkerhand_l20_left_physics.usd@</visuals/index_tip> introduced by @/tmp/IsaacLab/usd_20260807_105335_548/configuration/linkerhand_l20_left_base.usd@</linkerhand_l20_left/index_tip/visuals> (recomposing stage on stage @anon:0x6533d3be8570:World0.usd@ <0x6533d3bedb00>)

2026-08-07T17:53:36Z [9,537ms] [Warning] [omni.usd] Warning: in _ReportErrors at line 3172 of /builds/omniverse/usd-ci/USD/pxr/usd/usd/stage.cpp -- In </World/envs/env_4/LinkerHand/middle_tip/visuals>: Unresolved reference prim path @/tmp/IsaacLab/usd_20260807_105335_548/configuration/linkerhand_l20_left_physics.usd@</visuals/middle_tip> introduced by @/tmp/IsaacLab/usd_20260807_105335_548/configuration/linkerhand_l20_left_base.usd@</linkerhand_l20_left/middle_tip/visuals> (recomposing stage on stage @anon:0x6533d3be8570:World0.usd@ <0x6533d3bedb00>)

2026-08-07T17:53:36Z [9,537ms] [Warning] [omni.usd] Warning: in _ReportErrors at line 3172 of /builds/omniverse/usd-ci/USD/pxr/usd/usd/stage.cpp -- In </World/envs/env_38/LinkerHand/pinky_tip/visuals>: Unresolved reference prim path @/tmp/IsaacLab/usd_20260807_105335_548/configuration/linkerhand_l20_left_physics.usd@</visuals/pinky_tip> introduced by @/tmp/IsaacLab/usd_20260807_105335_548/configuration/linkerhand_l20_left_base.usd@</linkerhand_l20_left/pinky_tip/visuals> (recomposing stage on stage @anon:0x6533d3be8570:World0.usd@ <0x6533d3bedb00>)

2026-08-07T17:53:36Z [9,537ms] [Warning] [omni.usd] Warning: in _ReportErrors at line 3172 of /builds/omniverse/usd-ci/USD/pxr/usd/usd/stage.cpp -- In </World/envs/env_48/Screwdriver/vitrual_link_1/visuals>: Unresolved reference prim path @/tmp/IsaacLab/usd_20260807_105335_5437/configuration/screwdriver_64mm_handle_physics.usd@</visuals/vitrual_link_1> introduced by @/tmp/IsaacLab/usd_20260807_105335_5437/configuration/screwdriver_64mm_handle_base.usd@</screwdriver_on_the_table_64mm_handle/vitrual_link_1/visuals> (recomposing stage on stage @anon:0x6533d3be8570:World0.usd@ <0x6533d3bedb00>)

2026-08-07T17:53:36Z [9,537ms] [Warning] [omni.usd] Warning: in _ReportErrors at line 3172 of /builds/omniverse/usd-ci/USD/pxr/usd/usd/stage.cpp -- In </World/envs/env_41/LinkerHand/index_tip/visuals>: Unresolved reference prim path @/tmp/IsaacLab/usd_20260807_105335_548/configuration/linkerhand_l20_left_physics.usd@</visuals/index_tip> introduced by @/tmp/IsaacLab/usd_20260807_105335_548/configuration/linkerhand_l20_left_base.usd@</linkerhand_l20_left/index_tip/visuals> (recomposing stage on stage @anon:0x6533d3be8570:World0.usd@ <0x6533d3bedb00>)

2026-08-07T17:53:36Z [9,537ms] [Warning] [omni.usd] Warning: in _ReportErrors at line 3172 of /builds/omniverse/usd-ci/USD/pxr/usd/usd/stage.cpp -- In </World/envs/env_97/Screwdriver/vitrual_link_2/visuals>: Unresolved reference prim path @/tmp/IsaacLab/usd_20260807_105335_5437/configuration/screwdriver_64mm_handle_physics.usd@</visuals/vitrual_link_2> introduced by @/tmp/IsaacLab/usd_20260807_105335_5437/configuration/screwdriver_64mm_handle_base.usd@</screwdriver_on_the_table_64mm_handle/vitrual_link_2/visuals> (recomposing stage on stage @anon:0x6533d3be8570:World0.usd@ <0x6533d3bedb00>)

2026-08-07T17:53:36Z [9,537ms] [Warning] [omni.usd] Warning: in _ReportErrors at line 3172 of /builds/omniverse/usd-ci/USD/pxr/usd/usd/stage.cpp -- In </World/envs/env_44/LinkerHand/pinky_tip/visuals>: Unresolved reference prim path @/tmp/IsaacLab/usd_20260807_105335_548/configuration/linkerhand_l20_left_physics.usd@</visuals/pinky_tip> introduced by @/tmp/IsaacLab/usd_20260807_105335_548/configuration/linkerhand_l20_left_base.usd@</linkerhand_l20_left/pinky_tip/visuals> (recomposing stage on stage @anon:0x6533d3be8570:World0.usd@ <0x6533d3bedb00>)

2026-08-07T17:53:36Z [9,537ms] [Warning] [omni.usd] Warning: in _ReportErrors at line 3172 of /builds/omniverse/usd-ci/USD/pxr/usd/usd/stage.cpp -- In </World/envs/env_41/LinkerHand/middle_tip/visuals>: Unresolved reference prim path @/tmp/IsaacLab/usd_20260807_105335_548/configuration/linkerhand_l20_left_physics.usd@</visuals/middle_tip> introduced by @/tmp/IsaacLab/usd_20260807_105335_548/configuration/linkerhand_l20_left_base.usd@</linkerhand_l20_left/middle_tip/visuals> (recomposing stage on stage @anon:0x6533d3be8570:World0.usd@ <0x6533d3bedb00>)

2026-08-07T17:53:36Z [9,537ms] [Warning] [omni.usd] Warning: in _ReportErrors at line 3172 of /builds/omniverse/usd-ci/USD/pxr/usd/usd/stage.cpp -- In </World/envs/env_97/Screwdriver/vitrual_link_1/visuals>: Unresolved reference prim path @/tmp/IsaacLab/usd_20260807_105335_5437/configuration/screwdriver_64mm_handle_physics.usd@</visuals/vitrual_link_1> introduced by @/tmp/IsaacLab/usd_20260807_105335_5437/configuration/screwdriver_64mm_handle_base.usd@</screwdriver_on_the_table_64mm_handle/vitrual_link_1/visuals> (recomposing stage on stage @anon:0x6533d3be8570:World0.usd@ <0x6533d3bedb00>)

2026-08-07T17:53:36Z [9,537ms] [Warning] [omni.usd] Warning: in _ReportErrors at line 3172 of /builds/omniverse/usd-ci/USD/pxr/usd/usd/stage.cpp -- In </World/envs/env_42/LinkerHand/index_tip/visuals>: Unresolved reference prim path @/tmp/IsaacLab/usd_20260807_105335_548/configuration/linkerhand_l20_left_physics.usd@</visuals/index_tip> introduced by @/tmp/IsaacLab/usd_20260807_105335_548/configuration/linkerhand_l20_left_base.usd@</linkerhand_l20_left/index_tip/visuals> (recomposing stage on stage @anon:0x6533d3be8570:World0.usd@ <0x6533d3bedb00>)

2026-08-07T17:53:36Z [9,537ms] [Warning] [omni.usd] Warning: in _ReportErrors at line 3172 of /builds/omniverse/usd-ci/USD/pxr/usd/usd/stage.cpp -- In </World/envs/env_38/LinkerHand/middle_tip/visuals>: Unresolved reference prim path @/tmp/IsaacLab/usd_20260807_105335_548/configuration/linkerhand_l20_left_physics.usd@</visuals/middle_tip> introduced by @/tmp/IsaacLab/usd_20260807_105335_548/configuration/linkerhand_l20_left_base.usd@</linkerhand_l20_left/middle_tip/visuals> (recomposing stage on stage @anon:0x6533d3be8570:World0.usd@ <0x6533d3bedb00>)

2026-08-07T17:53:36Z [9,537ms] [Warning] [omni.usd] Warning: in _ReportErrors at line 3172 of /builds/omniverse/usd-ci/USD/pxr/usd/usd/stage.cpp -- In </World/envs/env_38/LinkerHand/index_tip/visuals>: Unresolved reference prim path @/tmp/IsaacLab/usd_20260807_105335_548/configuration/linkerhand_l20_left_physics.usd@</visuals/index_tip> introduced by @/tmp/IsaacLab/usd_20260807_105335_548/configuration/linkerhand_l20_left_base.usd@</linkerhand_l20_left/index_tip/visuals> (recomposing stage on stage @anon:0x6533d3be8570:World0.usd@ <0x6533d3bedb00>)

2026-08-07T17:53:36Z [9,537ms] [Warning] [omni.usd] Warning: in _ReportErrors at line 3172 of /builds/omniverse/usd-ci/USD/pxr/usd/usd/stage.cpp -- In </World/envs/env_46/LinkerHand/index_tip/visuals>: Unresolved reference prim path @/tmp/IsaacLab/usd_20260807_105335_548/configuration/linkerhand_l20_left_physics.usd@</visuals/index_tip> introduced by @/tmp/IsaacLab/usd_20260807_105335_548/configuration/linkerhand_l20_left_base.usd@</linkerhand_l20_left/index_tip/visuals> (recomposing stage on stage @anon:0x6533d3be8570:World0.usd@ <0x6533d3bedb00>)

2026-08-07T17:53:36Z [9,537ms] [Warning] [omni.usd] Warning: in _ReportErrors at line 3172 of /builds/omniverse/usd-ci/USD/pxr/usd/usd/stage.cpp -- In </World/envs/env_45/LinkerHand/pinky_tip/visuals>: Unresolved reference prim path @/tmp/IsaacLab/usd_20260807_105335_548/configuration/linkerhand_l20_left_physics.usd@</visuals/pinky_tip> introduced by @/tmp/IsaacLab/usd_20260807_105335_548/configuration/linkerhand_l20_left_base.usd@</linkerhand_l20_left/pinky_tip/visuals> (recomposing stage on stage @anon:0x6533d3be8570:World0.usd@ <0x6533d3bedb00>)

2026-08-07T17:53:36Z [9,537ms] [Warning] [omni.usd] Warning: in _ReportErrors at line 3172 of /builds/omniverse/usd-ci/USD/pxr/usd/usd/stage.cpp -- In </World/envs/env_5/Screwdriver/vitrual_link_1/visuals>: Unresolved reference prim path @/tmp/IsaacLab/usd_20260807_105335_5437/configuration/screwdriver_64mm_handle_physics.usd@</visuals/vitrual_link_1> introduced by @/tmp/IsaacLab/usd_20260807_105335_5437/configuration/screwdriver_64mm_handle_base.usd@</screwdriver_on_the_table_64mm_handle/vitrual_link_1/visuals> (recomposing stage on stage @anon:0x6533d3be8570:World0.usd@ <0x6533d3bedb00>)

2026-08-07T17:53:36Z [9,537ms] [Warning] [omni.usd] Warning: in _ReportErrors at line 3172 of /builds/omniverse/usd-ci/USD/pxr/usd/usd/stage.cpp -- In </World/envs/env_97/LinkerHand/thumb_tip/visuals>: Unresolved reference prim path @/tmp/IsaacLab/usd_20260807_105335_548/configuration/linkerhand_l20_left_physics.usd@</visuals/thumb_tip> introduced by @/tmp/IsaacLab/usd_20260807_105335_548/configuration/linkerhand_l20_left_base.usd@</linkerhand_l20_left/thumb_tip/visuals> (recomposing stage on stage @anon:0x6533d3be8570:World0.usd@ <0x6533d3bedb00>)

2026-08-07T17:53:36Z [9,537ms] [Warning] [omni.usd] Warning: in _ReportErrors at line 3172 of /builds/omniverse/usd-ci/USD/pxr/usd/usd/stage.cpp -- In </World/envs/env_5/LinkerHand/thumb_tip/visuals>: Unresolved reference prim path @/tmp/IsaacLab/usd_20260807_105335_548/configuration/linkerhand_l20_left_physics.usd@</visuals/thumb_tip> introduced by @/tmp/IsaacLab/usd_20260807_105335_548/configuration/linkerhand_l20_left_base.usd@</linkerhand_l20_left/thumb_tip/visuals> (recomposing stage on stage @anon:0x6533d3be8570:World0.usd@ <0x6533d3bedb00>)

2026-08-07T17:53:36Z [9,537ms] [Warning] [omni.usd] Warning: in _ReportErrors at line 3172 of /builds/omniverse/usd-ci/USD/pxr/usd/usd/stage.cpp -- In </World/envs/env_46/LinkerHand/pinky_tip/visuals>: Unresolved reference prim path @/tmp/IsaacLab/usd_20260807_105335_548/configuration/linkerhand_l20_left_physics.usd@</visuals/pinky_tip> introduced by @/tmp/IsaacLab/usd_20260807_105335_548/configuration/linkerhand_l20_left_base.usd@</linkerhand_l20_left/pinky_tip/visuals> (recomposing stage on stage @anon:0x6533d3be8570:World0.usd@ <0x6533d3bedb00>)

2026-08-07T17:53:36Z [9,537ms] [Warning] [omni.usd] Warning: in _ReportErrors at line 3172 of /builds/omniverse/usd-ci/USD/pxr/usd/usd/stage.cpp -- In </World/envs/env_50/Screwdriver/vitrual_link_2/visuals>: Unresolved reference prim path @/tmp/IsaacLab/usd_20260807_105335_5437/configuration/screwdriver_64mm_handle_physics.usd@</visuals/vitrual_link_2> introduced by @/tmp/IsaacLab/usd_20260807_105335_5437/configuration/screwdriver_64mm_handle_base.usd@</screwdriver_on_the_table_64mm_handle/vitrual_link_2/visuals> (recomposing stage on stage @anon:0x6533d3be8570:World0.usd@ <0x6533d3bedb00>)

2026-08-07T17:53:36Z [9,537ms] [Warning] [omni.usd] Warning: in _ReportErrors at line 3172 of /builds/omniverse/usd-ci/USD/pxr/usd/usd/stage.cpp -- In </World/envs/env_50/LinkerHand/thumb_tip/visuals>: Unresolved reference prim path @/tmp/IsaacLab/usd_20260807_105335_548/configuration/linkerhand_l20_left_physics.usd@</visuals/thumb_tip> introduced by @/tmp/IsaacLab/usd_20260807_105335_548/configuration/linkerhand_l20_left_base.usd@</linkerhand_l20_left/thumb_tip/visuals> (recomposing stage on stage @anon:0x6533d3be8570:World0.usd@ <0x6533d3bedb00>)

2026-08-07T17:53:36Z [9,537ms] [Warning] [omni.usd] Warning: in _ReportErrors at line 3172 of /builds/omniverse/usd-ci/USD/pxr/usd/usd/stage.cpp -- In </World/envs/env_5/Screwdriver/vitrual_link_2/visuals>: Unresolved reference prim path @/tmp/IsaacLab/usd_20260807_105335_5437/configuration/screwdriver_64mm_handle_physics.usd@</visuals/vitrual_link_2> introduced by @/tmp/IsaacLab/usd_20260807_105335_5437/configuration/screwdriver_64mm_handle_base.usd@</screwdriver_on_the_table_64mm_handle/vitrual_link_2/visuals> (recomposing stage on stage @anon:0x6533d3be8570:World0.usd@ <0x6533d3bedb00>)

2026-08-07T17:53:36Z [9,537ms] [Warning] [omni.usd] Warning: in _ReportErrors at line 3172 of /builds/omniverse/usd-ci/USD/pxr/usd/usd/stage.cpp -- In </World/envs/env_47/LinkerHand/pinky_tip/visuals>: Unresolved reference prim path @/tmp/IsaacLab/usd_20260807_105335_548/configuration/linkerhand_l20_left_physics.usd@</visuals/pinky_tip> introduced by @/tmp/IsaacLab/usd_20260807_105335_548/configuration/linkerhand_l20_left_base.usd@</linkerhand_l20_left/pinky_tip/visuals> (recomposing stage on stage @anon:0x6533d3be8570:World0.usd@ <0x6533d3bedb00>)

2026-08-07T17:53:36Z [9,537ms] [Warning] [omni.usd] Warning: in _ReportErrors at line 3172 of /builds/omniverse/usd-ci/USD/pxr/usd/usd/stage.cpp -- In </World/envs/env_48/LinkerHand/ring_tip/visuals>: Unresolved reference prim path @/tmp/IsaacLab/usd_20260807_105335_548/configuration/linkerhand_l20_left_physics.usd@</visuals/ring_tip> introduced by @/tmp/IsaacLab/usd_20260807_105335_548/configuration/linkerhand_l20_left_base.usd@</linkerhand_l20_left/ring_tip/visuals> (recomposing stage on stage @anon:0x6533d3be8570:World0.usd@ <0x6533d3bedb00>)

2026-08-07T17:53:36Z [9,537ms] [Warning] [omni.usd] Warning: in _ReportErrors at line 3172 of /builds/omniverse/usd-ci/USD/pxr/usd/usd/stage.cpp -- In </World/envs/env_43/LinkerHand/middle_tip/visuals>: Unresolved reference prim path @/tmp/IsaacLab/usd_20260807_105335_548/configuration/linkerhand_l20_left_physics.usd@</visuals/middle_tip> introduced by @/tmp/IsaacLab/usd_20260807_105335_548/configuration/linkerhand_l20_left_base.usd@</linkerhand_l20_left/middle_tip/visuals> (recomposing stage on stage @anon:0x6533d3be8570:World0.usd@ <0x6533d3bedb00>)

2026-08-07T17:53:36Z [9,537ms] [Warning] [omni.usd] Warning: in _ReportErrors at line 3172 of /builds/omniverse/usd-ci/USD/pxr/usd/usd/stage.cpp -- In </World/envs/env_44/LinkerHand/middle_tip/visuals>: Unresolved reference prim path @/tmp/IsaacLab/usd_20260807_105335_548/configuration/linkerhand_l20_left_physics.usd@</visuals/middle_tip> introduced by @/tmp/IsaacLab/usd_20260807_105335_548/configuration/linkerhand_l20_left_base.usd@</linkerhand_l20_left/middle_tip/visuals> (recomposing stage on stage @anon:0x6533d3be8570:World0.usd@ <0x6533d3bedb00>)

2026-08-07T17:53:36Z [9,537ms] [Warning] [omni.usd] Warning: in _ReportErrors at line 3172 of /builds/omniverse/usd-ci/USD/pxr/usd/usd/stage.cpp -- In </World/envs/env_49/LinkerHand/thumb_tip/visuals>: Unresolved reference prim path @/tmp/IsaacLab/usd_20260807_105335_548/configuration/linkerhand_l20_left_physics.usd@</visuals/thumb_tip> introduced by @/tmp/IsaacLab/usd_20260807_105335_548/configuration/linkerhand_l20_left_base.usd@</linkerhand_l20_left/thumb_tip/visuals> (recomposing stage on stage @anon:0x6533d3be8570:World0.usd@ <0x6533d3bedb00>)

2026-08-07T17:53:36Z [9,537ms] [Warning] [omni.usd] Warning: in _ReportErrors at line 3172 of /builds/omniverse/usd-ci/USD/pxr/usd/usd/stage.cpp -- In </World/envs/env_51/LinkerHand/thumb_tip/visuals>: Unresolved reference prim path @/tmp/IsaacLab/usd_20260807_105335_548/configuration/linkerhand_l20_left_physics.usd@</visuals/thumb_tip> introduced by @/tmp/IsaacLab/usd_20260807_105335_548/configuration/linkerhand_l20_left_base.usd@</linkerhand_l20_left/thumb_tip/visuals> (recomposing stage on stage @anon:0x6533d3be8570:World0.usd@ <0x6533d3bedb00>)

2026-08-07T17:53:36Z [9,537ms] [Warning] [omni.usd] Warning: in _ReportErrors at line 3172 of /builds/omniverse/usd-ci/USD/pxr/usd/usd/stage.cpp -- In </World/envs/env_45/LinkerHand/middle_tip/visuals>: Unresolved reference prim path @/tmp/IsaacLab/usd_20260807_105335_548/configuration/linkerhand_l20_left_physics.usd@</visuals/middle_tip> introduced by @/tmp/IsaacLab/usd_20260807_105335_548/configuration/linkerhand_l20_left_base.usd@</linkerhand_l20_left/middle_tip/visuals> (recomposing stage on stage @anon:0x6533d3be8570:World0.usd@ <0x6533d3bedb00>)

2026-08-07T17:53:36Z [9,537ms] [Warning] [omni.usd] Warning: in _ReportErrors at line 3172 of /builds/omniverse/usd-ci/USD/pxr/usd/usd/stage.cpp -- In </World/envs/env_50/Screwdriver/vitrual_link_1/visuals>: Unresolved reference prim path @/tmp/IsaacLab/usd_20260807_105335_5437/configuration/screwdriver_64mm_handle_physics.usd@</visuals/vitrual_link_1> introduced by @/tmp/IsaacLab/usd_20260807_105335_5437/configuration/screwdriver_64mm_handle_base.usd@</screwdriver_on_the_table_64mm_handle/vitrual_link_1/visuals> (recomposing stage on stage @anon:0x6533d3be8570:World0.usd@ <0x6533d3bedb00>)

2026-08-07T17:53:36Z [9,537ms] [Warning] [omni.usd] Warning: in _ReportErrors at line 3172 of /builds/omniverse/usd-ci/USD/pxr/usd/usd/stage.cpp -- In </World/envs/env_49/Screwdriver/vitrual_link_1/visuals>: Unresolved reference prim path @/tmp/IsaacLab/usd_20260807_105335_5437/configuration/screwdriver_64mm_handle_physics.usd@</visuals/vitrual_link_1> introduced by @/tmp/IsaacLab/usd_20260807_105335_5437/configuration/screwdriver_64mm_handle_base.usd@</screwdriver_on_the_table_64mm_handle/vitrual_link_1/visuals> (recomposing stage on stage @anon:0x6533d3be8570:World0.usd@ <0x6533d3bedb00>)

2026-08-07T17:53:36Z [9,537ms] [Warning] [omni.usd] Warning: in _ReportErrors at line 3172 of /builds/omniverse/usd-ci/USD/pxr/usd/usd/stage.cpp -- In </World/envs/env_44/LinkerHand/index_tip/visuals>: Unresolved reference prim path @/tmp/IsaacLab/usd_20260807_105335_548/configuration/linkerhand_l20_left_physics.usd@</visuals/index_tip> introduced by @/tmp/IsaacLab/usd_20260807_105335_548/configuration/linkerhand_l20_left_base.usd@</linkerhand_l20_left/index_tip/visuals> (recomposing stage on stage @anon:0x6533d3be8570:World0.usd@ <0x6533d3bedb00>)

2026-08-07T17:53:36Z [9,537ms] [Warning] [omni.usd] Warning: in _ReportErrors at line 3172 of /builds/omniverse/usd-ci/USD/pxr/usd/usd/stage.cpp -- In </World/envs/env_47/LinkerHand/index_tip/visuals>: Unresolved reference prim path @/tmp/IsaacLab/usd_20260807_105335_548/configuration/linkerhand_l20_left_physics.usd@</visuals/index_tip> introduced by @/tmp/IsaacLab/usd_20260807_105335_548/configuration/linkerhand_l20_left_base.usd@</linkerhand_l20_left/index_tip/visuals> (recomposing stage on stage @anon:0x6533d3be8570:World0.usd@ <0x6533d3bedb00>)

2026-08-07T17:53:36Z [9,537ms] [Warning] [omni.usd] Warning: in _ReportErrors at line 3172 of /builds/omniverse/usd-ci/USD/pxr/usd/usd/stage.cpp -- In </World/envs/env_49/Screwdriver/vitrual_link_2/visuals>: Unresolved reference prim path @/tmp/IsaacLab/usd_20260807_105335_5437/configuration/screwdriver_64mm_handle_physics.usd@</visuals/vitrual_link_2> introduced by @/tmp/IsaacLab/usd_20260807_105335_5437/configuration/screwdriver_64mm_handle_base.usd@</screwdriver_on_the_table_64mm_handle/vitrual_link_2/visuals> (recomposing stage on stage @anon:0x6533d3be8570:World0.usd@ <0x6533d3bedb00>)

2026-08-07T17:53:36Z [9,537ms] [Warning] [omni.usd] Warning: in _ReportErrors at line 3172 of /builds/omniverse/usd-ci/USD/pxr/usd/usd/stage.cpp -- In </World/envs/env_51/Screwdriver/vitrual_link_1/visuals>: Unresolved reference prim path @/tmp/IsaacLab/usd_20260807_105335_5437/configuration/screwdriver_64mm_handle_physics.usd@</visuals/vitrual_link_1> introduced by @/tmp/IsaacLab/usd_20260807_105335_5437/configuration/screwdriver_64mm_handle_base.usd@</screwdriver_on_the_table_64mm_handle/vitrual_link_1/visuals> (recomposing stage on stage @anon:0x6533d3be8570:World0.usd@ <0x6533d3bedb00>)

2026-08-07T17:53:36Z [9,537ms] [Warning] [omni.usd] Warning: in _ReportErrors at line 3172 of /builds/omniverse/usd-ci/USD/pxr/usd/usd/stage.cpp -- In </World/envs/env_51/Screwdriver/vitrual_link_2/visuals>: Unresolved reference prim path @/tmp/IsaacLab/usd_20260807_105335_5437/configuration/screwdriver_64mm_handle_physics.usd@</visuals/vitrual_link_2> introduced by @/tmp/IsaacLab/usd_20260807_105335_5437/configuration/screwdriver_64mm_handle_base.usd@</screwdriver_on_the_table_64mm_handle/vitrual_link_2/visuals> (recomposing stage on stage @anon:0x6533d3be8570:World0.usd@ <0x6533d3bedb00>)

2026-08-07T17:53:36Z [9,537ms] [Warning] [omni.usd] Warning: in _ReportErrors at line 3172 of /builds/omniverse/usd-ci/USD/pxr/usd/usd/stage.cpp -- In </World/envs/env_43/LinkerHand/index_tip/visuals>: Unresolved reference prim path @/tmp/IsaacLab/usd_20260807_105335_548/configuration/linkerhand_l20_left_physics.usd@</visuals/index_tip> introduced by @/tmp/IsaacLab/usd_20260807_105335_548/configuration/linkerhand_l20_left_base.usd@</linkerhand_l20_left/index_tip/visuals> (recomposing stage on stage @anon:0x6533d3be8570:World0.usd@ <0x6533d3bedb00>)

2026-08-07T17:53:36Z [9,537ms] [Warning] [omni.usd] Warning: in _ReportErrors at line 3172 of /builds/omniverse/usd-ci/USD/pxr/usd/usd/stage.cpp -- In </World/envs/env_5/LinkerHand/index_tip/visuals>: Unresolved reference prim path @/tmp/IsaacLab/usd_20260807_105335_548/configuration/linkerhand_l20_left_physics.usd@</visuals/index_tip> introduced by @/tmp/IsaacLab/usd_20260807_105335_548/configuration/linkerhand_l20_left_base.usd@</linkerhand_l20_left/index_tip/visuals> (recomposing stage on stage @anon:0x6533d3be8570:World0.usd@ <0x6533d3bedb00>)

2026-08-07T17:53:36Z [9,537ms] [Warning] [omni.usd] Warning: in _ReportErrors at line 3172 of /builds/omniverse/usd-ci/USD/pxr/usd/usd/stage.cpp -- In </World/envs/env_5/LinkerHand/ring_tip/visuals>: Unresolved reference prim path @/tmp/IsaacLab/usd_20260807_105335_548/configuration/linkerhand_l20_left_physics.usd@</visuals/ring_tip> introduced by @/tmp/IsaacLab/usd_20260807_105335_548/configuration/linkerhand_l20_left_base.usd@</linkerhand_l20_left/ring_tip/visuals> (recomposing stage on stage @anon:0x6533d3be8570:World0.usd@ <0x6533d3bedb00>)

2026-08-07T17:53:36Z [9,537ms] [Warning] [omni.usd] Warning: in _ReportErrors at line 3172 of /builds/omniverse/usd-ci/USD/pxr/usd/usd/stage.cpp -- In </World/envs/env_46/LinkerHand/middle_tip/visuals>: Unresolved reference prim path @/tmp/IsaacLab/usd_20260807_105335_548/configuration/linkerhand_l20_left_physics.usd@</visuals/middle_tip> introduced by @/tmp/IsaacLab/usd_20260807_105335_548/configuration/linkerhand_l20_left_base.usd@</linkerhand_l20_left/middle_tip/visuals> (recomposing stage on stage @anon:0x6533d3be8570:World0.usd@ <0x6533d3bedb00>)

2026-08-07T17:53:36Z [9,537ms] [Warning] [omni.usd] Warning: in _ReportErrors at line 3172 of /builds/omniverse/usd-ci/USD/pxr/usd/usd/stage.cpp -- In </World/envs/env_48/LinkerHand/pinky_tip/visuals>: Unresolved reference prim path @/tmp/IsaacLab/usd_20260807_105335_548/configuration/linkerhand_l20_left_physics.usd@</visuals/pinky_tip> introduced by @/tmp/IsaacLab/usd_20260807_105335_548/configuration/linkerhand_l20_left_base.usd@</linkerhand_l20_left/pinky_tip/visuals> (recomposing stage on stage @anon:0x6533d3be8570:World0.usd@ <0x6533d3bedb00>)

2026-08-07T17:53:36Z [9,537ms] [Warning] [omni.usd] Warning: in _ReportErrors at line 3172 of /builds/omniverse/usd-ci/USD/pxr/usd/usd/stage.cpp -- In </World/envs/env_49/LinkerHand/index_tip/visuals>: Unresolved reference prim path @/tmp/IsaacLab/usd_20260807_105335_548/configuration/linkerhand_l20_left_physics.usd@</visuals/index_tip> introduced by @/tmp/IsaacLab/usd_20260807_105335_548/configuration/linkerhand_l20_left_base.usd@</linkerhand_l20_left/index_tip/visuals> (recomposing stage on stage @anon:0x6533d3be8570:World0.usd@ <0x6533d3bedb00>)

2026-08-07T17:53:36Z [9,537ms] [Warning] [omni.usd] Warning: in _ReportErrors at line 3172 of /builds/omniverse/usd-ci/USD/pxr/usd/usd/stage.cpp -- In </World/envs/env_47/LinkerHand/middle_tip/visuals>: Unresolved reference prim path @/tmp/IsaacLab/usd_20260807_105335_548/configuration/linkerhand_l20_left_physics.usd@</visuals/middle_tip> introduced by @/tmp/IsaacLab/usd_20260807_105335_548/configuration/linkerhand_l20_left_base.usd@</linkerhand_l20_left/middle_tip/visuals> (recomposing stage on stage @anon:0x6533d3be8570:World0.usd@ <0x6533d3bedb00>)

2026-08-07T17:53:36Z [9,537ms] [Warning] [omni.usd] Warning: in _ReportErrors at line 3172 of /builds/omniverse/usd-ci/USD/pxr/usd/usd/stage.cpp -- In </World/envs/env_51/LinkerHand/index_tip/visuals>: Unresolved reference prim path @/tmp/IsaacLab/usd_20260807_105335_548/configuration/linkerhand_l20_left_physics.usd@</visuals/index_tip> introduced by @/tmp/IsaacLab/usd_20260807_105335_548/configuration/linkerhand_l20_left_base.usd@</linkerhand_l20_left/index_tip/visuals> (recomposing stage on stage @anon:0x6533d3be8570:World0.usd@ <0x6533d3bedb00>)

2026-08-07T17:53:36Z [9,537ms] [Warning] [omni.usd] Warning: in _ReportErrors at line 3172 of /builds/omniverse/usd-ci/USD/pxr/usd/usd/stage.cpp -- In </World/envs/env_48/LinkerHand/index_tip/visuals>: Unresolved reference prim path @/tmp/IsaacLab/usd_20260807_105335_548/configuration/linkerhand_l20_left_physics.usd@</visuals/index_tip> introduced by @/tmp/IsaacLab/usd_20260807_105335_548/configuration/linkerhand_l20_left_base.usd@</linkerhand_l20_left/index_tip/visuals> (recomposing stage on stage @anon:0x6533d3be8570:World0.usd@ <0x6533d3bedb00>)

2026-08-07T17:53:36Z [9,537ms] [Warning] [omni.usd] Warning: in _ReportErrors at line 3172 of /builds/omniverse/usd-ci/USD/pxr/usd/usd/stage.cpp -- In </World/envs/env_50/LinkerHand/index_tip/visuals>: Unresolved reference prim path @/tmp/IsaacLab/usd_20260807_105335_548/configuration/linkerhand_l20_left_physics.usd@</visuals/index_tip> introduced by @/tmp/IsaacLab/usd_20260807_105335_548/configuration/linkerhand_l20_left_base.usd@</linkerhand_l20_left/index_tip/visuals> (recomposing stage on stage @anon:0x6533d3be8570:World0.usd@ <0x6533d3bedb00>)

2026-08-07T17:53:36Z [9,537ms] [Warning] [omni.usd] Warning: in _ReportErrors at line 3172 of /builds/omniverse/usd-ci/USD/pxr/usd/usd/stage.cpp -- In </World/envs/env_52/Screwdriver/vitrual_link_1/visuals>: Unresolved reference prim path @/tmp/IsaacLab/usd_20260807_105335_5437/configuration/screwdriver_64mm_handle_physics.usd@</visuals/vitrual_link_1> introduced by @/tmp/IsaacLab/usd_20260807_105335_5437/configuration/screwdriver_64mm_handle_base.usd@</screwdriver_on_the_table_64mm_handle/vitrual_link_1/visuals> (recomposing stage on stage @anon:0x6533d3be8570:World0.usd@ <0x6533d3bedb00>)

2026-08-07T17:53:36Z [9,537ms] [Warning] [omni.usd] Warning: in _ReportErrors at line 3172 of /builds/omniverse/usd-ci/USD/pxr/usd/usd/stage.cpp -- In </World/envs/env_50/LinkerHand/ring_tip/visuals>: Unresolved reference prim path @/tmp/IsaacLab/usd_20260807_105335_548/configuration/linkerhand_l20_left_physics.usd@</visuals/ring_tip> introduced by @/tmp/IsaacLab/usd_20260807_105335_548/configuration/linkerhand_l20_left_base.usd@</linkerhand_l20_left/ring_tip/visuals> (recomposing stage on stage @anon:0x6533d3be8570:World0.usd@ <0x6533d3bedb00>)

2026-08-07T17:53:36Z [9,537ms] [Warning] [omni.usd] Warning: in _ReportErrors at line 3172 of /builds/omniverse/usd-ci/USD/pxr/usd/usd/stage.cpp -- In </World/envs/env_5/LinkerHand/middle_tip/visuals>: Unresolved reference prim path @/tmp/IsaacLab/usd_20260807_105335_548/configuration/linkerhand_l20_left_physics.usd@</visuals/middle_tip> introduced by @/tmp/IsaacLab/usd_20260807_105335_548/configuration/linkerhand_l20_left_base.usd@</linkerhand_l20_left/middle_tip/visuals> (recomposing stage on stage @anon:0x6533d3be8570:World0.usd@ <0x6533d3bedb00>)

2026-08-07T17:53:36Z [9,537ms] [Warning] [omni.usd] Warning: in _ReportErrors at line 3172 of /builds/omniverse/usd-ci/USD/pxr/usd/usd/stage.cpp -- In </World/envs/env_49/LinkerHand/ring_tip/visuals>: Unresolved reference prim path @/tmp/IsaacLab/usd_20260807_105335_548/configuration/linkerhand_l20_left_physics.usd@</visuals/ring_tip> introduced by @/tmp/IsaacLab/usd_20260807_105335_548/configuration/linkerhand_l20_left_base.usd@</linkerhand_l20_left/ring_tip/visuals> (recomposing stage on stage @anon:0x6533d3be8570:World0.usd@ <0x6533d3bedb00>)

2026-08-07T17:53:36Z [9,537ms] [Warning] [omni.usd] Warning: in _ReportErrors at line 3172 of /builds/omniverse/usd-ci/USD/pxr/usd/usd/stage.cpp -- In </World/envs/env_53/LinkerHand/thumb_tip/visuals>: Unresolved reference prim path @/tmp/IsaacLab/usd_20260807_105335_548/configuration/linkerhand_l20_left_physics.usd@</visuals/thumb_tip> introduced by @/tmp/IsaacLab/usd_20260807_105335_548/configuration/linkerhand_l20_left_base.usd@</linkerhand_l20_left/thumb_tip/visuals> (recomposing stage on stage @anon:0x6533d3be8570:World0.usd@ <0x6533d3bedb00>)

2026-08-07T17:53:36Z [9,537ms] [Warning] [omni.usd] Warning: in _ReportErrors at line 3172 of /builds/omniverse/usd-ci/USD/pxr/usd/usd/stage.cpp -- In </World/envs/env_52/Screwdriver/vitrual_link_2/visuals>: Unresolved reference prim path @/tmp/IsaacLab/usd_20260807_105335_5437/configuration/screwdriver_64mm_handle_physics.usd@</visuals/vitrual_link_2> introduced by @/tmp/IsaacLab/usd_20260807_105335_5437/configuration/screwdriver_64mm_handle_base.usd@</screwdriver_on_the_table_64mm_handle/vitrual_link_2/visuals> (recomposing stage on stage @anon:0x6533d3be8570:World0.usd@ <0x6533d3bedb00>)

2026-08-07T17:53:36Z [9,537ms] [Warning] [omni.usd] Warning: in _ReportErrors at line 3172 of /builds/omniverse/usd-ci/USD/pxr/usd/usd/stage.cpp -- In </World/envs/env_52/LinkerHand/thumb_tip/visuals>: Unresolved reference prim path @/tmp/IsaacLab/usd_20260807_105335_548/configuration/linkerhand_l20_left_physics.usd@</visuals/thumb_tip> introduced by @/tmp/IsaacLab/usd_20260807_105335_548/configuration/linkerhand_l20_left_base.usd@</linkerhand_l20_left/thumb_tip/visuals> (recomposing stage on stage @anon:0x6533d3be8570:World0.usd@ <0x6533d3bedb00>)

2026-08-07T17:53:36Z [9,537ms] [Warning] [omni.usd] Warning: in _ReportErrors at line 3172 of /builds/omniverse/usd-ci/USD/pxr/usd/usd/stage.cpp -- In </World/envs/env_97/LinkerHand/ring_tip/visuals>: Unresolved reference prim path @/tmp/IsaacLab/usd_20260807_105335_548/configuration/linkerhand_l20_left_physics.usd@</visuals/ring_tip> introduced by @/tmp/IsaacLab/usd_20260807_105335_548/configuration/linkerhand_l20_left_base.usd@</linkerhand_l20_left/ring_tip/visuals> (recomposing stage on stage @anon:0x6533d3be8570:World0.usd@ <0x6533d3bedb00>)

2026-08-07T17:53:36Z [9,537ms] [Warning] [omni.usd] Warning: in _ReportErrors at line 3172 of /builds/omniverse/usd-ci/USD/pxr/usd/usd/stage.cpp -- In </World/envs/env_49/LinkerHand/middle_tip/visuals>: Unresolved reference prim path @/tmp/IsaacLab/usd_20260807_105335_548/configuration/linkerhand_l20_left_physics.usd@</visuals/middle_tip> introduced by @/tmp/IsaacLab/usd_20260807_105335_548/configuration/linkerhand_l20_left_base.usd@</linkerhand_l20_left/middle_tip/visuals> (recomposing stage on stage @anon:0x6533d3be8570:World0.usd@ <0x6533d3bedb00>)

2026-08-07T17:53:36Z [9,537ms] [Warning] [omni.usd] Warning: in _ReportErrors at line 3172 of /builds/omniverse/usd-ci/USD/pxr/usd/usd/stage.cpp -- In </World/envs/env_54/Screwdriver/vitrual_link_1/visuals>: Unresolved reference prim path @/tmp/IsaacLab/usd_20260807_105335_5437/configuration/screwdriver_64mm_handle_physics.usd@</visuals/vitrual_link_1> introduced by @/tmp/IsaacLab/usd_20260807_105335_5437/configuration/screwdriver_64mm_handle_base.usd@</screwdriver_on_the_table_64mm_handle/vitrual_link_1/visuals> (recomposing stage on stage @anon:0x6533d3be8570:World0.usd@ <0x6533d3bedb00>)

2026-08-07T17:53:36Z [9,537ms] [Warning] [omni.usd] Warning: in _ReportErrors at line 3172 of /builds/omniverse/usd-ci/USD/pxr/usd/usd/stage.cpp -- In </World/envs/env_54/LinkerHand/thumb_tip/visuals>: Unresolved reference prim path @/tmp/IsaacLab/usd_20260807_105335_548/configuration/linkerhand_l20_left_physics.usd@</visuals/thumb_tip> introduced by @/tmp/IsaacLab/usd_20260807_105335_548/configuration/linkerhand_l20_left_base.usd@</linkerhand_l20_left/thumb_tip/visuals> (recomposing stage on stage @anon:0x6533d3be8570:World0.usd@ <0x6533d3bedb00>)

2026-08-07T17:53:36Z [9,537ms] [Warning] [omni.usd] Warning: in _ReportErrors at line 3172 of /builds/omniverse/usd-ci/USD/pxr/usd/usd/stage.cpp -- In </World/envs/env_53/Screwdriver/vitrual_link_2/visuals>: Unresolved reference prim path @/tmp/IsaacLab/usd_20260807_105335_5437/configuration/screwdriver_64mm_handle_physics.usd@</visuals/vitrual_link_2> introduced by @/tmp/IsaacLab/usd_20260807_105335_5437/configuration/screwdriver_64mm_handle_base.usd@</screwdriver_on_the_table_64mm_handle/vitrual_link_2/visuals> (recomposing stage on stage @anon:0x6533d3be8570:World0.usd@ <0x6533d3bedb00>)

2026-08-07T17:53:36Z [9,537ms] [Warning] [omni.usd] Warning: in _ReportErrors at line 3172 of /builds/omniverse/usd-ci/USD/pxr/usd/usd/stage.cpp -- In </World/envs/env_53/Screwdriver/vitrual_link_1/visuals>: Unresolved reference prim path @/tmp/IsaacLab/usd_20260807_105335_5437/configuration/screwdriver_64mm_handle_physics.usd@</visuals/vitrual_link_1> introduced by @/tmp/IsaacLab/usd_20260807_105335_5437/configuration/screwdriver_64mm_handle_base.usd@</screwdriver_on_the_table_64mm_handle/vitrual_link_1/visuals> (recomposing stage on stage @anon:0x6533d3be8570:World0.usd@ <0x6533d3bedb00>)

2026-08-07T17:53:36Z [9,537ms] [Warning] [omni.usd] Warning: in _ReportErrors at line 3172 of /builds/omniverse/usd-ci/USD/pxr/usd/usd/stage.cpp -- In </World/envs/env_51/LinkerHand/ring_tip/visuals>: Unresolved reference prim path @/tmp/IsaacLab/usd_20260807_105335_548/configuration/linkerhand_l20_left_physics.usd@</visuals/ring_tip> introduced by @/tmp/IsaacLab/usd_20260807_105335_548/configuration/linkerhand_l20_left_base.usd@</linkerhand_l20_left/ring_tip/visuals> (recomposing stage on stage @anon:0x6533d3be8570:World0.usd@ <0x6533d3bedb00>)

2026-08-07T17:53:36Z [9,537ms] [Warning] [omni.usd] Warning: in _ReportErrors at line 3172 of /builds/omniverse/usd-ci/USD/pxr/usd/usd/stage.cpp -- In </World/envs/env_55/Screwdriver/vitrual_link_1/visuals>: Unresolved reference prim path @/tmp/IsaacLab/usd_20260807_105335_5437/configuration/screwdriver_64mm_handle_physics.usd@</visuals/vitrual_link_1> introduced by @/tmp/IsaacLab/usd_20260807_105335_5437/configuration/screwdriver_64mm_handle_base.usd@</screwdriver_on_the_table_64mm_handle/vitrual_link_1/visuals> (recomposing stage on stage @anon:0x6533d3be8570:World0.usd@ <0x6533d3bedb00>)

2026-08-07T17:53:36Z [9,537ms] [Warning] [omni.usd] Warning: in _ReportErrors at line 3172 of /builds/omniverse/usd-ci/USD/pxr/usd/usd/stage.cpp -- In </World/envs/env_48/LinkerHand/middle_tip/visuals>: Unresolved reference prim path @/tmp/IsaacLab/usd_20260807_105335_548/configuration/linkerhand_l20_left_physics.usd@</visuals/middle_tip> introduced by @/tmp/IsaacLab/usd_20260807_105335_548/configuration/linkerhand_l20_left_base.usd@</linkerhand_l20_left/middle_tip/visuals> (recomposing stage on stage @anon:0x6533d3be8570:World0.usd@ <0x6533d3bedb00>)

2026-08-07T17:53:36Z [9,537ms] [Warning] [omni.usd] Warning: in _ReportErrors at line 3172 of /builds/omniverse/usd-ci/USD/pxr/usd/usd/stage.cpp -- In </World/envs/env_54/Screwdriver/vitrual_link_2/visuals>: Unresolved reference prim path @/tmp/IsaacLab/usd_20260807_105335_5437/configuration/screwdriver_64mm_handle_physics.usd@</visuals/vitrual_link_2> introduced by @/tmp/IsaacLab/usd_20260807_105335_5437/configuration/screwdriver_64mm_handle_base.usd@</screwdriver_on_the_table_64mm_handle/vitrual_link_2/visuals> (recomposing stage on stage @anon:0x6533d3be8570:World0.usd@ <0x6533d3bedb00>)

2026-08-07T17:53:36Z [9,537ms] [Warning] [omni.usd] Warning: in _ReportErrors at line 3172 of /builds/omniverse/usd-ci/USD/pxr/usd/usd/stage.cpp -- In </World/envs/env_56/LinkerHand/thumb_tip/visuals>: Unresolved reference prim path @/tmp/IsaacLab/usd_20260807_105335_548/configuration/linkerhand_l20_left_physics.usd@</visuals/thumb_tip> introduced by @/tmp/IsaacLab/usd_20260807_105335_548/configuration/linkerhand_l20_left_base.usd@</linkerhand_l20_left/thumb_tip/visuals> (recomposing stage on stage @anon:0x6533d3be8570:World0.usd@ <0x6533d3bedb00>)

2026-08-07T17:53:36Z [9,537ms] [Warning] [omni.usd] Warning: in _ReportErrors at line 3172 of /builds/omniverse/usd-ci/USD/pxr/usd/usd/stage.cpp -- In </World/envs/env_55/LinkerHand/thumb_tip/visuals>: Unresolved reference prim path @/tmp/IsaacLab/usd_20260807_105335_548/configuration/linkerhand_l20_left_physics.usd@</visuals/thumb_tip> introduced by @/tmp/IsaacLab/usd_20260807_105335_548/configuration/linkerhand_l20_left_base.usd@</linkerhand_l20_left/thumb_tip/visuals> (recomposing stage on stage @anon:0x6533d3be8570:World0.usd@ <0x6533d3bedb00>)

2026-08-07T17:53:36Z [9,537ms] [Warning] [omni.usd] Warning: in _ReportErrors at line 3172 of /builds/omniverse/usd-ci/USD/pxr/usd/usd/stage.cpp -- In </World/envs/env_55/Screwdriver/vitrual_link_2/visuals>: Unresolved reference prim path @/tmp/IsaacLab/usd_20260807_105335_5437/configuration/screwdriver_64mm_handle_physics.usd@</visuals/vitrual_link_2> introduced by @/tmp/IsaacLab/usd_20260807_105335_5437/configuration/screwdriver_64mm_handle_base.usd@</screwdriver_on_the_table_64mm_handle/vitrual_link_2/visuals> (recomposing stage on stage @anon:0x6533d3be8570:World0.usd@ <0x6533d3bedb00>)

2026-08-07T17:53:36Z [9,537ms] [Warning] [omni.usd] Warning: in _ReportErrors at line 3172 of /builds/omniverse/usd-ci/USD/pxr/usd/usd/stage.cpp -- In </World/envs/env_50/LinkerHand/middle_tip/visuals>: Unresolved reference prim path @/tmp/IsaacLab/usd_20260807_105335_548/configuration/linkerhand_l20_left_physics.usd@</visuals/middle_tip> introduced by @/tmp/IsaacLab/usd_20260807_105335_548/configuration/linkerhand_l20_left_base.usd@</linkerhand_l20_left/middle_tip/visuals> (recomposing stage on stage @anon:0x6533d3be8570:World0.usd@ <0x6533d3bedb00>)

2026-08-07T17:53:36Z [9,537ms] [Warning] [omni.usd] Warning: in _ReportErrors at line 3172 of /builds/omniverse/usd-ci/USD/pxr/usd/usd/stage.cpp -- In </World/envs/env_56/Screwdriver/vitrual_link_1/visuals>: Unresolved reference prim path @/tmp/IsaacLab/usd_20260807_105335_5437/configuration/screwdriver_64mm_handle_physics.usd@</visuals/vitrual_link_1> introduced by @/tmp/IsaacLab/usd_20260807_105335_5437/configuration/screwdriver_64mm_handle_base.usd@</screwdriver_on_the_table_64mm_handle/vitrual_link_1/visuals> (recomposing stage on stage @anon:0x6533d3be8570:World0.usd@ <0x6533d3bedb00>)

2026-08-07T17:53:36Z [9,537ms] [Warning] [omni.usd] Warning: in _ReportErrors at line 3172 of /builds/omniverse/usd-ci/USD/pxr/usd/usd/stage.cpp -- In </World/envs/env_49/LinkerHand/pinky_tip/visuals>: Unresolved reference prim path @/tmp/IsaacLab/usd_20260807_105335_548/configuration/linkerhand_l20_left_physics.usd@</visuals/pinky_tip> introduced by @/tmp/IsaacLab/usd_20260807_105335_548/configuration/linkerhand_l20_left_base.usd@</linkerhand_l20_left/pinky_tip/visuals> (recomposing stage on stage @anon:0x6533d3be8570:World0.usd@ <0x6533d3bedb00>)

2026-08-07T17:53:36Z [9,537ms] [Warning] [omni.usd] Warning: in _ReportErrors at line 3172 of /builds/omniverse/usd-ci/USD/pxr/usd/usd/stage.cpp -- In </World/envs/env_58/LinkerHand/thumb_tip/visuals>: Unresolved reference prim path @/tmp/IsaacLab/usd_20260807_105335_548/configuration/linkerhand_l20_left_physics.usd@</visuals/thumb_tip> introduced by @/tmp/IsaacLab/usd_20260807_105335_548/configuration/linkerhand_l20_left_base.usd@</linkerhand_l20_left/thumb_tip/visuals> (recomposing stage on stage @anon:0x6533d3be8570:World0.usd@ <0x6533d3bedb00>)

2026-08-07T17:53:36Z [9,537ms] [Warning] [omni.usd] Warning: in _ReportErrors at line 3172 of /builds/omniverse/usd-ci/USD/pxr/usd/usd/stage.cpp -- In </World/envs/env_56/Screwdriver/vitrual_link_2/visuals>: Unresolved reference prim path @/tmp/IsaacLab/usd_20260807_105335_5437/configuration/screwdriver_64mm_handle_physics.usd@</visuals/vitrual_link_2> introduced by @/tmp/IsaacLab/usd_20260807_105335_5437/configuration/screwdriver_64mm_handle_base.usd@</screwdriver_on_the_table_64mm_handle/vitrual_link_2/visuals> (recomposing stage on stage @anon:0x6533d3be8570:World0.usd@ <0x6533d3bedb00>)

2026-08-07T17:53:36Z [9,537ms] [Warning] [omni.usd] Warning: in _ReportErrors at line 3172 of /builds/omniverse/usd-ci/USD/pxr/usd/usd/stage.cpp -- In </World/envs/env_5/LinkerHand/pinky_tip/visuals>: Unresolved reference prim path @/tmp/IsaacLab/usd_20260807_105335_548/configuration/linkerhand_l20_left_physics.usd@</visuals/pinky_tip> introduced by @/tmp/IsaacLab/usd_20260807_105335_548/configuration/linkerhand_l20_left_base.usd@</linkerhand_l20_left/pinky_tip/visuals> (recomposing stage on stage @anon:0x6533d3be8570:World0.usd@ <0x6533d3bedb00>)

2026-08-07T17:53:36Z [9,537ms] [Warning] [omni.usd] Warning: in _ReportErrors at line 3172 of /builds/omniverse/usd-ci/USD/pxr/usd/usd/stage.cpp -- In </World/envs/env_57/Screwdriver/vitrual_link_1/visuals>: Unresolved reference prim path @/tmp/IsaacLab/usd_20260807_105335_5437/configuration/screwdriver_64mm_handle_physics.usd@</visuals/vitrual_link_1> introduced by @/tmp/IsaacLab/usd_20260807_105335_5437/configuration/screwdriver_64mm_handle_base.usd@</screwdriver_on_the_table_64mm_handle/vitrual_link_1/visuals> (recomposing stage on stage @anon:0x6533d3be8570:World0.usd@ <0x6533d3bedb00>)

2026-08-07T17:53:36Z [9,537ms] [Warning] [omni.usd] Warning: in _ReportErrors at line 3172 of /builds/omniverse/usd-ci/USD/pxr/usd/usd/stage.cpp -- In </World/envs/env_53/LinkerHand/ring_tip/visuals>: Unresolved reference prim path @/tmp/IsaacLab/usd_20260807_105335_548/configuration/linkerhand_l20_left_physics.usd@</visuals/ring_tip> introduced by @/tmp/IsaacLab/usd_20260807_105335_548/configuration/linkerhand_l20_left_base.usd@</linkerhand_l20_left/ring_tip/visuals> (recomposing stage on stage @anon:0x6533d3be8570:World0.usd@ <0x6533d3bedb00>)

2026-08-07T17:53:36Z [9,537ms] [Warning] [omni.usd] Warning: in _ReportErrors at line 3172 of /builds/omniverse/usd-ci/USD/pxr/usd/usd/stage.cpp -- In </World/envs/env_57/Screwdriver/vitrual_link_2/visuals>: Unresolved reference prim path @/tmp/IsaacLab/usd_20260807_105335_5437/configuration/screwdriver_64mm_handle_physics.usd@</visuals/vitrual_link_2> introduced by @/tmp/IsaacLab/usd_20260807_105335_5437/configuration/screwdriver_64mm_handle_base.usd@</screwdriver_on_the_table_64mm_handle/vitrual_link_2/visuals> (recomposing stage on stage @anon:0x6533d3be8570:World0.usd@ <0x6533d3bedb00>)

2026-08-07T17:53:36Z [9,537ms] [Warning] [omni.usd] Warning: in _ReportErrors at line 3172 of /builds/omniverse/usd-ci/USD/pxr/usd/usd/stage.cpp -- In </World/envs/env_50/LinkerHand/pinky_tip/visuals>: Unresolved reference prim path @/tmp/IsaacLab/usd_20260807_105335_548/configuration/linkerhand_l20_left_physics.usd@</visuals/pinky_tip> introduced by @/tmp/IsaacLab/usd_20260807_105335_548/configuration/linkerhand_l20_left_base.usd@</linkerhand_l20_left/pinky_tip/visuals> (recomposing stage on stage @anon:0x6533d3be8570:World0.usd@ <0x6533d3bedb00>)

2026-08-07T17:53:36Z [9,537ms] [Warning] [omni.usd] Warning: in _ReportErrors at line 3172 of /builds/omniverse/usd-ci/USD/pxr/usd/usd/stage.cpp -- In </World/envs/env_56/LinkerHand/ring_tip/visuals>: Unresolved reference prim path @/tmp/IsaacLab/usd_20260807_105335_548/configuration/linkerhand_l20_left_physics.usd@</visuals/ring_tip> introduced by @/tmp/IsaacLab/usd_20260807_105335_548/configuration/linkerhand_l20_left_base.usd@</linkerhand_l20_left/ring_tip/visuals> (recomposing stage on stage @anon:0x6533d3be8570:World0.usd@ <0x6533d3bedb00>)

2026-08-07T17:53:36Z [9,537ms] [Warning] [omni.usd] Warning: in _ReportErrors at line 3172 of /builds/omniverse/usd-ci/USD/pxr/usd/usd/stage.cpp -- In </World/envs/env_58/Screwdriver/vitrual_link_1/visuals>: Unresolved reference prim path @/tmp/IsaacLab/usd_20260807_105335_5437/configuration/screwdriver_64mm_handle_physics.usd@</visuals/vitrual_link_1> introduced by @/tmp/IsaacLab/usd_20260807_105335_5437/configuration/screwdriver_64mm_handle_base.usd@</screwdriver_on_the_table_64mm_handle/vitrual_link_1/visuals> (recomposing stage on stage @anon:0x6533d3be8570:World0.usd@ <0x6533d3bedb00>)

2026-08-07T17:53:36Z [9,537ms] [Warning] [omni.usd] Warning: in _ReportErrors at line 3172 of /builds/omniverse/usd-ci/USD/pxr/usd/usd/stage.cpp -- In </World/envs/env_58/Screwdriver/vitrual_link_2/visuals>: Unresolved reference prim path @/tmp/IsaacLab/usd_20260807_105335_5437/configuration/screwdriver_64mm_handle_physics.usd@</visuals/vitrual_link_2> introduced by @/tmp/IsaacLab/usd_20260807_105335_5437/configuration/screwdriver_64mm_handle_base.usd@</screwdriver_on_the_table_64mm_handle/vitrual_link_2/visuals> (recomposing stage on stage @anon:0x6533d3be8570:World0.usd@ <0x6533d3bedb00>)

2026-08-07T17:53:36Z [9,537ms] [Warning] [omni.usd] Warning: in _ReportErrors at line 3172 of /builds/omniverse/usd-ci/USD/pxr/usd/usd/stage.cpp -- In </World/envs/env_59/LinkerHand/thumb_tip/visuals>: Unresolved reference prim path @/tmp/IsaacLab/usd_20260807_105335_548/configuration/linkerhand_l20_left_physics.usd@</visuals/thumb_tip> introduced by @/tmp/IsaacLab/usd_20260807_105335_548/configuration/linkerhand_l20_left_base.usd@</linkerhand_l20_left/thumb_tip/visuals> (recomposing stage on stage @anon:0x6533d3be8570:World0.usd@ <0x6533d3bedb00>)

2026-08-07T17:53:36Z [9,537ms] [Warning] [omni.usd] Warning: in _ReportErrors at line 3172 of /builds/omniverse/usd-ci/USD/pxr/usd/usd/stage.cpp -- In </World/envs/env_52/LinkerHand/index_tip/visuals>: Unresolved reference prim path @/tmp/IsaacLab/usd_20260807_105335_548/configuration/linkerhand_l20_left_physics.usd@</visuals/index_tip> introduced by @/tmp/IsaacLab/usd_20260807_105335_548/configuration/linkerhand_l20_left_base.usd@</linkerhand_l20_left/index_tip/visuals> (recomposing stage on stage @anon:0x6533d3be8570:World0.usd@ <0x6533d3bedb00>)

2026-08-07T17:53:36Z [9,537ms] [Warning] [omni.usd] Warning: in _ReportErrors at line 3172 of /builds/omniverse/usd-ci/USD/pxr/usd/usd/stage.cpp -- In </World/envs/env_52/LinkerHand/ring_tip/visuals>: Unresolved reference prim path @/tmp/IsaacLab/usd_20260807_105335_548/configuration/linkerhand_l20_left_physics.usd@</visuals/ring_tip> introduced by @/tmp/IsaacLab/usd_20260807_105335_548/configuration/linkerhand_l20_left_base.usd@</linkerhand_l20_left/ring_tip/visuals> (recomposing stage on stage @anon:0x6533d3be8570:World0.usd@ <0x6533d3bedb00>)

2026-08-07T17:53:36Z [9,537ms] [Warning] [omni.usd] Warning: in _ReportErrors at line 3172 of /builds/omniverse/usd-ci/USD/pxr/usd/usd/stage.cpp -- In </World/envs/env_59/Screwdriver/vitrual_link_1/visuals>: Unresolved reference prim path @/tmp/IsaacLab/usd_20260807_105335_5437/configuration/screwdriver_64mm_handle_physics.usd@</visuals/vitrual_link_1> introduced by @/tmp/IsaacLab/usd_20260807_105335_5437/configuration/screwdriver_64mm_handle_base.usd@</screwdriver_on_the_table_64mm_handle/vitrual_link_1/visuals> (recomposing stage on stage @anon:0x6533d3be8570:World0.usd@ <0x6533d3bedb00>)

2026-08-07T17:53:36Z [9,537ms] [Warning] [omni.usd] Warning: in _ReportErrors at line 3172 of /builds/omniverse/usd-ci/USD/pxr/usd/usd/stage.cpp -- In </World/envs/env_57/LinkerHand/thumb_tip/visuals>: Unresolved reference prim path @/tmp/IsaacLab/usd_20260807_105335_548/configuration/linkerhand_l20_left_physics.usd@</visuals/thumb_tip> introduced by @/tmp/IsaacLab/usd_20260807_105335_548/configuration/linkerhand_l20_left_base.usd@</linkerhand_l20_left/thumb_tip/visuals> (recomposing stage on stage @anon:0x6533d3be8570:World0.usd@ <0x6533d3bedb00>)

2026-08-07T17:53:36Z [9,537ms] [Warning] [omni.usd] Warning: in _ReportErrors at line 3172 of /builds/omniverse/usd-ci/USD/pxr/usd/usd/stage.cpp -- In </World/envs/env_54/LinkerHand/ring_tip/visuals>: Unresolved reference prim path @/tmp/IsaacLab/usd_20260807_105335_548/configuration/linkerhand_l20_left_physics.usd@</visuals/ring_tip> introduced by @/tmp/IsaacLab/usd_20260807_105335_548/configuration/linkerhand_l20_left_base.usd@</linkerhand_l20_left/ring_tip/visuals> (recomposing stage on stage @anon:0x6533d3be8570:World0.usd@ <0x6533d3bedb00>)

2026-08-07T17:53:36Z [9,537ms] [Warning] [omni.usd] Warning: in _ReportErrors at line 3172 of /builds/omniverse/usd-ci/USD/pxr/usd/usd/stage.cpp -- In </World/envs/env_59/Screwdriver/vitrual_link_2/visuals>: Unresolved reference prim path @/tmp/IsaacLab/usd_20260807_105335_5437/configuration/screwdriver_64mm_handle_physics.usd@</visuals/vitrual_link_2> introduced by @/tmp/IsaacLab/usd_20260807_105335_5437/configuration/screwdriver_64mm_handle_base.usd@</screwdriver_on_the_table_64mm_handle/vitrual_link_2/visuals> (recomposing stage on stage @anon:0x6533d3be8570:World0.usd@ <0x6533d3bedb00>)

2026-08-07T17:53:36Z [9,537ms] [Warning] [omni.usd] Warning: in _ReportErrors at line 3172 of /builds/omniverse/usd-ci/USD/pxr/usd/usd/stage.cpp -- In </World/envs/env_51/LinkerHand/pinky_tip/visuals>: Unresolved reference prim path @/tmp/IsaacLab/usd_20260807_105335_548/configuration/linkerhand_l20_left_physics.usd@</visuals/pinky_tip> introduced by @/tmp/IsaacLab/usd_20260807_105335_548/configuration/linkerhand_l20_left_base.usd@</linkerhand_l20_left/pinky_tip/visuals> (recomposing stage on stage @anon:0x6533d3be8570:World0.usd@ <0x6533d3bedb00>)

2026-08-07T17:53:36Z [9,537ms] [Warning] [omni.usd] Warning: in _ReportErrors at line 3172 of /builds/omniverse/usd-ci/USD/pxr/usd/usd/stage.cpp -- In </World/envs/env_54/LinkerHand/index_tip/visuals>: Unresolved reference prim path @/tmp/IsaacLab/usd_20260807_105335_548/configuration/linkerhand_l20_left_physics.usd@</visuals/index_tip> introduced by @/tmp/IsaacLab/usd_20260807_105335_548/configuration/linkerhand_l20_left_base.usd@</linkerhand_l20_left/index_tip/visuals> (recomposing stage on stage @anon:0x6533d3be8570:World0.usd@ <0x6533d3bedb00>)

2026-08-07T17:53:36Z [9,537ms] [Warning] [omni.usd] Warning: in _ReportErrors at line 3172 of /builds/omniverse/usd-ci/USD/pxr/usd/usd/stage.cpp -- In </World/envs/env_51/LinkerHand/middle_tip/visuals>: Unresolved reference prim path @/tmp/IsaacLab/usd_20260807_105335_548/configuration/linkerhand_l20_left_physics.usd@</visuals/middle_tip> introduced by @/tmp/IsaacLab/usd_20260807_105335_548/configuration/linkerhand_l20_left_base.usd@</linkerhand_l20_left/middle_tip/visuals> (recomposing stage on stage @anon:0x6533d3be8570:World0.usd@ <0x6533d3bedb00>)

2026-08-07T17:53:36Z [9,537ms] [Warning] [omni.usd] Warning: in _ReportErrors at line 3172 of /builds/omniverse/usd-ci/USD/pxr/usd/usd/stage.cpp -- In </World/envs/env_53/LinkerHand/index_tip/visuals>: Unresolved reference prim path @/tmp/IsaacLab/usd_20260807_105335_548/configuration/linkerhand_l20_left_physics.usd@</visuals/index_tip> introduced by @/tmp/IsaacLab/usd_20260807_105335_548/configuration/linkerhand_l20_left_base.usd@</linkerhand_l20_left/index_tip/visuals> (recomposing stage on stage @anon:0x6533d3be8570:World0.usd@ <0x6533d3bedb00>)

2026-08-07T17:53:36Z [9,537ms] [Warning] [omni.usd] Warning: in _ReportErrors at line 3172 of /builds/omniverse/usd-ci/USD/pxr/usd/usd/stage.cpp -- In </World/envs/env_55/LinkerHand/index_tip/visuals>: Unresolved reference prim path @/tmp/IsaacLab/usd_20260807_105335_548/configuration/linkerhand_l20_left_physics.usd@</visuals/index_tip> introduced by @/tmp/IsaacLab/usd_20260807_105335_548/configuration/linkerhand_l20_left_base.usd@</linkerhand_l20_left/index_tip/visuals> (recomposing stage on stage @anon:0x6533d3be8570:World0.usd@ <0x6533d3bedb00>)

2026-08-07T17:53:36Z [9,537ms] [Warning] [omni.usd] Warning: in _ReportErrors at line 3172 of /builds/omniverse/usd-ci/USD/pxr/usd/usd/stage.cpp -- In </World/envs/env_97/LinkerHand/pinky_tip/visuals>: Unresolved reference prim path @/tmp/IsaacLab/usd_20260807_105335_548/configuration/linkerhand_l20_left_physics.usd@</visuals/pinky_tip> introduced by @/tmp/IsaacLab/usd_20260807_105335_548/configuration/linkerhand_l20_left_base.usd@</linkerhand_l20_left/pinky_tip/visuals> (recomposing stage on stage @anon:0x6533d3be8570:World0.usd@ <0x6533d3bedb00>)

2026-08-07T17:53:36Z [9,537ms] [Warning] [omni.usd] Warning: in _ReportErrors at line 3172 of /builds/omniverse/usd-ci/USD/pxr/usd/usd/stage.cpp -- In </World/envs/env_55/LinkerHand/ring_tip/visuals>: Unresolved reference prim path @/tmp/IsaacLab/usd_20260807_105335_548/configuration/linkerhand_l20_left_physics.usd@</visuals/ring_tip> introduced by @/tmp/IsaacLab/usd_20260807_105335_548/configuration/linkerhand_l20_left_base.usd@</linkerhand_l20_left/ring_tip/visuals> (recomposing stage on stage @anon:0x6533d3be8570:World0.usd@ <0x6533d3bedb00>)

2026-08-07T17:53:36Z [9,537ms] [Warning] [omni.usd] Warning: in _ReportErrors at line 3172 of /builds/omniverse/usd-ci/USD/pxr/usd/usd/stage.cpp -- In </World/envs/env_6/LinkerHand/thumb_tip/visuals>: Unresolved reference prim path @/tmp/IsaacLab/usd_20260807_105335_548/configuration/linkerhand_l20_left_physics.usd@</visuals/thumb_tip> introduced by @/tmp/IsaacLab/usd_20260807_105335_548/configuration/linkerhand_l20_left_base.usd@</linkerhand_l20_left/thumb_tip/visuals> (recomposing stage on stage @anon:0x6533d3be8570:World0.usd@ <0x6533d3bedb00>)

2026-08-07T17:53:36Z [9,537ms] [Warning] [omni.usd] Warning: in _ReportErrors at line 3172 of /builds/omniverse/usd-ci/USD/pxr/usd/usd/stage.cpp -- In </World/envs/env_58/LinkerHand/ring_tip/visuals>: Unresolved reference prim path @/tmp/IsaacLab/usd_20260807_105335_548/configuration/linkerhand_l20_left_physics.usd@</visuals/ring_tip> introduced by @/tmp/IsaacLab/usd_20260807_105335_548/configuration/linkerhand_l20_left_base.usd@</linkerhand_l20_left/ring_tip/visuals> (recomposing stage on stage @anon:0x6533d3be8570:World0.usd@ <0x6533d3bedb00>)

2026-08-07T17:53:36Z [9,537ms] [Warning] [omni.usd] Warning: in _ReportErrors at line 3172 of /builds/omniverse/usd-ci/USD/pxr/usd/usd/stage.cpp -- In </World/envs/env_60/Screwdriver/vitrual_link_1/visuals>: Unresolved reference prim path @/tmp/IsaacLab/usd_20260807_105335_5437/configuration/screwdriver_64mm_handle_physics.usd@</visuals/vitrual_link_1> introduced by @/tmp/IsaacLab/usd_20260807_105335_5437/configuration/screwdriver_64mm_handle_base.usd@</screwdriver_on_the_table_64mm_handle/vitrual_link_1/visuals> (recomposing stage on stage @anon:0x6533d3be8570:World0.usd@ <0x6533d3bedb00>)

2026-08-07T17:53:36Z [9,537ms] [Warning] [omni.usd] Warning: in _ReportErrors at line 3172 of /builds/omniverse/usd-ci/USD/pxr/usd/usd/stage.cpp -- In </World/envs/env_60/LinkerHand/thumb_tip/visuals>: Unresolved reference prim path @/tmp/IsaacLab/usd_20260807_105335_548/configuration/linkerhand_l20_left_physics.usd@</visuals/thumb_tip> introduced by @/tmp/IsaacLab/usd_20260807_105335_548/configuration/linkerhand_l20_left_base.usd@</linkerhand_l20_left/thumb_tip/visuals> (recomposing stage on stage @anon:0x6533d3be8570:World0.usd@ <0x6533d3bedb00>)

2026-08-07T17:53:36Z [9,537ms] [Warning] [omni.usd] Warning: in _ReportErrors at line 3172 of /builds/omniverse/usd-ci/USD/pxr/usd/usd/stage.cpp -- In </World/envs/env_61/Screwdriver/vitrual_link_2/visuals>: Unresolved reference prim path @/tmp/IsaacLab/usd_20260807_105335_5437/configuration/screwdriver_64mm_handle_physics.usd@</visuals/vitrual_link_2> introduced by @/tmp/IsaacLab/usd_20260807_105335_5437/configuration/screwdriver_64mm_handle_base.usd@</screwdriver_on_the_table_64mm_handle/vitrual_link_2/visuals> (recomposing stage on stage @anon:0x6533d3be8570:World0.usd@ <0x6533d3bedb00>)

2026-08-07T17:53:36Z [9,537ms] [Warning] [omni.usd] Warning: in _ReportErrors at line 3172 of /builds/omniverse/usd-ci/USD/pxr/usd/usd/stage.cpp -- In </World/envs/env_6/Screwdriver/vitrual_link_1/visuals>: Unresolved reference prim path @/tmp/IsaacLab/usd_20260807_105335_5437/configuration/screwdriver_64mm_handle_physics.usd@</visuals/vitrual_link_1> introduced by @/tmp/IsaacLab/usd_20260807_105335_5437/configuration/screwdriver_64mm_handle_base.usd@</screwdriver_on_the_table_64mm_handle/vitrual_link_1/visuals> (recomposing stage on stage @anon:0x6533d3be8570:World0.usd@ <0x6533d3bedb00>)

2026-08-07T17:53:36Z [9,537ms] [Warning] [omni.usd] Warning: in _ReportErrors at line 3172 of /builds/omniverse/usd-ci/USD/pxr/usd/usd/stage.cpp -- In </World/envs/env_59/LinkerHand/ring_tip/visuals>: Unresolved reference prim path @/tmp/IsaacLab/usd_20260807_105335_548/configuration/linkerhand_l20_left_physics.usd@</visuals/ring_tip> introduced by @/tmp/IsaacLab/usd_20260807_105335_548/configuration/linkerhand_l20_left_base.usd@</linkerhand_l20_left/ring_tip/visuals> (recomposing stage on stage @anon:0x6533d3be8570:World0.usd@ <0x6533d3bedb00>)

2026-08-07T17:53:36Z [9,537ms] [Warning] [omni.usd] Warning: in _ReportErrors at line 3172 of /builds/omniverse/usd-ci/USD/pxr/usd/usd/stage.cpp -- In </World/envs/env_61/LinkerHand/thumb_tip/visuals>: Unresolved reference prim path @/tmp/IsaacLab/usd_20260807_105335_548/configuration/linkerhand_l20_left_physics.usd@</visuals/thumb_tip> introduced by @/tmp/IsaacLab/usd_20260807_105335_548/configuration/linkerhand_l20_left_base.usd@</linkerhand_l20_left/thumb_tip/visuals> (recomposing stage on stage @anon:0x6533d3be8570:World0.usd@ <0x6533d3bedb00>)

2026-08-07T17:53:36Z [9,537ms] [Warning] [omni.usd] Warning: in _ReportErrors at line 3172 of /builds/omniverse/usd-ci/USD/pxr/usd/usd/stage.cpp -- In </World/envs/env_61/Screwdriver/vitrual_link_1/visuals>: Unresolved reference prim path @/tmp/IsaacLab/usd_20260807_105335_5437/configuration/screwdriver_64mm_handle_physics.usd@</visuals/vitrual_link_1> introduced by @/tmp/IsaacLab/usd_20260807_105335_5437/configuration/screwdriver_64mm_handle_base.usd@</screwdriver_on_the_table_64mm_handle/vitrual_link_1/visuals> (recomposing stage on stage @anon:0x6533d3be8570:World0.usd@ <0x6533d3bedb00>)

2026-08-07T17:53:36Z [9,537ms] [Warning] [omni.usd] Warning: in _ReportErrors at line 3172 of /builds/omniverse/usd-ci/USD/pxr/usd/usd/stage.cpp -- In </World/envs/env_60/Screwdriver/vitrual_link_2/visuals>: Unresolved reference prim path @/tmp/IsaacLab/usd_20260807_105335_5437/configuration/screwdriver_64mm_handle_physics.usd@</visuals/vitrual_link_2> introduced by @/tmp/IsaacLab/usd_20260807_105335_5437/configuration/screwdriver_64mm_handle_base.usd@</screwdriver_on_the_table_64mm_handle/vitrual_link_2/visuals> (recomposing stage on stage @anon:0x6533d3be8570:World0.usd@ <0x6533d3bedb00>)

2026-08-07T17:53:36Z [9,537ms] [Warning] [omni.usd] Warning: in _ReportErrors at line 3172 of /builds/omniverse/usd-ci/USD/pxr/usd/usd/stage.cpp -- In </World/envs/env_56/LinkerHand/pinky_tip/visuals>: Unresolved reference prim path @/tmp/IsaacLab/usd_20260807_105335_548/configuration/linkerhand_l20_left_physics.usd@</visuals/pinky_tip> introduced by @/tmp/IsaacLab/usd_20260807_105335_548/configuration/linkerhand_l20_left_base.usd@</linkerhand_l20_left/pinky_tip/visuals> (recomposing stage on stage @anon:0x6533d3be8570:World0.usd@ <0x6533d3bedb00>)

2026-08-07T17:53:36Z [9,537ms] [Warning] [omni.usd] Warning: in _ReportErrors at line 3172 of /builds/omniverse/usd-ci/USD/pxr/usd/usd/stage.cpp -- In </World/envs/env_53/LinkerHand/pinky_tip/visuals>: Unresolved reference prim path @/tmp/IsaacLab/usd_20260807_105335_548/configuration/linkerhand_l20_left_physics.usd@</visuals/pinky_tip> introduced by @/tmp/IsaacLab/usd_20260807_105335_548/configuration/linkerhand_l20_left_base.usd@</linkerhand_l20_left/pinky_tip/visuals> (recomposing stage on stage @anon:0x6533d3be8570:World0.usd@ <0x6533d3bedb00>)

2026-08-07T17:53:36Z [9,537ms] [Warning] [omni.usd] Warning: in _ReportErrors at line 3172 of /builds/omniverse/usd-ci/USD/pxr/usd/usd/stage.cpp -- In </World/envs/env_6/Screwdriver/vitrual_link_2/visuals>: Unresolved reference prim path @/tmp/IsaacLab/usd_20260807_105335_5437/configuration/screwdriver_64mm_handle_physics.usd@</visuals/vitrual_link_2> introduced by @/tmp/IsaacLab/usd_20260807_105335_5437/configuration/screwdriver_64mm_handle_base.usd@</screwdriver_on_the_table_64mm_handle/vitrual_link_2/visuals> (recomposing stage on stage @anon:0x6533d3be8570:World0.usd@ <0x6533d3bedb00>)

2026-08-07T17:53:36Z [9,537ms] [Warning] [omni.usd] Warning: in _ReportErrors at line 3172 of /builds/omniverse/usd-ci/USD/pxr/usd/usd/stage.cpp -- In </World/envs/env_54/LinkerHand/pinky_tip/visuals>: Unresolved reference prim path @/tmp/IsaacLab/usd_20260807_105335_548/configuration/linkerhand_l20_left_physics.usd@</visuals/pinky_tip> introduced by @/tmp/IsaacLab/usd_20260807_105335_548/configuration/linkerhand_l20_left_base.usd@</linkerhand_l20_left/pinky_tip/visuals> (recomposing stage on stage @anon:0x6533d3be8570:World0.usd@ <0x6533d3bedb00>)

2026-08-07T17:53:36Z [9,537ms] [Warning] [omni.usd] Warning: in _ReportErrors at line 3172 of /builds/omniverse/usd-ci/USD/pxr/usd/usd/stage.cpp -- In </World/envs/env_55/LinkerHand/pinky_tip/visuals>: Unresolved reference prim path @/tmp/IsaacLab/usd_20260807_105335_548/configuration/linkerhand_l20_left_physics.usd@</visuals/pinky_tip> introduced by @/tmp/IsaacLab/usd_20260807_105335_548/configuration/linkerhand_l20_left_base.usd@</linkerhand_l20_left/pinky_tip/visuals> (recomposing stage on stage @anon:0x6533d3be8570:World0.usd@ <0x6533d3bedb00>)

2026-08-07T17:53:36Z [9,537ms] [Warning] [omni.usd] Warning: in _ReportErrors at line 3172 of /builds/omniverse/usd-ci/USD/pxr/usd/usd/stage.cpp -- In </World/envs/env_57/LinkerHand/index_tip/visuals>: Unresolved reference prim path @/tmp/IsaacLab/usd_20260807_105335_548/configuration/linkerhand_l20_left_physics.usd@</visuals/index_tip> introduced by @/tmp/IsaacLab/usd_20260807_105335_548/configuration/linkerhand_l20_left_base.usd@</linkerhand_l20_left/index_tip/visuals> (recomposing stage on stage @anon:0x6533d3be8570:World0.usd@ <0x6533d3bedb00>)

2026-08-07T17:53:36Z [9,537ms] [Warning] [omni.usd] Warning: in _ReportErrors at line 3172 of /builds/omniverse/usd-ci/USD/pxr/usd/usd/stage.cpp -- In </World/envs/env_97/LinkerHand/middle_tip/visuals>: Unresolved reference prim path @/tmp/IsaacLab/usd_20260807_105335_548/configuration/linkerhand_l20_left_physics.usd@</visuals/middle_tip> introduced by @/tmp/IsaacLab/usd_20260807_105335_548/configuration/linkerhand_l20_left_base.usd@</linkerhand_l20_left/middle_tip/visuals> (recomposing stage on stage @anon:0x6533d3be8570:World0.usd@ <0x6533d3bedb00>)

2026-08-07T17:53:36Z [9,537ms] [Warning] [omni.usd] Warning: in _ReportErrors at line 3172 of /builds/omniverse/usd-ci/USD/pxr/usd/usd/stage.cpp -- In </World/envs/env_52/LinkerHand/pinky_tip/visuals>: Unresolved reference prim path @/tmp/IsaacLab/usd_20260807_105335_548/configuration/linkerhand_l20_left_physics.usd@</visuals/pinky_tip> introduced by @/tmp/IsaacLab/usd_20260807_105335_548/configuration/linkerhand_l20_left_base.usd@</linkerhand_l20_left/pinky_tip/visuals> (recomposing stage on stage @anon:0x6533d3be8570:World0.usd@ <0x6533d3bedb00>)

2026-08-07T17:53:36Z [9,537ms] [Warning] [omni.usd] Warning: in _ReportErrors at line 3172 of /builds/omniverse/usd-ci/USD/pxr/usd/usd/stage.cpp -- In </World/envs/env_62/Screwdriver/vitrual_link_2/visuals>: Unresolved reference prim path @/tmp/IsaacLab/usd_20260807_105335_5437/configuration/screwdriver_64mm_handle_physics.usd@</visuals/vitrual_link_2> introduced by @/tmp/IsaacLab/usd_20260807_105335_5437/configuration/screwdriver_64mm_handle_base.usd@</screwdriver_on_the_table_64mm_handle/vitrual_link_2/visuals> (recomposing stage on stage @anon:0x6533d3be8570:World0.usd@ <0x6533d3bedb00>)

2026-08-07T17:53:36Z [9,537ms] [Warning] [omni.usd] Warning: in _ReportErrors at line 3172 of /builds/omniverse/usd-ci/USD/pxr/usd/usd/stage.cpp -- In </World/envs/env_57/LinkerHand/ring_tip/visuals>: Unresolved reference prim path @/tmp/IsaacLab/usd_20260807_105335_548/configuration/linkerhand_l20_left_physics.usd@</visuals/ring_tip> introduced by @/tmp/IsaacLab/usd_20260807_105335_548/configuration/linkerhand_l20_left_base.usd@</linkerhand_l20_left/ring_tip/visuals> (recomposing stage on stage @anon:0x6533d3be8570:World0.usd@ <0x6533d3bedb00>)

2026-08-07T17:53:36Z [9,537ms] [Warning] [omni.usd] Warning: in _ReportErrors at line 3172 of /builds/omniverse/usd-ci/USD/pxr/usd/usd/stage.cpp -- In </World/envs/env_59/LinkerHand/pinky_tip/visuals>: Unresolved reference prim path @/tmp/IsaacLab/usd_20260807_105335_548/configuration/linkerhand_l20_left_physics.usd@</visuals/pinky_tip> introduced by @/tmp/IsaacLab/usd_20260807_105335_548/configuration/linkerhand_l20_left_base.usd@</linkerhand_l20_left/pinky_tip/visuals> (recomposing stage on stage @anon:0x6533d3be8570:World0.usd@ <0x6533d3bedb00>)

2026-08-07T17:53:36Z [9,537ms] [Warning] [omni.usd] Warning: in _ReportErrors at line 3172 of /builds/omniverse/usd-ci/USD/pxr/usd/usd/stage.cpp -- In </World/envs/env_54/LinkerHand/middle_tip/visuals>: Unresolved reference prim path @/tmp/IsaacLab/usd_20260807_105335_548/configuration/linkerhand_l20_left_physics.usd@</visuals/middle_tip> introduced by @/tmp/IsaacLab/usd_20260807_105335_548/configuration/linkerhand_l20_left_base.usd@</linkerhand_l20_left/middle_tip/visuals> (recomposing stage on stage @anon:0x6533d3be8570:World0.usd@ <0x6533d3bedb00>)

2026-08-07T17:53:36Z [9,537ms] [Warning] [omni.usd] Warning: in _ReportErrors at line 3172 of /builds/omniverse/usd-ci/USD/pxr/usd/usd/stage.cpp -- In </World/envs/env_64/Screwdriver/vitrual_link_2/visuals>: Unresolved reference prim path @/tmp/IsaacLab/usd_20260807_105335_5437/configuration/screwdriver_64mm_handle_physics.usd@</visuals/vitrual_link_2> introduced by @/tmp/IsaacLab/usd_20260807_105335_5437/configuration/screwdriver_64mm_handle_base.usd@</screwdriver_on_the_table_64mm_handle/vitrual_link_2/visuals> (recomposing stage on stage @anon:0x6533d3be8570:World0.usd@ <0x6533d3bedb00>)

2026-08-07T17:53:36Z [9,537ms] [Warning] [omni.usd] Warning: in _ReportErrors at line 3172 of /builds/omniverse/usd-ci/USD/pxr/usd/usd/stage.cpp -- In </World/envs/env_64/Screwdriver/vitrual_link_1/visuals>: Unresolved reference prim path @/tmp/IsaacLab/usd_20260807_105335_5437/configuration/screwdriver_64mm_handle_physics.usd@</visuals/vitrual_link_1> introduced by @/tmp/IsaacLab/usd_20260807_105335_5437/configuration/screwdriver_64mm_handle_base.usd@</screwdriver_on_the_table_64mm_handle/vitrual_link_1/visuals> (recomposing stage on stage @anon:0x6533d3be8570:World0.usd@ <0x6533d3bedb00>)

2026-08-07T17:53:36Z [9,537ms] [Warning] [omni.usd] Warning: in _ReportErrors at line 3172 of /builds/omniverse/usd-ci/USD/pxr/usd/usd/stage.cpp -- In </World/envs/env_58/LinkerHand/index_tip/visuals>: Unresolved reference prim path @/tmp/IsaacLab/usd_20260807_105335_548/configuration/linkerhand_l20_left_physics.usd@</visuals/index_tip> introduced by @/tmp/IsaacLab/usd_20260807_105335_548/configuration/linkerhand_l20_left_base.usd@</linkerhand_l20_left/index_tip/visuals> (recomposing stage on stage @anon:0x6533d3be8570:World0.usd@ <0x6533d3bedb00>)

2026-08-07T17:53:36Z [9,537ms] [Warning] [omni.usd] Warning: in _ReportErrors at line 3172 of /builds/omniverse/usd-ci/USD/pxr/usd/usd/stage.cpp -- In </World/envs/env_63/LinkerHand/thumb_tip/visuals>: Unresolved reference prim path @/tmp/IsaacLab/usd_20260807_105335_548/configuration/linkerhand_l20_left_physics.usd@</visuals/thumb_tip> introduced by @/tmp/IsaacLab/usd_20260807_105335_548/configuration/linkerhand_l20_left_base.usd@</linkerhand_l20_left/thumb_tip/visuals> (recomposing stage on stage @anon:0x6533d3be8570:World0.usd@ <0x6533d3bedb00>)

2026-08-07T17:53:36Z [9,537ms] [Warning] [omni.usd] Warning: in _ReportErrors at line 3172 of /builds/omniverse/usd-ci/USD/pxr/usd/usd/stage.cpp -- In </World/envs/env_62/LinkerHand/thumb_tip/visuals>: Unresolved reference prim path @/tmp/IsaacLab/usd_20260807_105335_548/configuration/linkerhand_l20_left_physics.usd@</visuals/thumb_tip> introduced by @/tmp/IsaacLab/usd_20260807_105335_548/configuration/linkerhand_l20_left_base.usd@</linkerhand_l20_left/thumb_tip/visuals> (recomposing stage on stage @anon:0x6533d3be8570:World0.usd@ <0x6533d3bedb00>)

2026-08-07T17:53:36Z [9,537ms] [Warning] [omni.usd] Warning: in _ReportErrors at line 3172 of /builds/omniverse/usd-ci/USD/pxr/usd/usd/stage.cpp -- In </World/envs/env_63/Screwdriver/vitrual_link_2/visuals>: Unresolved reference prim path @/tmp/IsaacLab/usd_20260807_105335_5437/configuration/screwdriver_64mm_handle_physics.usd@</visuals/vitrual_link_2> introduced by @/tmp/IsaacLab/usd_20260807_105335_5437/configuration/screwdriver_64mm_handle_base.usd@</screwdriver_on_the_table_64mm_handle/vitrual_link_2/visuals> (recomposing stage on stage @anon:0x6533d3be8570:World0.usd@ <0x6533d3bedb00>)

2026-08-07T17:53:36Z [9,537ms] [Warning] [omni.usd] Warning: in _ReportErrors at line 3172 of /builds/omniverse/usd-ci/USD/pxr/usd/usd/stage.cpp -- In </World/envs/env_58/LinkerHand/pinky_tip/visuals>: Unresolved reference prim path @/tmp/IsaacLab/usd_20260807_105335_548/configuration/linkerhand_l20_left_physics.usd@</visuals/pinky_tip> introduced by @/tmp/IsaacLab/usd_20260807_105335_548/configuration/linkerhand_l20_left_base.usd@</linkerhand_l20_left/pinky_tip/visuals> (recomposing stage on stage @anon:0x6533d3be8570:World0.usd@ <0x6533d3bedb00>)

2026-08-07T17:53:36Z [9,537ms] [Warning] [omni.usd] Warning: in _ReportErrors at line 3172 of /builds/omniverse/usd-ci/USD/pxr/usd/usd/stage.cpp -- In </World/envs/env_65/LinkerHand/thumb_tip/visuals>: Unresolved reference prim path @/tmp/IsaacLab/usd_20260807_105335_548/configuration/linkerhand_l20_left_physics.usd@</visuals/thumb_tip> introduced by @/tmp/IsaacLab/usd_20260807_105335_548/configuration/linkerhand_l20_left_base.usd@</linkerhand_l20_left/thumb_tip/visuals> (recomposing stage on stage @anon:0x6533d3be8570:World0.usd@ <0x6533d3bedb00>)

2026-08-07T17:53:36Z [9,537ms] [Warning] [omni.usd] Warning: in _ReportErrors at line 3172 of /builds/omniverse/usd-ci/USD/pxr/usd/usd/stage.cpp -- In </World/envs/env_62/Screwdriver/vitrual_link_1/visuals>: Unresolved reference prim path @/tmp/IsaacLab/usd_20260807_105335_5437/configuration/screwdriver_64mm_handle_physics.usd@</visuals/vitrual_link_1> introduced by @/tmp/IsaacLab/usd_20260807_105335_5437/configuration/screwdriver_64mm_handle_base.usd@</screwdriver_on_the_table_64mm_handle/vitrual_link_1/visuals> (recomposing stage on stage @anon:0x6533d3be8570:World0.usd@ <0x6533d3bedb00>)

2026-08-07T17:53:36Z [9,537ms] [Warning] [omni.usd] Warning: in _ReportErrors at line 3172 of /builds/omniverse/usd-ci/USD/pxr/usd/usd/stage.cpp -- In </World/envs/env_60/LinkerHand/index_tip/visuals>: Unresolved reference prim path @/tmp/IsaacLab/usd_20260807_105335_548/configuration/linkerhand_l20_left_physics.usd@</visuals/index_tip> introduced by @/tmp/IsaacLab/usd_20260807_105335_548/configuration/linkerhand_l20_left_base.usd@</linkerhand_l20_left/index_tip/visuals> (recomposing stage on stage @anon:0x6533d3be8570:World0.usd@ <0x6533d3bedb00>)

2026-08-07T17:53:36Z [9,537ms] [Warning] [omni.usd] Warning: in _ReportErrors at line 3172 of /builds/omniverse/usd-ci/USD/pxr/usd/usd/stage.cpp -- In </World/envs/env_64/LinkerHand/thumb_tip/visuals>: Unresolved reference prim path @/tmp/IsaacLab/usd_20260807_105335_548/configuration/linkerhand_l20_left_physics.usd@</visuals/thumb_tip> introduced by @/tmp/IsaacLab/usd_20260807_105335_548/configuration/linkerhand_l20_left_base.usd@</linkerhand_l20_left/thumb_tip/visuals> (recomposing stage on stage @anon:0x6533d3be8570:World0.usd@ <0x6533d3bedb00>)

2026-08-07T17:53:36Z [9,537ms] [Warning] [omni.usd] Warning: in _ReportErrors at line 3172 of /builds/omniverse/usd-ci/USD/pxr/usd/usd/stage.cpp -- In </World/envs/env_63/Screwdriver/vitrual_link_1/visuals>: Unresolved reference prim path @/tmp/IsaacLab/usd_20260807_105335_5437/configuration/screwdriver_64mm_handle_physics.usd@</visuals/vitrual_link_1> introduced by @/tmp/IsaacLab/usd_20260807_105335_5437/configuration/screwdriver_64mm_handle_base.usd@</screwdriver_on_the_table_64mm_handle/vitrual_link_1/visuals> (recomposing stage on stage @anon:0x6533d3be8570:World0.usd@ <0x6533d3bedb00>)

2026-08-07T17:53:36Z [9,537ms] [Warning] [omni.usd] Warning: in _ReportErrors at line 3172 of /builds/omniverse/usd-ci/USD/pxr/usd/usd/stage.cpp -- In </World/envs/env_56/LinkerHand/middle_tip/visuals>: Unresolved reference prim path @/tmp/IsaacLab/usd_20260807_105335_548/configuration/linkerhand_l20_left_physics.usd@</visuals/middle_tip> introduced by @/tmp/IsaacLab/usd_20260807_105335_548/configuration/linkerhand_l20_left_base.usd@</linkerhand_l20_left/middle_tip/visuals> (recomposing stage on stage @anon:0x6533d3be8570:World0.usd@ <0x6533d3bedb00>)

2026-08-07T17:53:36Z [9,537ms] [Warning] [omni.usd] Warning: in _ReportErrors at line 3172 of /builds/omniverse/usd-ci/USD/pxr/usd/usd/stage.cpp -- In </World/envs/env_6/LinkerHand/ring_tip/visuals>: Unresolved reference prim path @/tmp/IsaacLab/usd_20260807_105335_548/configuration/linkerhand_l20_left_physics.usd@</visuals/ring_tip> introduced by @/tmp/IsaacLab/usd_20260807_105335_548/configuration/linkerhand_l20_left_base.usd@</linkerhand_l20_left/ring_tip/visuals> (recomposing stage on stage @anon:0x6533d3be8570:World0.usd@ <0x6533d3bedb00>)

2026-08-07T17:53:36Z [9,537ms] [Warning] [omni.usd] Warning: in _ReportErrors at line 3172 of /builds/omniverse/usd-ci/USD/pxr/usd/usd/stage.cpp -- In </World/envs/env_53/LinkerHand/middle_tip/visuals>: Unresolved reference prim path @/tmp/IsaacLab/usd_20260807_105335_548/configuration/linkerhand_l20_left_physics.usd@</visuals/middle_tip> introduced by @/tmp/IsaacLab/usd_20260807_105335_548/configuration/linkerhand_l20_left_base.usd@</linkerhand_l20_left/middle_tip/visuals> (recomposing stage on stage @anon:0x6533d3be8570:World0.usd@ <0x6533d3bedb00>)

2026-08-07T17:53:36Z [9,537ms] [Warning] [omni.usd] Warning: in _ReportErrors at line 3172 of /builds/omniverse/usd-ci/USD/pxr/usd/usd/stage.cpp -- In </World/envs/env_65/Screwdriver/vitrual_link_2/visuals>: Unresolved reference prim path @/tmp/IsaacLab/usd_20260807_105335_5437/configuration/screwdriver_64mm_handle_physics.usd@</visuals/vitrual_link_2> introduced by @/tmp/IsaacLab/usd_20260807_105335_5437/configuration/screwdriver_64mm_handle_base.usd@</screwdriver_on_the_table_64mm_handle/vitrual_link_2/visuals> (recomposing stage on stage @anon:0x6533d3be8570:World0.usd@ <0x6533d3bedb00>)

2026-08-07T17:53:36Z [9,537ms] [Warning] [omni.usd] Warning: in _ReportErrors at line 3172 of /builds/omniverse/usd-ci/USD/pxr/usd/usd/stage.cpp -- In </World/envs/env_55/LinkerHand/middle_tip/visuals>: Unresolved reference prim path @/tmp/IsaacLab/usd_20260807_105335_548/configuration/linkerhand_l20_left_physics.usd@</visuals/middle_tip> introduced by @/tmp/IsaacLab/usd_20260807_105335_548/configuration/linkerhand_l20_left_base.usd@</linkerhand_l20_left/middle_tip/visuals> (recomposing stage on stage @anon:0x6533d3be8570:World0.usd@ <0x6533d3bedb00>)

2026-08-07T17:53:36Z [9,537ms] [Warning] [omni.usd] Warning: in _ReportErrors at line 3172 of /builds/omniverse/usd-ci/USD/pxr/usd/usd/stage.cpp -- In </World/envs/env_60/LinkerHand/ring_tip/visuals>: Unresolved reference prim path @/tmp/IsaacLab/usd_20260807_105335_548/configuration/linkerhand_l20_left_physics.usd@</visuals/ring_tip> introduced by @/tmp/IsaacLab/usd_20260807_105335_548/configuration/linkerhand_l20_left_base.usd@</linkerhand_l20_left/ring_tip/visuals> (recomposing stage on stage @anon:0x6533d3be8570:World0.usd@ <0x6533d3bedb00>)

2026-08-07T17:53:36Z [9,537ms] [Warning] [omni.usd] Warning: in _ReportErrors at line 3172 of /builds/omniverse/usd-ci/USD/pxr/usd/usd/stage.cpp -- In </World/envs/env_56/LinkerHand/index_tip/visuals>: Unresolved reference prim path @/tmp/IsaacLab/usd_20260807_105335_548/configuration/linkerhand_l20_left_physics.usd@</visuals/index_tip> introduced by @/tmp/IsaacLab/usd_20260807_105335_548/configuration/linkerhand_l20_left_base.usd@</linkerhand_l20_left/index_tip/visuals> (recomposing stage on stage @anon:0x6533d3be8570:World0.usd@ <0x6533d3bedb00>)

2026-08-07T17:53:36Z [9,537ms] [Warning] [omni.usd] Warning: in _ReportErrors at line 3172 of /builds/omniverse/usd-ci/USD/pxr/usd/usd/stage.cpp -- In </World/envs/env_61/LinkerHand/ring_tip/visuals>: Unresolved reference prim path @/tmp/IsaacLab/usd_20260807_105335_548/configuration/linkerhand_l20_left_physics.usd@</visuals/ring_tip> introduced by @/tmp/IsaacLab/usd_20260807_105335_548/configuration/linkerhand_l20_left_base.usd@</linkerhand_l20_left/ring_tip/visuals> (recomposing stage on stage @anon:0x6533d3be8570:World0.usd@ <0x6533d3bedb00>)

2026-08-07T17:53:36Z [9,537ms] [Warning] [omni.usd] Warning: in _ReportErrors at line 3172 of /builds/omniverse/usd-ci/USD/pxr/usd/usd/stage.cpp -- In </World/envs/env_65/Screwdriver/vitrual_link_1/visuals>: Unresolved reference prim path @/tmp/IsaacLab/usd_20260807_105335_5437/configuration/screwdriver_64mm_handle_physics.usd@</visuals/vitrual_link_1> introduced by @/tmp/IsaacLab/usd_20260807_105335_5437/configuration/screwdriver_64mm_handle_base.usd@</screwdriver_on_the_table_64mm_handle/vitrual_link_1/visuals> (recomposing stage on stage @anon:0x6533d3be8570:World0.usd@ <0x6533d3bedb00>)

2026-08-07T17:53:36Z [9,537ms] [Warning] [omni.usd] Warning: in _ReportErrors at line 3172 of /builds/omniverse/usd-ci/USD/pxr/usd/usd/stage.cpp -- In </World/envs/env_63/LinkerHand/ring_tip/visuals>: Unresolved reference prim path @/tmp/IsaacLab/usd_20260807_105335_548/configuration/linkerhand_l20_left_physics.usd@</visuals/ring_tip> introduced by @/tmp/IsaacLab/usd_20260807_105335_548/configuration/linkerhand_l20_left_base.usd@</linkerhand_l20_left/ring_tip/visuals> (recomposing stage on stage @anon:0x6533d3be8570:World0.usd@ <0x6533d3bedb00>)

2026-08-07T17:53:36Z [9,537ms] [Warning] [omni.usd] Warning: in _ReportErrors at line 3172 of /builds/omniverse/usd-ci/USD/pxr/usd/usd/stage.cpp -- In </World/envs/env_59/LinkerHand/index_tip/visuals>: Unresolved reference prim path @/tmp/IsaacLab/usd_20260807_105335_548/configuration/linkerhand_l20_left_physics.usd@</visuals/index_tip> introduced by @/tmp/IsaacLab/usd_20260807_105335_548/configuration/linkerhand_l20_left_base.usd@</linkerhand_l20_left/index_tip/visuals> (recomposing stage on stage @anon:0x6533d3be8570:World0.usd@ <0x6533d3bedb00>)

2026-08-07T17:53:36Z [9,537ms] [Warning] [omni.usd] Warning: in _ReportErrors at line 3172 of /builds/omniverse/usd-ci/USD/pxr/usd/usd/stage.cpp -- In </World/envs/env_52/LinkerHand/middle_tip/visuals>: Unresolved reference prim path @/tmp/IsaacLab/usd_20260807_105335_548/configuration/linkerhand_l20_left_physics.usd@</visuals/middle_tip> introduced by @/tmp/IsaacLab/usd_20260807_105335_548/configuration/linkerhand_l20_left_base.usd@</linkerhand_l20_left/middle_tip/visuals> (recomposing stage on stage @anon:0x6533d3be8570:World0.usd@ <0x6533d3bedb00>)

2026-08-07T17:53:36Z [9,537ms] [Warning] [omni.usd] Warning: in _ReportErrors at line 3172 of /builds/omniverse/usd-ci/USD/pxr/usd/usd/stage.cpp -- In </World/envs/env_97/LinkerHand/index_tip/visuals>: Unresolved reference prim path @/tmp/IsaacLab/usd_20260807_105335_548/configuration/linkerhand_l20_left_physics.usd@</visuals/index_tip> introduced by @/tmp/IsaacLab/usd_20260807_105335_548/configuration/linkerhand_l20_left_base.usd@</linkerhand_l20_left/index_tip/visuals> (recomposing stage on stage @anon:0x6533d3be8570:World0.usd@ <0x6533d3bedb00>)

2026-08-07T17:53:36Z [9,537ms] [Warning] [omni.usd] Warning: in _ReportErrors at line 3172 of /builds/omniverse/usd-ci/USD/pxr/usd/usd/stage.cpp -- In </World/envs/env_60/LinkerHand/middle_tip/visuals>: Unresolved reference prim path @/tmp/IsaacLab/usd_20260807_105335_548/configuration/linkerhand_l20_left_physics.usd@</visuals/middle_tip> introduced by @/tmp/IsaacLab/usd_20260807_105335_548/configuration/linkerhand_l20_left_base.usd@</linkerhand_l20_left/middle_tip/visuals> (recomposing stage on stage @anon:0x6533d3be8570:World0.usd@ <0x6533d3bedb00>)

2026-08-07T17:53:36Z [9,537ms] [Warning] [omni.usd] Warning: in _ReportErrors at line 3172 of /builds/omniverse/usd-ci/USD/pxr/usd/usd/stage.cpp -- In </World/envs/env_57/LinkerHand/middle_tip/visuals>: Unresolved reference prim path @/tmp/IsaacLab/usd_20260807_105335_548/configuration/linkerhand_l20_left_physics.usd@</visuals/middle_tip> introduced by @/tmp/IsaacLab/usd_20260807_105335_548/configuration/linkerhand_l20_left_base.usd@</linkerhand_l20_left/middle_tip/visuals> (recomposing stage on stage @anon:0x6533d3be8570:World0.usd@ <0x6533d3bedb00>)

2026-08-07T17:53:36Z [9,537ms] [Warning] [omni.usd] Warning: in _ReportErrors at line 3172 of /builds/omniverse/usd-ci/USD/pxr/usd/usd/stage.cpp -- In </World/envs/env_62/LinkerHand/ring_tip/visuals>: Unresolved reference prim path @/tmp/IsaacLab/usd_20260807_105335_548/configuration/linkerhand_l20_left_physics.usd@</visuals/ring_tip> introduced by @/tmp/IsaacLab/usd_20260807_105335_548/configuration/linkerhand_l20_left_base.usd@</linkerhand_l20_left/ring_tip/visuals> (recomposing stage on stage @anon:0x6533d3be8570:World0.usd@ <0x6533d3bedb00>)

2026-08-07T17:53:36Z [9,537ms] [Warning] [omni.usd] Warning: in _ReportErrors at line 3172 of /builds/omniverse/usd-ci/USD/pxr/usd/usd/stage.cpp -- In </World/envs/env_65/LinkerHand/ring_tip/visuals>: Unresolved reference prim path @/tmp/IsaacLab/usd_20260807_105335_548/configuration/linkerhand_l20_left_physics.usd@</visuals/ring_tip> introduced by @/tmp/IsaacLab/usd_20260807_105335_548/configuration/linkerhand_l20_left_base.usd@</linkerhand_l20_left/ring_tip/visuals> (recomposing stage on stage @anon:0x6533d3be8570:World0.usd@ <0x6533d3bedb00>)

2026-08-07T17:53:36Z [9,537ms] [Warning] [omni.usd] Warning: in _ReportErrors at line 3172 of /builds/omniverse/usd-ci/USD/pxr/usd/usd/stage.cpp -- In </World/envs/env_57/LinkerHand/pinky_tip/visuals>: Unresolved reference prim path @/tmp/IsaacLab/usd_20260807_105335_548/configuration/linkerhand_l20_left_physics.usd@</visuals/pinky_tip> introduced by @/tmp/IsaacLab/usd_20260807_105335_548/configuration/linkerhand_l20_left_base.usd@</linkerhand_l20_left/pinky_tip/visuals> (recomposing stage on stage @anon:0x6533d3be8570:World0.usd@ <0x6533d3bedb00>)

2026-08-07T17:53:36Z [9,537ms] [Warning] [omni.usd] Warning: in _ReportErrors at line 3172 of /builds/omniverse/usd-ci/USD/pxr/usd/usd/stage.cpp -- In </World/envs/env_58/LinkerHand/middle_tip/visuals>: Unresolved reference prim path @/tmp/IsaacLab/usd_20260807_105335_548/configuration/linkerhand_l20_left_physics.usd@</visuals/middle_tip> introduced by @/tmp/IsaacLab/usd_20260807_105335_548/configuration/linkerhand_l20_left_base.usd@</linkerhand_l20_left/middle_tip/visuals> (recomposing stage on stage @anon:0x6533d3be8570:World0.usd@ <0x6533d3bedb00>)

2026-08-07T17:53:36Z [9,537ms] [Warning] [omni.usd] Warning: in _ReportErrors at line 3172 of /builds/omniverse/usd-ci/USD/pxr/usd/usd/stage.cpp -- In </World/envs/env_59/LinkerHand/middle_tip/visuals>: Unresolved reference prim path @/tmp/IsaacLab/usd_20260807_105335_548/configuration/linkerhand_l20_left_physics.usd@</visuals/middle_tip> introduced by @/tmp/IsaacLab/usd_20260807_105335_548/configuration/linkerhand_l20_left_base.usd@</linkerhand_l20_left/middle_tip/visuals> (recomposing stage on stage @anon:0x6533d3be8570:World0.usd@ <0x6533d3bedb00>)

2026-08-07T17:53:36Z [9,537ms] [Warning] [omni.usd] Warning: in _ReportErrors at line 3172 of /builds/omniverse/usd-ci/USD/pxr/usd/usd/stage.cpp -- In </World/envs/env_64/LinkerHand/index_tip/visuals>: Unresolved reference prim path @/tmp/IsaacLab/usd_20260807_105335_548/configuration/linkerhand_l20_left_physics.usd@</visuals/index_tip> introduced by @/tmp/IsaacLab/usd_20260807_105335_548/configuration/linkerhand_l20_left_base.usd@</linkerhand_l20_left/index_tip/visuals> (recomposing stage on stage @anon:0x6533d3be8570:World0.usd@ <0x6533d3bedb00>)

2026-08-07T17:53:36Z [9,537ms] [Warning] [omni.usd] Warning: in _ReportErrors at line 3172 of /builds/omniverse/usd-ci/USD/pxr/usd/usd/stage.cpp -- In </World/envs/env_6/LinkerHand/index_tip/visuals>: Unresolved reference prim path @/tmp/IsaacLab/usd_20260807_105335_548/configuration/linkerhand_l20_left_physics.usd@</visuals/index_tip> introduced by @/tmp/IsaacLab/usd_20260807_105335_548/configuration/linkerhand_l20_left_base.usd@</linkerhand_l20_left/index_tip/visuals> (recomposing stage on stage @anon:0x6533d3be8570:World0.usd@ <0x6533d3bedb00>)

2026-08-07T17:53:36Z [9,537ms] [Warning] [omni.usd] Warning: in _ReportErrors at line 3172 of /builds/omniverse/usd-ci/USD/pxr/usd/usd/stage.cpp -- In </World/envs/env_65/LinkerHand/index_tip/visuals>: Unresolved reference prim path @/tmp/IsaacLab/usd_20260807_105335_548/configuration/linkerhand_l20_left_physics.usd@</visuals/index_tip> introduced by @/tmp/IsaacLab/usd_20260807_105335_548/configuration/linkerhand_l20_left_base.usd@</linkerhand_l20_left/index_tip/visuals> (recomposing stage on stage @anon:0x6533d3be8570:World0.usd@ <0x6533d3bedb00>)

2026-08-07T17:53:36Z [9,537ms] [Warning] [omni.usd] Warning: in _ReportErrors at line 3172 of /builds/omniverse/usd-ci/USD/pxr/usd/usd/stage.cpp -- In </World/envs/env_6/LinkerHand/pinky_tip/visuals>: Unresolved reference prim path @/tmp/IsaacLab/usd_20260807_105335_548/configuration/linkerhand_l20_left_physics.usd@</visuals/pinky_tip> introduced by @/tmp/IsaacLab/usd_20260807_105335_548/configuration/linkerhand_l20_left_base.usd@</linkerhand_l20_left/pinky_tip/visuals> (recomposing stage on stage @anon:0x6533d3be8570:World0.usd@ <0x6533d3bedb00>)

2026-08-07T17:53:36Z [9,537ms] [Warning] [omni.usd] Warning: in _ReportErrors at line 3172 of /builds/omniverse/usd-ci/USD/pxr/usd/usd/stage.cpp -- In </World/envs/env_63/LinkerHand/pinky_tip/visuals>: Unresolved reference prim path @/tmp/IsaacLab/usd_20260807_105335_548/configuration/linkerhand_l20_left_physics.usd@</visuals/pinky_tip> introduced by @/tmp/IsaacLab/usd_20260807_105335_548/configuration/linkerhand_l20_left_base.usd@</linkerhand_l20_left/pinky_tip/visuals> (recomposing stage on stage @anon:0x6533d3be8570:World0.usd@ <0x6533d3bedb00>)

2026-08-07T17:53:36Z [9,538ms] [Warning] [omni.usd] Warning: in _ReportErrors at line 3172 of /builds/omniverse/usd-ci/USD/pxr/usd/usd/stage.cpp -- In </World/envs/env_69/Screwdriver/vitrual_link_2/visuals>: Unresolved reference prim path @/tmp/IsaacLab/usd_20260807_105335_5437/configuration/screwdriver_64mm_handle_physics.usd@</visuals/vitrual_link_2> introduced by @/tmp/IsaacLab/usd_20260807_105335_5437/configuration/screwdriver_64mm_handle_base.usd@</screwdriver_on_the_table_64mm_handle/vitrual_link_2/visuals> (recomposing stage on stage @anon:0x6533d3be8570:World0.usd@ <0x6533d3bedb00>)

2026-08-07T17:53:36Z [9,538ms] [Warning] [omni.usd] Warning: in _ReportErrors at line 3172 of /builds/omniverse/usd-ci/USD/pxr/usd/usd/stage.cpp -- In </World/envs/env_61/LinkerHand/pinky_tip/visuals>: Unresolved reference prim path @/tmp/IsaacLab/usd_20260807_105335_548/configuration/linkerhand_l20_left_physics.usd@</visuals/pinky_tip> introduced by @/tmp/IsaacLab/usd_20260807_105335_548/configuration/linkerhand_l20_left_base.usd@</linkerhand_l20_left/pinky_tip/visuals> (recomposing stage on stage @anon:0x6533d3be8570:World0.usd@ <0x6533d3bedb00>)

2026-08-07T17:53:36Z [9,538ms] [Warning] [omni.usd] Warning: in _ReportErrors at line 3172 of /builds/omniverse/usd-ci/USD/pxr/usd/usd/stage.cpp -- In </World/envs/env_64/LinkerHand/ring_tip/visuals>: Unresolved reference prim path @/tmp/IsaacLab/usd_20260807_105335_548/configuration/linkerhand_l20_left_physics.usd@</visuals/ring_tip> introduced by @/tmp/IsaacLab/usd_20260807_105335_548/configuration/linkerhand_l20_left_base.usd@</linkerhand_l20_left/ring_tip/visuals> (recomposing stage on stage @anon:0x6533d3be8570:World0.usd@ <0x6533d3bedb00>)

2026-08-07T17:53:36Z [9,538ms] [Warning] [omni.usd] Warning: in _ReportErrors at line 3172 of /builds/omniverse/usd-ci/USD/pxr/usd/usd/stage.cpp -- In </World/envs/env_60/LinkerHand/pinky_tip/visuals>: Unresolved reference prim path @/tmp/IsaacLab/usd_20260807_105335_548/configuration/linkerhand_l20_left_physics.usd@</visuals/pinky_tip> introduced by @/tmp/IsaacLab/usd_20260807_105335_548/configuration/linkerhand_l20_left_base.usd@</linkerhand_l20_left/pinky_tip/visuals> (recomposing stage on stage @anon:0x6533d3be8570:World0.usd@ <0x6533d3bedb00>)

2026-08-07T17:53:36Z [9,538ms] [Warning] [omni.usd] Warning: in _ReportErrors at line 3172 of /builds/omniverse/usd-ci/USD/pxr/usd/usd/stage.cpp -- In </World/envs/env_7/LinkerHand/thumb_tip/visuals>: Unresolved reference prim path @/tmp/IsaacLab/usd_20260807_105335_548/configuration/linkerhand_l20_left_physics.usd@</visuals/thumb_tip> introduced by @/tmp/IsaacLab/usd_20260807_105335_548/configuration/linkerhand_l20_left_base.usd@</linkerhand_l20_left/thumb_tip/visuals> (recomposing stage on stage @anon:0x6533d3be8570:World0.usd@ <0x6533d3bedb00>)

2026-08-07T17:53:36Z [9,538ms] [Warning] [omni.usd] Warning: in _ReportErrors at line 3172 of /builds/omniverse/usd-ci/USD/pxr/usd/usd/stage.cpp -- In </World/envs/env_66/Screwdriver/vitrual_link_2/visuals>: Unresolved reference prim path @/tmp/IsaacLab/usd_20260807_105335_5437/configuration/screwdriver_64mm_handle_physics.usd@</visuals/vitrual_link_2> introduced by @/tmp/IsaacLab/usd_20260807_105335_5437/configuration/screwdriver_64mm_handle_base.usd@</screwdriver_on_the_table_64mm_handle/vitrual_link_2/visuals> (recomposing stage on stage @anon:0x6533d3be8570:World0.usd@ <0x6533d3bedb00>)

2026-08-07T17:53:36Z [9,538ms] [Warning] [omni.usd] Warning: in _ReportErrors at line 3172 of /builds/omniverse/usd-ci/USD/pxr/usd/usd/stage.cpp -- In </World/envs/env_68/Screwdriver/vitrual_link_2/visuals>: Unresolved reference prim path @/tmp/IsaacLab/usd_20260807_105335_5437/configuration/screwdriver_64mm_handle_physics.usd@</visuals/vitrual_link_2> introduced by @/tmp/IsaacLab/usd_20260807_105335_5437/configuration/screwdriver_64mm_handle_base.usd@</screwdriver_on_the_table_64mm_handle/vitrual_link_2/visuals> (recomposing stage on stage @anon:0x6533d3be8570:World0.usd@ <0x6533d3bedb00>)

2026-08-07T17:53:36Z [9,538ms] [Warning] [omni.usd] Warning: in _ReportErrors at line 3172 of /builds/omniverse/usd-ci/USD/pxr/usd/usd/stage.cpp -- In </World/envs/env_7/Screwdriver/vitrual_link_2/visuals>: Unresolved reference prim path @/tmp/IsaacLab/usd_20260807_105335_5437/configuration/screwdriver_64mm_handle_physics.usd@</visuals/vitrual_link_2> introduced by @/tmp/IsaacLab/usd_20260807_105335_5437/configuration/screwdriver_64mm_handle_base.usd@</screwdriver_on_the_table_64mm_handle/vitrual_link_2/visuals> (recomposing stage on stage @anon:0x6533d3be8570:World0.usd@ <0x6533d3bedb00>)

2026-08-07T17:53:36Z [9,538ms] [Warning] [omni.usd] Warning: in _ReportErrors at line 3172 of /builds/omniverse/usd-ci/USD/pxr/usd/usd/stage.cpp -- In </World/envs/env_69/Screwdriver/vitrual_link_1/visuals>: Unresolved reference prim path @/tmp/IsaacLab/usd_20260807_105335_5437/configuration/screwdriver_64mm_handle_physics.usd@</visuals/vitrual_link_1> introduced by @/tmp/IsaacLab/usd_20260807_105335_5437/configuration/screwdriver_64mm_handle_base.usd@</screwdriver_on_the_table_64mm_handle/vitrual_link_1/visuals> (recomposing stage on stage @anon:0x6533d3be8570:World0.usd@ <0x6533d3bedb00>)

2026-08-07T17:53:36Z [9,538ms] [Warning] [omni.usd] Warning: in _ReportErrors at line 3172 of /builds/omniverse/usd-ci/USD/pxr/usd/usd/stage.cpp -- In </World/envs/env_66/LinkerHand/thumb_tip/visuals>: Unresolved reference prim path @/tmp/IsaacLab/usd_20260807_105335_548/configuration/linkerhand_l20_left_physics.usd@</visuals/thumb_tip> introduced by @/tmp/IsaacLab/usd_20260807_105335_548/configuration/linkerhand_l20_left_base.usd@</linkerhand_l20_left/thumb_tip/visuals> (recomposing stage on stage @anon:0x6533d3be8570:World0.usd@ <0x6533d3bedb00>)

2026-08-07T17:53:36Z [9,538ms] [Warning] [omni.usd] Warning: in _ReportErrors at line 3172 of /builds/omniverse/usd-ci/USD/pxr/usd/usd/stage.cpp -- In </World/envs/env_65/LinkerHand/pinky_tip/visuals>: Unresolved reference prim path @/tmp/IsaacLab/usd_20260807_105335_548/configuration/linkerhand_l20_left_physics.usd@</visuals/pinky_tip> introduced by @/tmp/IsaacLab/usd_20260807_105335_548/configuration/linkerhand_l20_left_base.usd@</linkerhand_l20_left/pinky_tip/visuals> (recomposing stage on stage @anon:0x6533d3be8570:World0.usd@ <0x6533d3bedb00>)

2026-08-07T17:53:36Z [9,538ms] [Warning] [omni.usd] Warning: in _ReportErrors at line 3172 of /builds/omniverse/usd-ci/USD/pxr/usd/usd/stage.cpp -- In </World/envs/env_69/LinkerHand/thumb_tip/visuals>: Unresolved reference prim path @/tmp/IsaacLab/usd_20260807_105335_548/configuration/linkerhand_l20_left_physics.usd@</visuals/thumb_tip> introduced by @/tmp/IsaacLab/usd_20260807_105335_548/configuration/linkerhand_l20_left_base.usd@</linkerhand_l20_left/thumb_tip/visuals> (recomposing stage on stage @anon:0x6533d3be8570:World0.usd@ <0x6533d3bedb00>)

2026-08-07T17:53:36Z [9,538ms] [Warning] [omni.usd] Warning: in _ReportErrors at line 3172 of /builds/omniverse/usd-ci/USD/pxr/usd/usd/stage.cpp -- In </World/envs/env_68/Screwdriver/vitrual_link_1/visuals>: Unresolved reference prim path @/tmp/IsaacLab/usd_20260807_105335_5437/configuration/screwdriver_64mm_handle_physics.usd@</visuals/vitrual_link_1> introduced by @/tmp/IsaacLab/usd_20260807_105335_5437/configuration/screwdriver_64mm_handle_base.usd@</screwdriver_on_the_table_64mm_handle/vitrual_link_1/visuals> (recomposing stage on stage @anon:0x6533d3be8570:World0.usd@ <0x6533d3bedb00>)

2026-08-07T17:53:36Z [9,538ms] [Warning] [omni.usd] Warning: in _ReportErrors at line 3172 of /builds/omniverse/usd-ci/USD/pxr/usd/usd/stage.cpp -- In </World/envs/env_61/LinkerHand/index_tip/visuals>: Unresolved reference prim path @/tmp/IsaacLab/usd_20260807_105335_548/configuration/linkerhand_l20_left_physics.usd@</visuals/index_tip> introduced by @/tmp/IsaacLab/usd_20260807_105335_548/configuration/linkerhand_l20_left_base.usd@</linkerhand_l20_left/index_tip/visuals> (recomposing stage on stage @anon:0x6533d3be8570:World0.usd@ <0x6533d3bedb00>)

2026-08-07T17:53:36Z [9,538ms] [Warning] [omni.usd] Warning: in _ReportErrors at line 3172 of /builds/omniverse/usd-ci/USD/pxr/usd/usd/stage.cpp -- In </World/envs/env_67/Screwdriver/vitrual_link_2/visuals>: Unresolved reference prim path @/tmp/IsaacLab/usd_20260807_105335_5437/configuration/screwdriver_64mm_handle_physics.usd@</visuals/vitrual_link_2> introduced by @/tmp/IsaacLab/usd_20260807_105335_5437/configuration/screwdriver_64mm_handle_base.usd@</screwdriver_on_the_table_64mm_handle/vitrual_link_2/visuals> (recomposing stage on stage @anon:0x6533d3be8570:World0.usd@ <0x6533d3bedb00>)

2026-08-07T17:53:36Z [9,538ms] [Warning] [omni.usd] Warning: in _ReportErrors at line 3172 of /builds/omniverse/usd-ci/USD/pxr/usd/usd/stage.cpp -- In </World/envs/env_7/Screwdriver/vitrual_link_1/visuals>: Unresolved reference prim path @/tmp/IsaacLab/usd_20260807_105335_5437/configuration/screwdriver_64mm_handle_physics.usd@</visuals/vitrual_link_1> introduced by @/tmp/IsaacLab/usd_20260807_105335_5437/configuration/screwdriver_64mm_handle_base.usd@</screwdriver_on_the_table_64mm_handle/vitrual_link_1/visuals> (recomposing stage on stage @anon:0x6533d3be8570:World0.usd@ <0x6533d3bedb00>)

2026-08-07T17:53:36Z [9,538ms] [Warning] [omni.usd] Warning: in _ReportErrors at line 3172 of /builds/omniverse/usd-ci/USD/pxr/usd/usd/stage.cpp -- In </World/envs/env_6/LinkerHand/middle_tip/visuals>: Unresolved reference prim path @/tmp/IsaacLab/usd_20260807_105335_548/configuration/linkerhand_l20_left_physics.usd@</visuals/middle_tip> introduced by @/tmp/IsaacLab/usd_20260807_105335_548/configuration/linkerhand_l20_left_base.usd@</linkerhand_l20_left/middle_tip/visuals> (recomposing stage on stage @anon:0x6533d3be8570:World0.usd@ <0x6533d3bedb00>)

2026-08-07T17:53:36Z [9,538ms] [Warning] [omni.usd] Warning: in _ReportErrors at line 3172 of /builds/omniverse/usd-ci/USD/pxr/usd/usd/stage.cpp -- In </World/envs/env_63/LinkerHand/middle_tip/visuals>: Unresolved reference prim path @/tmp/IsaacLab/usd_20260807_105335_548/configuration/linkerhand_l20_left_physics.usd@</visuals/middle_tip> introduced by @/tmp/IsaacLab/usd_20260807_105335_548/configuration/linkerhand_l20_left_base.usd@</linkerhand_l20_left/middle_tip/visuals> (recomposing stage on stage @anon:0x6533d3be8570:World0.usd@ <0x6533d3bedb00>)

2026-08-07T17:53:36Z [9,538ms] [Warning] [omni.usd] Warning: in _ReportErrors at line 3172 of /builds/omniverse/usd-ci/USD/pxr/usd/usd/stage.cpp -- In </World/envs/env_67/LinkerHand/thumb_tip/visuals>: Unresolved reference prim path @/tmp/IsaacLab/usd_20260807_105335_548/configuration/linkerhand_l20_left_physics.usd@</visuals/thumb_tip> introduced by @/tmp/IsaacLab/usd_20260807_105335_548/configuration/linkerhand_l20_left_base.usd@</linkerhand_l20_left/thumb_tip/visuals> (recomposing stage on stage @anon:0x6533d3be8570:World0.usd@ <0x6533d3bedb00>)

2026-08-07T17:53:36Z [9,538ms] [Warning] [omni.usd] Warning: in _ReportErrors at line 3172 of /builds/omniverse/usd-ci/USD/pxr/usd/usd/stage.cpp -- In </World/envs/env_70/Screwdriver/vitrual_link_2/visuals>: Unresolved reference prim path @/tmp/IsaacLab/usd_20260807_105335_5437/configuration/screwdriver_64mm_handle_physics.usd@</visuals/vitrual_link_2> introduced by @/tmp/IsaacLab/usd_20260807_105335_5437/configuration/screwdriver_64mm_handle_base.usd@</screwdriver_on_the_table_64mm_handle/vitrual_link_2/visuals> (recomposing stage on stage @anon:0x6533d3be8570:World0.usd@ <0x6533d3bedb00>)

2026-08-07T17:53:36Z [9,538ms] [Warning] [omni.usd] Warning: in _ReportErrors at line 3172 of /builds/omniverse/usd-ci/USD/pxr/usd/usd/stage.cpp -- In </World/envs/env_68/LinkerHand/thumb_tip/visuals>: Unresolved reference prim path @/tmp/IsaacLab/usd_20260807_105335_548/configuration/linkerhand_l20_left_physics.usd@</visuals/thumb_tip> introduced by @/tmp/IsaacLab/usd_20260807_105335_548/configuration/linkerhand_l20_left_base.usd@</linkerhand_l20_left/thumb_tip/visuals> (recomposing stage on stage @anon:0x6533d3be8570:World0.usd@ <0x6533d3bedb00>)

2026-08-07T17:53:36Z [9,538ms] [Warning] [omni.usd] Warning: in _ReportErrors at line 3172 of /builds/omniverse/usd-ci/USD/pxr/usd/usd/stage.cpp -- In </World/envs/env_66/Screwdriver/vitrual_link_1/visuals>: Unresolved reference prim path @/tmp/IsaacLab/usd_20260807_105335_5437/configuration/screwdriver_64mm_handle_physics.usd@</visuals/vitrual_link_1> introduced by @/tmp/IsaacLab/usd_20260807_105335_5437/configuration/screwdriver_64mm_handle_base.usd@</screwdriver_on_the_table_64mm_handle/vitrual_link_1/visuals> (recomposing stage on stage @anon:0x6533d3be8570:World0.usd@ <0x6533d3bedb00>)

2026-08-07T17:53:36Z [9,538ms] [Warning] [omni.usd] Warning: in _ReportErrors at line 3172 of /builds/omniverse/usd-ci/USD/pxr/usd/usd/stage.cpp -- In </World/envs/env_71/Screwdriver/vitrual_link_2/visuals>: Unresolved reference prim path @/tmp/IsaacLab/usd_20260807_105335_5437/configuration/screwdriver_64mm_handle_physics.usd@</visuals/vitrual_link_2> introduced by @/tmp/IsaacLab/usd_20260807_105335_5437/configuration/screwdriver_64mm_handle_base.usd@</screwdriver_on_the_table_64mm_handle/vitrual_link_2/visuals> (recomposing stage on stage @anon:0x6533d3be8570:World0.usd@ <0x6533d3bedb00>)

2026-08-07T17:53:36Z [9,538ms] [Warning] [omni.usd] Warning: in _ReportErrors at line 3172 of /builds/omniverse/usd-ci/USD/pxr/usd/usd/stage.cpp -- In </World/envs/env_72/LinkerHand/thumb_tip/visuals>: Unresolved reference prim path @/tmp/IsaacLab/usd_20260807_105335_548/configuration/linkerhand_l20_left_physics.usd@</visuals/thumb_tip> introduced by @/tmp/IsaacLab/usd_20260807_105335_548/configuration/linkerhand_l20_left_base.usd@</linkerhand_l20_left/thumb_tip/visuals> (recomposing stage on stage @anon:0x6533d3be8570:World0.usd@ <0x6533d3bedb00>)

2026-08-07T17:53:36Z [9,538ms] [Warning] [omni.usd] Warning: in _ReportErrors at line 3172 of /builds/omniverse/usd-ci/USD/pxr/usd/usd/stage.cpp -- In </World/envs/env_70/Screwdriver/vitrual_link_1/visuals>: Unresolved reference prim path @/tmp/IsaacLab/usd_20260807_105335_5437/configuration/screwdriver_64mm_handle_physics.usd@</visuals/vitrual_link_1> introduced by @/tmp/IsaacLab/usd_20260807_105335_5437/configuration/screwdriver_64mm_handle_base.usd@</screwdriver_on_the_table_64mm_handle/vitrual_link_1/visuals> (recomposing stage on stage @anon:0x6533d3be8570:World0.usd@ <0x6533d3bedb00>)

2026-08-07T17:53:36Z [9,538ms] [Warning] [omni.usd] Warning: in _ReportErrors at line 3172 of /builds/omniverse/usd-ci/USD/pxr/usd/usd/stage.cpp -- In </World/envs/env_62/LinkerHand/pinky_tip/visuals>: Unresolved reference prim path @/tmp/IsaacLab/usd_20260807_105335_548/configuration/linkerhand_l20_left_physics.usd@</visuals/pinky_tip> introduced by @/tmp/IsaacLab/usd_20260807_105335_548/configuration/linkerhand_l20_left_base.usd@</linkerhand_l20_left/pinky_tip/visuals> (recomposing stage on stage @anon:0x6533d3be8570:World0.usd@ <0x6533d3bedb00>)

2026-08-07T17:53:36Z [9,538ms] [Warning] [omni.usd] Warning: in _ReportErrors at line 3172 of /builds/omniverse/usd-ci/USD/pxr/usd/usd/stage.cpp -- In </World/envs/env_67/Screwdriver/vitrual_link_1/visuals>: Unresolved reference prim path @/tmp/IsaacLab/usd_20260807_105335_5437/configuration/screwdriver_64mm_handle_physics.usd@</visuals/vitrual_link_1> introduced by @/tmp/IsaacLab/usd_20260807_105335_5437/configuration/screwdriver_64mm_handle_base.usd@</screwdriver_on_the_table_64mm_handle/vitrual_link_1/visuals> (recomposing stage on stage @anon:0x6533d3be8570:World0.usd@ <0x6533d3bedb00>)

2026-08-07T17:53:36Z [9,538ms] [Warning] [omni.usd] Warning: in _ReportErrors at line 3172 of /builds/omniverse/usd-ci/USD/pxr/usd/usd/stage.cpp -- In </World/envs/env_71/Screwdriver/vitrual_link_1/visuals>: Unresolved reference prim path @/tmp/IsaacLab/usd_20260807_105335_5437/configuration/screwdriver_64mm_handle_physics.usd@</visuals/vitrual_link_1> introduced by @/tmp/IsaacLab/usd_20260807_105335_5437/configuration/screwdriver_64mm_handle_base.usd@</screwdriver_on_the_table_64mm_handle/vitrual_link_1/visuals> (recomposing stage on stage @anon:0x6533d3be8570:World0.usd@ <0x6533d3bedb00>)

2026-08-07T17:53:36Z [9,538ms] [Warning] [omni.usd] Warning: in _ReportErrors at line 3172 of /builds/omniverse/usd-ci/USD/pxr/usd/usd/stage.cpp -- In </World/envs/env_65/LinkerHand/middle_tip/visuals>: Unresolved reference prim path @/tmp/IsaacLab/usd_20260807_105335_548/configuration/linkerhand_l20_left_physics.usd@</visuals/middle_tip> introduced by @/tmp/IsaacLab/usd_20260807_105335_548/configuration/linkerhand_l20_left_base.usd@</linkerhand_l20_left/middle_tip/visuals> (recomposing stage on stage @anon:0x6533d3be8570:World0.usd@ <0x6533d3bedb00>)

2026-08-07T17:53:36Z [9,538ms] [Warning] [omni.usd] Warning: in _ReportErrors at line 3172 of /builds/omniverse/usd-ci/USD/pxr/usd/usd/stage.cpp -- In </World/envs/env_64/LinkerHand/pinky_tip/visuals>: Unresolved reference prim path @/tmp/IsaacLab/usd_20260807_105335_548/configuration/linkerhand_l20_left_physics.usd@</visuals/pinky_tip> introduced by @/tmp/IsaacLab/usd_20260807_105335_548/configuration/linkerhand_l20_left_base.usd@</linkerhand_l20_left/pinky_tip/visuals> (recomposing stage on stage @anon:0x6533d3be8570:World0.usd@ <0x6533d3bedb00>)

2026-08-07T17:53:36Z [9,538ms] [Warning] [omni.usd] Warning: in _ReportErrors at line 3172 of /builds/omniverse/usd-ci/USD/pxr/usd/usd/stage.cpp -- In </World/envs/env_7/LinkerHand/ring_tip/visuals>: Unresolved reference prim path @/tmp/IsaacLab/usd_20260807_105335_548/configuration/linkerhand_l20_left_physics.usd@</visuals/ring_tip> introduced by @/tmp/IsaacLab/usd_20260807_105335_548/configuration/linkerhand_l20_left_base.usd@</linkerhand_l20_left/ring_tip/visuals> (recomposing stage on stage @anon:0x6533d3be8570:World0.usd@ <0x6533d3bedb00>)

2026-08-07T17:53:36Z [9,538ms] [Warning] [omni.usd] Warning: in _ReportErrors at line 3172 of /builds/omniverse/usd-ci/USD/pxr/usd/usd/stage.cpp -- In </World/envs/env_70/LinkerHand/thumb_tip/visuals>: Unresolved reference prim path @/tmp/IsaacLab/usd_20260807_105335_548/configuration/linkerhand_l20_left_physics.usd@</visuals/thumb_tip> introduced by @/tmp/IsaacLab/usd_20260807_105335_548/configuration/linkerhand_l20_left_base.usd@</linkerhand_l20_left/thumb_tip/visuals> (recomposing stage on stage @anon:0x6533d3be8570:World0.usd@ <0x6533d3bedb00>)

2026-08-07T17:53:36Z [9,538ms] [Warning] [omni.usd] Warning: in _ReportErrors at line 3172 of /builds/omniverse/usd-ci/USD/pxr/usd/usd/stage.cpp -- In </World/envs/env_71/LinkerHand/thumb_tip/visuals>: Unresolved reference prim path @/tmp/IsaacLab/usd_20260807_105335_548/configuration/linkerhand_l20_left_physics.usd@</visuals/thumb_tip> introduced by @/tmp/IsaacLab/usd_20260807_105335_548/configuration/linkerhand_l20_left_base.usd@</linkerhand_l20_left/thumb_tip/visuals> (recomposing stage on stage @anon:0x6533d3be8570:World0.usd@ <0x6533d3bedb00>)

2026-08-07T17:53:36Z [9,538ms] [Warning] [omni.usd] Warning: in _ReportErrors at line 3172 of /builds/omniverse/usd-ci/USD/pxr/usd/usd/stage.cpp -- In </World/envs/env_74/Screwdriver/vitrual_link_2/visuals>: Unresolved reference prim path @/tmp/IsaacLab/usd_20260807_105335_5437/configuration/screwdriver_64mm_handle_physics.usd@</visuals/vitrual_link_2> introduced by @/tmp/IsaacLab/usd_20260807_105335_5437/configuration/screwdriver_64mm_handle_base.usd@</screwdriver_on_the_table_64mm_handle/vitrual_link_2/visuals> (recomposing stage on stage @anon:0x6533d3be8570:World0.usd@ <0x6533d3bedb00>)

2026-08-07T17:53:36Z [9,538ms] [Warning] [omni.usd] Warning: in _ReportErrors at line 3172 of /builds/omniverse/usd-ci/USD/pxr/usd/usd/stage.cpp -- In </World/envs/env_69/LinkerHand/ring_tip/visuals>: Unresolved reference prim path @/tmp/IsaacLab/usd_20260807_105335_548/configuration/linkerhand_l20_left_physics.usd@</visuals/ring_tip> introduced by @/tmp/IsaacLab/usd_20260807_105335_548/configuration/linkerhand_l20_left_base.usd@</linkerhand_l20_left/ring_tip/visuals> (recomposing stage on stage @anon:0x6533d3be8570:World0.usd@ <0x6533d3bedb00>)

2026-08-07T17:53:36Z [9,538ms] [Warning] [omni.usd] Warning: in _ReportErrors at line 3172 of /builds/omniverse/usd-ci/USD/pxr/usd/usd/stage.cpp -- In </World/envs/env_73/Screwdriver/vitrual_link_2/visuals>: Unresolved reference prim path @/tmp/IsaacLab/usd_20260807_105335_5437/configuration/screwdriver_64mm_handle_physics.usd@</visuals/vitrual_link_2> introduced by @/tmp/IsaacLab/usd_20260807_105335_5437/configuration/screwdriver_64mm_handle_base.usd@</screwdriver_on_the_table_64mm_handle/vitrual_link_2/visuals> (recomposing stage on stage @anon:0x6533d3be8570:World0.usd@ <0x6533d3bedb00>)

2026-08-07T17:53:36Z [9,538ms] [Warning] [omni.usd] Warning: in _ReportErrors at line 3172 of /builds/omniverse/usd-ci/USD/pxr/usd/usd/stage.cpp -- In </World/envs/env_73/Screwdriver/vitrual_link_1/visuals>: Unresolved reference prim path @/tmp/IsaacLab/usd_20260807_105335_5437/configuration/screwdriver_64mm_handle_physics.usd@</visuals/vitrual_link_1> introduced by @/tmp/IsaacLab/usd_20260807_105335_5437/configuration/screwdriver_64mm_handle_base.usd@</screwdriver_on_the_table_64mm_handle/vitrual_link_1/visuals> (recomposing stage on stage @anon:0x6533d3be8570:World0.usd@ <0x6533d3bedb00>)

2026-08-07T17:53:36Z [9,538ms] [Warning] [omni.usd] Warning: in _ReportErrors at line 3172 of /builds/omniverse/usd-ci/USD/pxr/usd/usd/stage.cpp -- In </World/envs/env_74/Screwdriver/vitrual_link_1/visuals>: Unresolved reference prim path @/tmp/IsaacLab/usd_20260807_105335_5437/configuration/screwdriver_64mm_handle_physics.usd@</visuals/vitrual_link_1> introduced by @/tmp/IsaacLab/usd_20260807_105335_5437/configuration/screwdriver_64mm_handle_base.usd@</screwdriver_on_the_table_64mm_handle/vitrual_link_1/visuals> (recomposing stage on stage @anon:0x6533d3be8570:World0.usd@ <0x6533d3bedb00>)

2026-08-07T17:53:36Z [9,538ms] [Warning] [omni.usd] Warning: in _ReportErrors at line 3172 of /builds/omniverse/usd-ci/USD/pxr/usd/usd/stage.cpp -- In </World/envs/env_73/LinkerHand/thumb_tip/visuals>: Unresolved reference prim path @/tmp/IsaacLab/usd_20260807_105335_548/configuration/linkerhand_l20_left_physics.usd@</visuals/thumb_tip> introduced by @/tmp/IsaacLab/usd_20260807_105335_548/configuration/linkerhand_l20_left_base.usd@</linkerhand_l20_left/thumb_tip/visuals> (recomposing stage on stage @anon:0x6533d3be8570:World0.usd@ <0x6533d3bedb00>)

2026-08-07T17:53:36Z [9,538ms] [Warning] [omni.usd] Warning: in _ReportErrors at line 3172 of /builds/omniverse/usd-ci/USD/pxr/usd/usd/stage.cpp -- In </World/envs/env_75/LinkerHand/thumb_tip/visuals>: Unresolved reference prim path @/tmp/IsaacLab/usd_20260807_105335_548/configuration/linkerhand_l20_left_physics.usd@</visuals/thumb_tip> introduced by @/tmp/IsaacLab/usd_20260807_105335_548/configuration/linkerhand_l20_left_base.usd@</linkerhand_l20_left/thumb_tip/visuals> (recomposing stage on stage @anon:0x6533d3be8570:World0.usd@ <0x6533d3bedb00>)

2026-08-07T17:53:36Z [9,538ms] [Warning] [omni.usd] Warning: in _ReportErrors at line 3172 of /builds/omniverse/usd-ci/USD/pxr/usd/usd/stage.cpp -- In </World/envs/env_7/LinkerHand/index_tip/visuals>: Unresolved reference prim path @/tmp/IsaacLab/usd_20260807_105335_548/configuration/linkerhand_l20_left_physics.usd@</visuals/index_tip> introduced by @/tmp/IsaacLab/usd_20260807_105335_548/configuration/linkerhand_l20_left_base.usd@</linkerhand_l20_left/index_tip/visuals> (recomposing stage on stage @anon:0x6533d3be8570:World0.usd@ <0x6533d3bedb00>)

2026-08-07T17:53:36Z [9,538ms] [Warning] [omni.usd] Warning: in _ReportErrors at line 3172 of /builds/omniverse/usd-ci/USD/pxr/usd/usd/stage.cpp -- In </World/envs/env_61/LinkerHand/middle_tip/visuals>: Unresolved reference prim path @/tmp/IsaacLab/usd_20260807_105335_548/configuration/linkerhand_l20_left_physics.usd@</visuals/middle_tip> introduced by @/tmp/IsaacLab/usd_20260807_105335_548/configuration/linkerhand_l20_left_base.usd@</linkerhand_l20_left/middle_tip/visuals> (recomposing stage on stage @anon:0x6533d3be8570:World0.usd@ <0x6533d3bedb00>)

2026-08-07T17:53:36Z [9,538ms] [Warning] [omni.usd] Warning: in _ReportErrors at line 3172 of /builds/omniverse/usd-ci/USD/pxr/usd/usd/stage.cpp -- In </World/envs/env_67/LinkerHand/ring_tip/visuals>: Unresolved reference prim path @/tmp/IsaacLab/usd_20260807_105335_548/configuration/linkerhand_l20_left_physics.usd@</visuals/ring_tip> introduced by @/tmp/IsaacLab/usd_20260807_105335_548/configuration/linkerhand_l20_left_base.usd@</linkerhand_l20_left/ring_tip/visuals> (recomposing stage on stage @anon:0x6533d3be8570:World0.usd@ <0x6533d3bedb00>)

2026-08-07T17:53:36Z [9,538ms] [Warning] [omni.usd] Warning: in _ReportErrors at line 3172 of /builds/omniverse/usd-ci/USD/pxr/usd/usd/stage.cpp -- In </World/envs/env_62/LinkerHand/middle_tip/visuals>: Unresolved reference prim path @/tmp/IsaacLab/usd_20260807_105335_548/configuration/linkerhand_l20_left_physics.usd@</visuals/middle_tip> introduced by @/tmp/IsaacLab/usd_20260807_105335_548/configuration/linkerhand_l20_left_base.usd@</linkerhand_l20_left/middle_tip/visuals> (recomposing stage on stage @anon:0x6533d3be8570:World0.usd@ <0x6533d3bedb00>)

2026-08-07T17:53:36Z [9,538ms] [Warning] [omni.usd] Warning: in _ReportErrors at line 3172 of /builds/omniverse/usd-ci/USD/pxr/usd/usd/stage.cpp -- In </World/envs/env_74/LinkerHand/thumb_tip/visuals>: Unresolved reference prim path @/tmp/IsaacLab/usd_20260807_105335_548/configuration/linkerhand_l20_left_physics.usd@</visuals/thumb_tip> introduced by @/tmp/IsaacLab/usd_20260807_105335_548/configuration/linkerhand_l20_left_base.usd@</linkerhand_l20_left/thumb_tip/visuals> (recomposing stage on stage @anon:0x6533d3be8570:World0.usd@ <0x6533d3bedb00>)

2026-08-07T17:53:36Z [9,538ms] [Warning] [omni.usd] Warning: in _ReportErrors at line 3172 of /builds/omniverse/usd-ci/USD/pxr/usd/usd/stage.cpp -- In </World/envs/env_69/LinkerHand/pinky_tip/visuals>: Unresolved reference prim path @/tmp/IsaacLab/usd_20260807_105335_548/configuration/linkerhand_l20_left_physics.usd@</visuals/pinky_tip> introduced by @/tmp/IsaacLab/usd_20260807_105335_548/configuration/linkerhand_l20_left_base.usd@</linkerhand_l20_left/pinky_tip/visuals> (recomposing stage on stage @anon:0x6533d3be8570:World0.usd@ <0x6533d3bedb00>)

2026-08-07T17:53:36Z [9,538ms] [Warning] [omni.usd] Warning: in _ReportErrors at line 3172 of /builds/omniverse/usd-ci/USD/pxr/usd/usd/stage.cpp -- In </World/envs/env_7/LinkerHand/pinky_tip/visuals>: Unresolved reference prim path @/tmp/IsaacLab/usd_20260807_105335_548/configuration/linkerhand_l20_left_physics.usd@</visuals/pinky_tip> introduced by @/tmp/IsaacLab/usd_20260807_105335_548/configuration/linkerhand_l20_left_base.usd@</linkerhand_l20_left/pinky_tip/visuals> (recomposing stage on stage @anon:0x6533d3be8570:World0.usd@ <0x6533d3bedb00>)

2026-08-07T17:53:36Z [9,538ms] [Warning] [omni.usd] Warning: in _ReportErrors at line 3172 of /builds/omniverse/usd-ci/USD/pxr/usd/usd/stage.cpp -- In </World/envs/env_72/Screwdriver/vitrual_link_2/visuals>: Unresolved reference prim path @/tmp/IsaacLab/usd_20260807_105335_5437/configuration/screwdriver_64mm_handle_physics.usd@</visuals/vitrual_link_2> introduced by @/tmp/IsaacLab/usd_20260807_105335_5437/configuration/screwdriver_64mm_handle_base.usd@</screwdriver_on_the_table_64mm_handle/vitrual_link_2/visuals> (recomposing stage on stage @anon:0x6533d3be8570:World0.usd@ <0x6533d3bedb00>)

2026-08-07T17:53:36Z [9,538ms] [Warning] [omni.usd] Warning: in _ReportErrors at line 3172 of /builds/omniverse/usd-ci/USD/pxr/usd/usd/stage.cpp -- In </World/envs/env_96/Screwdriver/vitrual_link_2/visuals>: Unresolved reference prim path @/tmp/IsaacLab/usd_20260807_105335_5437/configuration/screwdriver_64mm_handle_physics.usd@</visuals/vitrual_link_2> introduced by @/tmp/IsaacLab/usd_20260807_105335_5437/configuration/screwdriver_64mm_handle_base.usd@</screwdriver_on_the_table_64mm_handle/vitrual_link_2/visuals> (recomposing stage on stage @anon:0x6533d3be8570:World0.usd@ <0x6533d3bedb00>)

2026-08-07T17:53:36Z [9,538ms] [Warning] [omni.usd] Warning: in _ReportErrors at line 3172 of /builds/omniverse/usd-ci/USD/pxr/usd/usd/stage.cpp -- In </World/envs/env_96/Screwdriver/vitrual_link_1/visuals>: Unresolved reference prim path @/tmp/IsaacLab/usd_20260807_105335_5437/configuration/screwdriver_64mm_handle_physics.usd@</visuals/vitrual_link_1> introduced by @/tmp/IsaacLab/usd_20260807_105335_5437/configuration/screwdriver_64mm_handle_base.usd@</screwdriver_on_the_table_64mm_handle/vitrual_link_1/visuals> (recomposing stage on stage @anon:0x6533d3be8570:World0.usd@ <0x6533d3bedb00>)

2026-08-07T17:53:36Z [9,538ms] [Warning] [omni.usd] Warning: in _ReportErrors at line 3172 of /builds/omniverse/usd-ci/USD/pxr/usd/usd/stage.cpp -- In </World/envs/env_68/LinkerHand/ring_tip/visuals>: Unresolved reference prim path @/tmp/IsaacLab/usd_20260807_105335_548/configuration/linkerhand_l20_left_physics.usd@</visuals/ring_tip> introduced by @/tmp/IsaacLab/usd_20260807_105335_548/configuration/linkerhand_l20_left_base.usd@</linkerhand_l20_left/ring_tip/visuals> (recomposing stage on stage @anon:0x6533d3be8570:World0.usd@ <0x6533d3bedb00>)

2026-08-07T17:53:36Z [9,538ms] [Warning] [omni.usd] Warning: in _ReportErrors at line 3172 of /builds/omniverse/usd-ci/USD/pxr/usd/usd/stage.cpp -- In </World/envs/env_72/LinkerHand/ring_tip/visuals>: Unresolved reference prim path @/tmp/IsaacLab/usd_20260807_105335_548/configuration/linkerhand_l20_left_physics.usd@</visuals/ring_tip> introduced by @/tmp/IsaacLab/usd_20260807_105335_548/configuration/linkerhand_l20_left_base.usd@</linkerhand_l20_left/ring_tip/visuals> (recomposing stage on stage @anon:0x6533d3be8570:World0.usd@ <0x6533d3bedb00>)

2026-08-07T17:53:36Z [9,538ms] [Warning] [omni.usd] Warning: in _ReportErrors at line 3172 of /builds/omniverse/usd-ci/USD/pxr/usd/usd/stage.cpp -- In </World/envs/env_62/LinkerHand/index_tip/visuals>: Unresolved reference prim path @/tmp/IsaacLab/usd_20260807_105335_548/configuration/linkerhand_l20_left_physics.usd@</visuals/index_tip> introduced by @/tmp/IsaacLab/usd_20260807_105335_548/configuration/linkerhand_l20_left_base.usd@</linkerhand_l20_left/index_tip/visuals> (recomposing stage on stage @anon:0x6533d3be8570:World0.usd@ <0x6533d3bedb00>)

2026-08-07T17:53:36Z [9,538ms] [Warning] [omni.usd] Warning: in _ReportErrors at line 3172 of /builds/omniverse/usd-ci/USD/pxr/usd/usd/stage.cpp -- In </World/envs/env_72/Screwdriver/vitrual_link_1/visuals>: Unresolved reference prim path @/tmp/IsaacLab/usd_20260807_105335_5437/configuration/screwdriver_64mm_handle_physics.usd@</visuals/vitrual_link_1> introduced by @/tmp/IsaacLab/usd_20260807_105335_5437/configuration/screwdriver_64mm_handle_base.usd@</screwdriver_on_the_table_64mm_handle/vitrual_link_1/visuals> (recomposing stage on stage @anon:0x6533d3be8570:World0.usd@ <0x6533d3bedb00>)

2026-08-07T17:53:36Z [9,538ms] [Warning] [omni.usd] Warning: in _ReportErrors at line 3172 of /builds/omniverse/usd-ci/USD/pxr/usd/usd/stage.cpp -- In </World/envs/env_75/Screwdriver/vitrual_link_2/visuals>: Unresolved reference prim path @/tmp/IsaacLab/usd_20260807_105335_5437/configuration/screwdriver_64mm_handle_physics.usd@</visuals/vitrual_link_2> introduced by @/tmp/IsaacLab/usd_20260807_105335_5437/configuration/screwdriver_64mm_handle_base.usd@</screwdriver_on_the_table_64mm_handle/vitrual_link_2/visuals> (recomposing stage on stage @anon:0x6533d3be8570:World0.usd@ <0x6533d3bedb00>)

2026-08-07T17:53:36Z [9,538ms] [Warning] [omni.usd] Warning: in _ReportErrors at line 3172 of /builds/omniverse/usd-ci/USD/pxr/usd/usd/stage.cpp -- In </World/envs/env_63/LinkerHand/index_tip/visuals>: Unresolved reference prim path @/tmp/IsaacLab/usd_20260807_105335_548/configuration/linkerhand_l20_left_physics.usd@</visuals/index_tip> introduced by @/tmp/IsaacLab/usd_20260807_105335_548/configuration/linkerhand_l20_left_base.usd@</linkerhand_l20_left/index_tip/visuals> (recomposing stage on stage @anon:0x6533d3be8570:World0.usd@ <0x6533d3bedb00>)

2026-08-07T17:53:36Z [9,538ms] [Warning] [omni.usd] Warning: in _ReportErrors at line 3172 of /builds/omniverse/usd-ci/USD/pxr/usd/usd/stage.cpp -- In </World/envs/env_64/LinkerHand/middle_tip/visuals>: Unresolved reference prim path @/tmp/IsaacLab/usd_20260807_105335_548/configuration/linkerhand_l20_left_physics.usd@</visuals/middle_tip> introduced by @/tmp/IsaacLab/usd_20260807_105335_548/configuration/linkerhand_l20_left_base.usd@</linkerhand_l20_left/middle_tip/visuals> (recomposing stage on stage @anon:0x6533d3be8570:World0.usd@ <0x6533d3bedb00>)

2026-08-07T17:53:36Z [9,538ms] [Warning] [omni.usd] Warning: in _ReportErrors at line 3172 of /builds/omniverse/usd-ci/USD/pxr/usd/usd/stage.cpp -- In </World/envs/env_67/LinkerHand/pinky_tip/visuals>: Unresolved reference prim path @/tmp/IsaacLab/usd_20260807_105335_548/configuration/linkerhand_l20_left_physics.usd@</visuals/pinky_tip> introduced by @/tmp/IsaacLab/usd_20260807_105335_548/configuration/linkerhand_l20_left_base.usd@</linkerhand_l20_left/pinky_tip/visuals> (recomposing stage on stage @anon:0x6533d3be8570:World0.usd@ <0x6533d3bedb00>)

2026-08-07T17:53:36Z [9,538ms] [Warning] [omni.usd] Warning: in _ReportErrors at line 3172 of /builds/omniverse/usd-ci/USD/pxr/usd/usd/stage.cpp -- In </World/envs/env_66/LinkerHand/ring_tip/visuals>: Unresolved reference prim path @/tmp/IsaacLab/usd_20260807_105335_548/configuration/linkerhand_l20_left_physics.usd@</visuals/ring_tip> introduced by @/tmp/IsaacLab/usd_20260807_105335_548/configuration/linkerhand_l20_left_base.usd@</linkerhand_l20_left/ring_tip/visuals> (recomposing stage on stage @anon:0x6533d3be8570:World0.usd@ <0x6533d3bedb00>)

2026-08-07T17:53:36Z [9,538ms] [Warning] [omni.usd] Warning: in _ReportErrors at line 3172 of /builds/omniverse/usd-ci/USD/pxr/usd/usd/stage.cpp -- In </World/envs/env_75/Screwdriver/vitrual_link_1/visuals>: Unresolved reference prim path @/tmp/IsaacLab/usd_20260807_105335_5437/configuration/screwdriver_64mm_handle_physics.usd@</visuals/vitrual_link_1> introduced by @/tmp/IsaacLab/usd_20260807_105335_5437/configuration/screwdriver_64mm_handle_base.usd@</screwdriver_on_the_table_64mm_handle/vitrual_link_1/visuals> (recomposing stage on stage @anon:0x6533d3be8570:World0.usd@ <0x6533d3bedb00>)

2026-08-07T17:53:36Z [9,538ms] [Warning] [omni.usd] Warning: in _ReportErrors at line 3172 of /builds/omniverse/usd-ci/USD/pxr/usd/usd/stage.cpp -- In </World/envs/env_70/LinkerHand/ring_tip/visuals>: Unresolved reference prim path @/tmp/IsaacLab/usd_20260807_105335_548/configuration/linkerhand_l20_left_physics.usd@</visuals/ring_tip> introduced by @/tmp/IsaacLab/usd_20260807_105335_548/configuration/linkerhand_l20_left_base.usd@</linkerhand_l20_left/ring_tip/visuals> (recomposing stage on stage @anon:0x6533d3be8570:World0.usd@ <0x6533d3bedb00>)

2026-08-07T17:53:36Z [9,538ms] [Warning] [omni.usd] Warning: in _ReportErrors at line 3172 of /builds/omniverse/usd-ci/USD/pxr/usd/usd/stage.cpp -- In </World/envs/env_69/LinkerHand/middle_tip/visuals>: Unresolved reference prim path @/tmp/IsaacLab/usd_20260807_105335_548/configuration/linkerhand_l20_left_physics.usd@</visuals/middle_tip> introduced by @/tmp/IsaacLab/usd_20260807_105335_548/configuration/linkerhand_l20_left_base.usd@</linkerhand_l20_left/middle_tip/visuals> (recomposing stage on stage @anon:0x6533d3be8570:World0.usd@ <0x6533d3bedb00>)

2026-08-07T17:53:36Z [9,538ms] [Warning] [omni.usd] Warning: in _ReportErrors at line 3172 of /builds/omniverse/usd-ci/USD/pxr/usd/usd/stage.cpp -- In </World/envs/env_71/LinkerHand/ring_tip/visuals>: Unresolved reference prim path @/tmp/IsaacLab/usd_20260807_105335_548/configuration/linkerhand_l20_left_physics.usd@</visuals/ring_tip> introduced by @/tmp/IsaacLab/usd_20260807_105335_548/configuration/linkerhand_l20_left_base.usd@</linkerhand_l20_left/ring_tip/visuals> (recomposing stage on stage @anon:0x6533d3be8570:World0.usd@ <0x6533d3bedb00>)

2026-08-07T17:53:36Z [9,538ms] [Warning] [omni.usd] Warning: in _ReportErrors at line 3172 of /builds/omniverse/usd-ci/USD/pxr/usd/usd/stage.cpp -- In </World/envs/env_73/LinkerHand/ring_tip/visuals>: Unresolved reference prim path @/tmp/IsaacLab/usd_20260807_105335_548/configuration/linkerhand_l20_left_physics.usd@</visuals/ring_tip> introduced by @/tmp/IsaacLab/usd_20260807_105335_548/configuration/linkerhand_l20_left_base.usd@</linkerhand_l20_left/ring_tip/visuals> (recomposing stage on stage @anon:0x6533d3be8570:World0.usd@ <0x6533d3bedb00>)

2026-08-07T17:53:36Z [9,538ms] [Warning] [omni.usd] Warning: in _ReportErrors at line 3172 of /builds/omniverse/usd-ci/USD/pxr/usd/usd/stage.cpp -- In </World/envs/env_76/LinkerHand/thumb_tip/visuals>: Unresolved reference prim path @/tmp/IsaacLab/usd_20260807_105335_548/configuration/linkerhand_l20_left_physics.usd@</visuals/thumb_tip> introduced by @/tmp/IsaacLab/usd_20260807_105335_548/configuration/linkerhand_l20_left_base.usd@</linkerhand_l20_left/thumb_tip/visuals> (recomposing stage on stage @anon:0x6533d3be8570:World0.usd@ <0x6533d3bedb00>)

2026-08-07T17:53:36Z [9,538ms] [Warning] [omni.usd] Warning: in _ReportErrors at line 3172 of /builds/omniverse/usd-ci/USD/pxr/usd/usd/stage.cpp -- In </World/envs/env_96/LinkerHand/thumb_tip/visuals>: Unresolved reference prim path @/tmp/IsaacLab/usd_20260807_105335_548/configuration/linkerhand_l20_left_physics.usd@</visuals/thumb_tip> introduced by @/tmp/IsaacLab/usd_20260807_105335_548/configuration/linkerhand_l20_left_base.usd@</linkerhand_l20_left/thumb_tip/visuals> (recomposing stage on stage @anon:0x6533d3be8570:World0.usd@ <0x6533d3bedb00>)

2026-08-07T17:53:36Z [9,538ms] [Warning] [omni.usd] Warning: in _ReportErrors at line 3172 of /builds/omniverse/usd-ci/USD/pxr/usd/usd/stage.cpp -- In </World/envs/env_7/LinkerHand/middle_tip/visuals>: Unresolved reference prim path @/tmp/IsaacLab/usd_20260807_105335_548/configuration/linkerhand_l20_left_physics.usd@</visuals/middle_tip> introduced by @/tmp/IsaacLab/usd_20260807_105335_548/configuration/linkerhand_l20_left_base.usd@</linkerhand_l20_left/middle_tip/visuals> (recomposing stage on stage @anon:0x6533d3be8570:World0.usd@ <0x6533d3bedb00>)

2026-08-07T17:53:36Z [9,538ms] [Warning] [omni.usd] Warning: in _ReportErrors at line 3172 of /builds/omniverse/usd-ci/USD/pxr/usd/usd/stage.cpp -- In </World/envs/env_68/LinkerHand/pinky_tip/visuals>: Unresolved reference prim path @/tmp/IsaacLab/usd_20260807_105335_548/configuration/linkerhand_l20_left_physics.usd@</visuals/pinky_tip> introduced by @/tmp/IsaacLab/usd_20260807_105335_548/configuration/linkerhand_l20_left_base.usd@</linkerhand_l20_left/pinky_tip/visuals> (recomposing stage on stage @anon:0x6533d3be8570:World0.usd@ <0x6533d3bedb00>)

2026-08-07T17:53:36Z [9,538ms] [Warning] [omni.usd] Warning: in _ReportErrors at line 3172 of /builds/omniverse/usd-ci/USD/pxr/usd/usd/stage.cpp -- In </World/envs/env_76/Screwdriver/vitrual_link_2/visuals>: Unresolved reference prim path @/tmp/IsaacLab/usd_20260807_105335_5437/configuration/screwdriver_64mm_handle_physics.usd@</visuals/vitrual_link_2> introduced by @/tmp/IsaacLab/usd_20260807_105335_5437/configuration/screwdriver_64mm_handle_base.usd@</screwdriver_on_the_table_64mm_handle/vitrual_link_2/visuals> (recomposing stage on stage @anon:0x6533d3be8570:World0.usd@ <0x6533d3bedb00>)

2026-08-07T17:53:36Z [9,538ms] [Warning] [omni.usd] Warning: in _ReportErrors at line 3172 of /builds/omniverse/usd-ci/USD/pxr/usd/usd/stage.cpp -- In </World/envs/env_77/Screwdriver/vitrual_link_2/visuals>: Unresolved reference prim path @/tmp/IsaacLab/usd_20260807_105335_5437/configuration/screwdriver_64mm_handle_physics.usd@</visuals/vitrual_link_2> introduced by @/tmp/IsaacLab/usd_20260807_105335_5437/configuration/screwdriver_64mm_handle_base.usd@</screwdriver_on_the_table_64mm_handle/vitrual_link_2/visuals> (recomposing stage on stage @anon:0x6533d3be8570:World0.usd@ <0x6533d3bedb00>)

2026-08-07T17:53:36Z [9,538ms] [Warning] [omni.usd] Warning: in _ReportErrors at line 3172 of /builds/omniverse/usd-ci/USD/pxr/usd/usd/stage.cpp -- In </World/envs/env_74/LinkerHand/ring_tip/visuals>: Unresolved reference prim path @/tmp/IsaacLab/usd_20260807_105335_548/configuration/linkerhand_l20_left_physics.usd@</visuals/ring_tip> introduced by @/tmp/IsaacLab/usd_20260807_105335_548/configuration/linkerhand_l20_left_base.usd@</linkerhand_l20_left/ring_tip/visuals> (recomposing stage on stage @anon:0x6533d3be8570:World0.usd@ <0x6533d3bedb00>)

2026-08-07T17:53:36Z [9,538ms] [Warning] [omni.usd] Warning: in _ReportErrors at line 3172 of /builds/omniverse/usd-ci/USD/pxr/usd/usd/stage.cpp -- In </World/envs/env_76/Screwdriver/vitrual_link_1/visuals>: Unresolved reference prim path @/tmp/IsaacLab/usd_20260807_105335_5437/configuration/screwdriver_64mm_handle_physics.usd@</visuals/vitrual_link_1> introduced by @/tmp/IsaacLab/usd_20260807_105335_5437/configuration/screwdriver_64mm_handle_base.usd@</screwdriver_on_the_table_64mm_handle/vitrual_link_1/visuals> (recomposing stage on stage @anon:0x6533d3be8570:World0.usd@ <0x6533d3bedb00>)

2026-08-07T17:53:36Z [9,538ms] [Warning] [omni.usd] Warning: in _ReportErrors at line 3172 of /builds/omniverse/usd-ci/USD/pxr/usd/usd/stage.cpp -- In </World/envs/env_67/LinkerHand/middle_tip/visuals>: Unresolved reference prim path @/tmp/IsaacLab/usd_20260807_105335_548/configuration/linkerhand_l20_left_physics.usd@</visuals/middle_tip> introduced by @/tmp/IsaacLab/usd_20260807_105335_548/configuration/linkerhand_l20_left_base.usd@</linkerhand_l20_left/middle_tip/visuals> (recomposing stage on stage @anon:0x6533d3be8570:World0.usd@ <0x6533d3bedb00>)

2026-08-07T17:53:36Z [9,538ms] [Warning] [omni.usd] Warning: in _ReportErrors at line 3172 of /builds/omniverse/usd-ci/USD/pxr/usd/usd/stage.cpp -- In </World/envs/env_73/LinkerHand/pinky_tip/visuals>: Unresolved reference prim path @/tmp/IsaacLab/usd_20260807_105335_548/configuration/linkerhand_l20_left_physics.usd@</visuals/pinky_tip> introduced by @/tmp/IsaacLab/usd_20260807_105335_548/configuration/linkerhand_l20_left_base.usd@</linkerhand_l20_left/pinky_tip/visuals> (recomposing stage on stage @anon:0x6533d3be8570:World0.usd@ <0x6533d3bedb00>)

2026-08-07T17:53:36Z [9,538ms] [Warning] [omni.usd] Warning: in _ReportErrors at line 3172 of /builds/omniverse/usd-ci/USD/pxr/usd/usd/stage.cpp -- In </World/envs/env_72/LinkerHand/pinky_tip/visuals>: Unresolved reference prim path @/tmp/IsaacLab/usd_20260807_105335_548/configuration/linkerhand_l20_left_physics.usd@</visuals/pinky_tip> introduced by @/tmp/IsaacLab/usd_20260807_105335_548/configuration/linkerhand_l20_left_base.usd@</linkerhand_l20_left/pinky_tip/visuals> (recomposing stage on stage @anon:0x6533d3be8570:World0.usd@ <0x6533d3bedb00>)

2026-08-07T17:53:36Z [9,538ms] [Warning] [omni.usd] Warning: in _ReportErrors at line 3172 of /builds/omniverse/usd-ci/USD/pxr/usd/usd/stage.cpp -- In </World/envs/env_66/LinkerHand/pinky_tip/visuals>: Unresolved reference prim path @/tmp/IsaacLab/usd_20260807_105335_548/configuration/linkerhand_l20_left_physics.usd@</visuals/pinky_tip> introduced by @/tmp/IsaacLab/usd_20260807_105335_548/configuration/linkerhand_l20_left_base.usd@</linkerhand_l20_left/pinky_tip/visuals> (recomposing stage on stage @anon:0x6533d3be8570:World0.usd@ <0x6533d3bedb00>)

2026-08-07T17:53:36Z [9,538ms] [Warning] [omni.usd] Warning: in _ReportErrors at line 3172 of /builds/omniverse/usd-ci/USD/pxr/usd/usd/stage.cpp -- In </World/envs/env_68/LinkerHand/index_tip/visuals>: Unresolved reference prim path @/tmp/IsaacLab/usd_20260807_105335_548/configuration/linkerhand_l20_left_physics.usd@</visuals/index_tip> introduced by @/tmp/IsaacLab/usd_20260807_105335_548/configuration/linkerhand_l20_left_base.usd@</linkerhand_l20_left/index_tip/visuals> (recomposing stage on stage @anon:0x6533d3be8570:World0.usd@ <0x6533d3bedb00>)

2026-08-07T17:53:36Z [9,538ms] [Warning] [omni.usd] Warning: in _ReportErrors at line 3172 of /builds/omniverse/usd-ci/USD/pxr/usd/usd/stage.cpp -- In </World/envs/env_77/Screwdriver/vitrual_link_1/visuals>: Unresolved reference prim path @/tmp/IsaacLab/usd_20260807_105335_5437/configuration/screwdriver_64mm_handle_physics.usd@</visuals/vitrual_link_1> introduced by @/tmp/IsaacLab/usd_20260807_105335_5437/configuration/screwdriver_64mm_handle_base.usd@</screwdriver_on_the_table_64mm_handle/vitrual_link_1/visuals> (recomposing stage on stage @anon:0x6533d3be8570:World0.usd@ <0x6533d3bedb00>)

2026-08-07T17:53:36Z [9,538ms] [Warning] [omni.usd] Warning: in _ReportErrors at line 3172 of /builds/omniverse/usd-ci/USD/pxr/usd/usd/stage.cpp -- In </World/envs/env_75/LinkerHand/ring_tip/visuals>: Unresolved reference prim path @/tmp/IsaacLab/usd_20260807_105335_548/configuration/linkerhand_l20_left_physics.usd@</visuals/ring_tip> introduced by @/tmp/IsaacLab/usd_20260807_105335_548/configuration/linkerhand_l20_left_base.usd@</linkerhand_l20_left/ring_tip/visuals> (recomposing stage on stage @anon:0x6533d3be8570:World0.usd@ <0x6533d3bedb00>)

2026-08-07T17:53:36Z [9,538ms] [Warning] [omni.usd] Warning: in _ReportErrors at line 3172 of /builds/omniverse/usd-ci/USD/pxr/usd/usd/stage.cpp -- In </World/envs/env_70/LinkerHand/pinky_tip/visuals>: Unresolved reference prim path @/tmp/IsaacLab/usd_20260807_105335_548/configuration/linkerhand_l20_left_physics.usd@</visuals/pinky_tip> introduced by @/tmp/IsaacLab/usd_20260807_105335_548/configuration/linkerhand_l20_left_base.usd@</linkerhand_l20_left/pinky_tip/visuals> (recomposing stage on stage @anon:0x6533d3be8570:World0.usd@ <0x6533d3bedb00>)

2026-08-07T17:53:36Z [9,538ms] [Warning] [omni.usd] Warning: in _ReportErrors at line 3172 of /builds/omniverse/usd-ci/USD/pxr/usd/usd/stage.cpp -- In </World/envs/env_71/LinkerHand/pinky_tip/visuals>: Unresolved reference prim path @/tmp/IsaacLab/usd_20260807_105335_548/configuration/linkerhand_l20_left_physics.usd@</visuals/pinky_tip> introduced by @/tmp/IsaacLab/usd_20260807_105335_548/configuration/linkerhand_l20_left_base.usd@</linkerhand_l20_left/pinky_tip/visuals> (recomposing stage on stage @anon:0x6533d3be8570:World0.usd@ <0x6533d3bedb00>)

2026-08-07T17:53:36Z [9,538ms] [Warning] [omni.usd] Warning: in _ReportErrors at line 3172 of /builds/omniverse/usd-ci/USD/pxr/usd/usd/stage.cpp -- In </World/envs/env_77/LinkerHand/thumb_tip/visuals>: Unresolved reference prim path @/tmp/IsaacLab/usd_20260807_105335_548/configuration/linkerhand_l20_left_physics.usd@</visuals/thumb_tip> introduced by @/tmp/IsaacLab/usd_20260807_105335_548/configuration/linkerhand_l20_left_base.usd@</linkerhand_l20_left/thumb_tip/visuals> (recomposing stage on stage @anon:0x6533d3be8570:World0.usd@ <0x6533d3bedb00>)

2026-08-07T17:53:36Z [9,538ms] [Warning] [omni.usd] Warning: in _ReportErrors at line 3172 of /builds/omniverse/usd-ci/USD/pxr/usd/usd/stage.cpp -- In </World/envs/env_71/LinkerHand/index_tip/visuals>: Unresolved reference prim path @/tmp/IsaacLab/usd_20260807_105335_548/configuration/linkerhand_l20_left_physics.usd@</visuals/index_tip> introduced by @/tmp/IsaacLab/usd_20260807_105335_548/configuration/linkerhand_l20_left_base.usd@</linkerhand_l20_left/index_tip/visuals> (recomposing stage on stage @anon:0x6533d3be8570:World0.usd@ <0x6533d3bedb00>)

2026-08-07T17:53:36Z [9,538ms] [Warning] [omni.usd] Warning: in _ReportErrors at line 3172 of /builds/omniverse/usd-ci/USD/pxr/usd/usd/stage.cpp -- In </World/envs/env_70/LinkerHand/index_tip/visuals>: Unresolved reference prim path @/tmp/IsaacLab/usd_20260807_105335_548/configuration/linkerhand_l20_left_physics.usd@</visuals/index_tip> introduced by @/tmp/IsaacLab/usd_20260807_105335_548/configuration/linkerhand_l20_left_base.usd@</linkerhand_l20_left/index_tip/visuals> (recomposing stage on stage @anon:0x6533d3be8570:World0.usd@ <0x6533d3bedb00>)

2026-08-07T17:53:36Z [9,538ms] [Warning] [omni.usd] Warning: in _ReportErrors at line 3172 of /builds/omniverse/usd-ci/USD/pxr/usd/usd/stage.cpp -- In </World/envs/env_69/LinkerHand/index_tip/visuals>: Unresolved reference prim path @/tmp/IsaacLab/usd_20260807_105335_548/configuration/linkerhand_l20_left_physics.usd@</visuals/index_tip> introduced by @/tmp/IsaacLab/usd_20260807_105335_548/configuration/linkerhand_l20_left_base.usd@</linkerhand_l20_left/index_tip/visuals> (recomposing stage on stage @anon:0x6533d3be8570:World0.usd@ <0x6533d3bedb00>)

2026-08-07T17:53:36Z [9,538ms] [Warning] [omni.usd] Warning: in _ReportErrors at line 3172 of /builds/omniverse/usd-ci/USD/pxr/usd/usd/stage.cpp -- In </World/envs/env_72/LinkerHand/middle_tip/visuals>: Unresolved reference prim path @/tmp/IsaacLab/usd_20260807_105335_548/configuration/linkerhand_l20_left_physics.usd@</visuals/middle_tip> introduced by @/tmp/IsaacLab/usd_20260807_105335_548/configuration/linkerhand_l20_left_base.usd@</linkerhand_l20_left/middle_tip/visuals> (recomposing stage on stage @anon:0x6533d3be8570:World0.usd@ <0x6533d3bedb00>)

2026-08-07T17:53:36Z [9,538ms] [Warning] [omni.usd] Warning: in _ReportErrors at line 3172 of /builds/omniverse/usd-ci/USD/pxr/usd/usd/stage.cpp -- In </World/envs/env_78/LinkerHand/thumb_tip/visuals>: Unresolved reference prim path @/tmp/IsaacLab/usd_20260807_105335_548/configuration/linkerhand_l20_left_physics.usd@</visuals/thumb_tip> introduced by @/tmp/IsaacLab/usd_20260807_105335_548/configuration/linkerhand_l20_left_base.usd@</linkerhand_l20_left/thumb_tip/visuals> (recomposing stage on stage @anon:0x6533d3be8570:World0.usd@ <0x6533d3bedb00>)

2026-08-07T17:53:36Z [9,538ms] [Warning] [omni.usd] Warning: in _ReportErrors at line 3172 of /builds/omniverse/usd-ci/USD/pxr/usd/usd/stage.cpp -- In </World/envs/env_73/LinkerHand/middle_tip/visuals>: Unresolved reference prim path @/tmp/IsaacLab/usd_20260807_105335_548/configuration/linkerhand_l20_left_physics.usd@</visuals/middle_tip> introduced by @/tmp/IsaacLab/usd_20260807_105335_548/configuration/linkerhand_l20_left_base.usd@</linkerhand_l20_left/middle_tip/visuals> (recomposing stage on stage @anon:0x6533d3be8570:World0.usd@ <0x6533d3bedb00>)

2026-08-07T17:53:36Z [9,538ms] [Warning] [omni.usd] Warning: in _ReportErrors at line 3172 of /builds/omniverse/usd-ci/USD/pxr/usd/usd/stage.cpp -- In </World/envs/env_76/LinkerHand/ring_tip/visuals>: Unresolved reference prim path @/tmp/IsaacLab/usd_20260807_105335_548/configuration/linkerhand_l20_left_physics.usd@</visuals/ring_tip> introduced by @/tmp/IsaacLab/usd_20260807_105335_548/configuration/linkerhand_l20_left_base.usd@</linkerhand_l20_left/ring_tip/visuals> (recomposing stage on stage @anon:0x6533d3be8570:World0.usd@ <0x6533d3bedb00>)

2026-08-07T17:53:36Z [9,538ms] [Warning] [omni.usd] Warning: in _ReportErrors at line 3172 of /builds/omniverse/usd-ci/USD/pxr/usd/usd/stage.cpp -- In </World/envs/env_96/LinkerHand/ring_tip/visuals>: Unresolved reference prim path @/tmp/IsaacLab/usd_20260807_105335_548/configuration/linkerhand_l20_left_physics.usd@</visuals/ring_tip> introduced by @/tmp/IsaacLab/usd_20260807_105335_548/configuration/linkerhand_l20_left_base.usd@</linkerhand_l20_left/ring_tip/visuals> (recomposing stage on stage @anon:0x6533d3be8570:World0.usd@ <0x6533d3bedb00>)

2026-08-07T17:53:36Z [9,538ms] [Warning] [omni.usd] Warning: in _ReportErrors at line 3172 of /builds/omniverse/usd-ci/USD/pxr/usd/usd/stage.cpp -- In </World/envs/env_74/LinkerHand/pinky_tip/visuals>: Unresolved reference prim path @/tmp/IsaacLab/usd_20260807_105335_548/configuration/linkerhand_l20_left_physics.usd@</visuals/pinky_tip> introduced by @/tmp/IsaacLab/usd_20260807_105335_548/configuration/linkerhand_l20_left_base.usd@</linkerhand_l20_left/pinky_tip/visuals> (recomposing stage on stage @anon:0x6533d3be8570:World0.usd@ <0x6533d3bedb00>)

2026-08-07T17:53:36Z [9,538ms] [Warning] [omni.usd] Warning: in _ReportErrors at line 3172 of /builds/omniverse/usd-ci/USD/pxr/usd/usd/stage.cpp -- In </World/envs/env_75/LinkerHand/pinky_tip/visuals>: Unresolved reference prim path @/tmp/IsaacLab/usd_20260807_105335_548/configuration/linkerhand_l20_left_physics.usd@</visuals/pinky_tip> introduced by @/tmp/IsaacLab/usd_20260807_105335_548/configuration/linkerhand_l20_left_base.usd@</linkerhand_l20_left/pinky_tip/visuals> (recomposing stage on stage @anon:0x6533d3be8570:World0.usd@ <0x6533d3bedb00>)

2026-08-07T17:53:36Z [9,538ms] [Warning] [omni.usd] Warning: in _ReportErrors at line 3172 of /builds/omniverse/usd-ci/USD/pxr/usd/usd/stage.cpp -- In </World/envs/env_66/LinkerHand/middle_tip/visuals>: Unresolved reference prim path @/tmp/IsaacLab/usd_20260807_105335_548/configuration/linkerhand_l20_left_physics.usd@</visuals/middle_tip> introduced by @/tmp/IsaacLab/usd_20260807_105335_548/configuration/linkerhand_l20_left_base.usd@</linkerhand_l20_left/middle_tip/visuals> (recomposing stage on stage @anon:0x6533d3be8570:World0.usd@ <0x6533d3bedb00>)

2026-08-07T17:53:36Z [9,538ms] [Warning] [omni.usd] Warning: in _ReportErrors at line 3172 of /builds/omniverse/usd-ci/USD/pxr/usd/usd/stage.cpp -- In </World/envs/env_67/LinkerHand/index_tip/visuals>: Unresolved reference prim path @/tmp/IsaacLab/usd_20260807_105335_548/configuration/linkerhand_l20_left_physics.usd@</visuals/index_tip> introduced by @/tmp/IsaacLab/usd_20260807_105335_548/configuration/linkerhand_l20_left_base.usd@</linkerhand_l20_left/index_tip/visuals> (recomposing stage on stage @anon:0x6533d3be8570:World0.usd@ <0x6533d3bedb00>)

2026-08-07T17:53:36Z [9,538ms] [Warning] [omni.usd] Warning: in _ReportErrors at line 3172 of /builds/omniverse/usd-ci/USD/pxr/usd/usd/stage.cpp -- In </World/envs/env_74/LinkerHand/index_tip/visuals>: Unresolved reference prim path @/tmp/IsaacLab/usd_20260807_105335_548/configuration/linkerhand_l20_left_physics.usd@</visuals/index_tip> introduced by @/tmp/IsaacLab/usd_20260807_105335_548/configuration/linkerhand_l20_left_base.usd@</linkerhand_l20_left/index_tip/visuals> (recomposing stage on stage @anon:0x6533d3be8570:World0.usd@ <0x6533d3bedb00>)

2026-08-07T17:53:36Z [9,538ms] [Warning] [omni.usd] Warning: in _ReportErrors at line 3172 of /builds/omniverse/usd-ci/USD/pxr/usd/usd/stage.cpp -- In </World/envs/env_78/Screwdriver/vitrual_link_2/visuals>: Unresolved reference prim path @/tmp/IsaacLab/usd_20260807_105335_5437/configuration/screwdriver_64mm_handle_physics.usd@</visuals/vitrual_link_2> introduced by @/tmp/IsaacLab/usd_20260807_105335_5437/configuration/screwdriver_64mm_handle_base.usd@</screwdriver_on_the_table_64mm_handle/vitrual_link_2/visuals> (recomposing stage on stage @anon:0x6533d3be8570:World0.usd@ <0x6533d3bedb00>)

2026-08-07T17:53:36Z [9,538ms] [Warning] [omni.usd] Warning: in _ReportErrors at line 3172 of /builds/omniverse/usd-ci/USD/pxr/usd/usd/stage.cpp -- In </World/envs/env_77/LinkerHand/ring_tip/visuals>: Unresolved reference prim path @/tmp/IsaacLab/usd_20260807_105335_548/configuration/linkerhand_l20_left_physics.usd@</visuals/ring_tip> introduced by @/tmp/IsaacLab/usd_20260807_105335_548/configuration/linkerhand_l20_left_base.usd@</linkerhand_l20_left/ring_tip/visuals> (recomposing stage on stage @anon:0x6533d3be8570:World0.usd@ <0x6533d3bedb00>)

2026-08-07T17:53:36Z [9,538ms] [Warning] [omni.usd] Warning: in _ReportErrors at line 3172 of /builds/omniverse/usd-ci/USD/pxr/usd/usd/stage.cpp -- In </World/envs/env_68/LinkerHand/middle_tip/visuals>: Unresolved reference prim path @/tmp/IsaacLab/usd_20260807_105335_548/configuration/linkerhand_l20_left_physics.usd@</visuals/middle_tip> introduced by @/tmp/IsaacLab/usd_20260807_105335_548/configuration/linkerhand_l20_left_base.usd@</linkerhand_l20_left/middle_tip/visuals> (recomposing stage on stage @anon:0x6533d3be8570:World0.usd@ <0x6533d3bedb00>)

2026-08-07T17:53:36Z [9,538ms] [Warning] [omni.usd] Warning: in _ReportErrors at line 3172 of /builds/omniverse/usd-ci/USD/pxr/usd/usd/stage.cpp -- In </World/envs/env_76/LinkerHand/pinky_tip/visuals>: Unresolved reference prim path @/tmp/IsaacLab/usd_20260807_105335_548/configuration/linkerhand_l20_left_physics.usd@</visuals/pinky_tip> introduced by @/tmp/IsaacLab/usd_20260807_105335_548/configuration/linkerhand_l20_left_base.usd@</linkerhand_l20_left/pinky_tip/visuals> (recomposing stage on stage @anon:0x6533d3be8570:World0.usd@ <0x6533d3bedb00>)

2026-08-07T17:53:36Z [9,538ms] [Warning] [omni.usd] Warning: in _ReportErrors at line 3172 of /builds/omniverse/usd-ci/USD/pxr/usd/usd/stage.cpp -- In </World/envs/env_78/Screwdriver/vitrual_link_1/visuals>: Unresolved reference prim path @/tmp/IsaacLab/usd_20260807_105335_5437/configuration/screwdriver_64mm_handle_physics.usd@</visuals/vitrual_link_1> introduced by @/tmp/IsaacLab/usd_20260807_105335_5437/configuration/screwdriver_64mm_handle_base.usd@</screwdriver_on_the_table_64mm_handle/vitrual_link_1/visuals> (recomposing stage on stage @anon:0x6533d3be8570:World0.usd@ <0x6533d3bedb00>)

2026-08-07T17:53:36Z [9,538ms] [Warning] [omni.usd] Warning: in _ReportErrors at line 3172 of /builds/omniverse/usd-ci/USD/pxr/usd/usd/stage.cpp -- In </World/envs/env_73/LinkerHand/index_tip/visuals>: Unresolved reference prim path @/tmp/IsaacLab/usd_20260807_105335_548/configuration/linkerhand_l20_left_physics.usd@</visuals/index_tip> introduced by @/tmp/IsaacLab/usd_20260807_105335_548/configuration/linkerhand_l20_left_base.usd@</linkerhand_l20_left/index_tip/visuals> (recomposing stage on stage @anon:0x6533d3be8570:World0.usd@ <0x6533d3bedb00>)

2026-08-07T17:53:36Z [9,538ms] [Warning] [omni.usd] Warning: in _ReportErrors at line 3172 of /builds/omniverse/usd-ci/USD/pxr/usd/usd/stage.cpp -- In </World/envs/env_71/LinkerHand/middle_tip/visuals>: Unresolved reference prim path @/tmp/IsaacLab/usd_20260807_105335_548/configuration/linkerhand_l20_left_physics.usd@</visuals/middle_tip> introduced by @/tmp/IsaacLab/usd_20260807_105335_548/configuration/linkerhand_l20_left_base.usd@</linkerhand_l20_left/middle_tip/visuals> (recomposing stage on stage @anon:0x6533d3be8570:World0.usd@ <0x6533d3bedb00>)

2026-08-07T17:53:36Z [9,538ms] [Warning] [omni.usd] Warning: in _ReportErrors at line 3172 of /builds/omniverse/usd-ci/USD/pxr/usd/usd/stage.cpp -- In </World/envs/env_70/LinkerHand/middle_tip/visuals>: Unresolved reference prim path @/tmp/IsaacLab/usd_20260807_105335_548/configuration/linkerhand_l20_left_physics.usd@</visuals/middle_tip> introduced by @/tmp/IsaacLab/usd_20260807_105335_548/configuration/linkerhand_l20_left_base.usd@</linkerhand_l20_left/middle_tip/visuals> (recomposing stage on stage @anon:0x6533d3be8570:World0.usd@ <0x6533d3bedb00>)

2026-08-07T17:53:36Z [9,538ms] [Warning] [omni.usd] Warning: in _ReportErrors at line 3172 of /builds/omniverse/usd-ci/USD/pxr/usd/usd/stage.cpp -- In </World/envs/env_78/LinkerHand/ring_tip/visuals>: Unresolved reference prim path @/tmp/IsaacLab/usd_20260807_105335_548/configuration/linkerhand_l20_left_physics.usd@</visuals/ring_tip> introduced by @/tmp/IsaacLab/usd_20260807_105335_548/configuration/linkerhand_l20_left_base.usd@</linkerhand_l20_left/ring_tip/visuals> (recomposing stage on stage @anon:0x6533d3be8570:World0.usd@ <0x6533d3bedb00>)

2026-08-07T17:53:36Z [9,538ms] [Warning] [omni.usd] Warning: in _ReportErrors at line 3172 of /builds/omniverse/usd-ci/USD/pxr/usd/usd/stage.cpp -- In </World/envs/env_66/LinkerHand/index_tip/visuals>: Unresolved reference prim path @/tmp/IsaacLab/usd_20260807_105335_548/configuration/linkerhand_l20_left_physics.usd@</visuals/index_tip> introduced by @/tmp/IsaacLab/usd_20260807_105335_548/configuration/linkerhand_l20_left_base.usd@</linkerhand_l20_left/index_tip/visuals> (recomposing stage on stage @anon:0x6533d3be8570:World0.usd@ <0x6533d3bedb00>)

2026-08-07T17:53:36Z [9,538ms] [Warning] [omni.usd] Warning: in _ReportErrors at line 3172 of /builds/omniverse/usd-ci/USD/pxr/usd/usd/stage.cpp -- In </World/envs/env_72/LinkerHand/index_tip/visuals>: Unresolved reference prim path @/tmp/IsaacLab/usd_20260807_105335_548/configuration/linkerhand_l20_left_physics.usd@</visuals/index_tip> introduced by @/tmp/IsaacLab/usd_20260807_105335_548/configuration/linkerhand_l20_left_base.usd@</linkerhand_l20_left/index_tip/visuals> (recomposing stage on stage @anon:0x6533d3be8570:World0.usd@ <0x6533d3bedb00>)

2026-08-07T17:53:36Z [9,538ms] [Warning] [omni.usd] Warning: in _ReportErrors at line 3172 of /builds/omniverse/usd-ci/USD/pxr/usd/usd/stage.cpp -- In </World/envs/env_75/LinkerHand/middle_tip/visuals>: Unresolved reference prim path @/tmp/IsaacLab/usd_20260807_105335_548/configuration/linkerhand_l20_left_physics.usd@</visuals/middle_tip> introduced by @/tmp/IsaacLab/usd_20260807_105335_548/configuration/linkerhand_l20_left_base.usd@</linkerhand_l20_left/middle_tip/visuals> (recomposing stage on stage @anon:0x6533d3be8570:World0.usd@ <0x6533d3bedb00>)

2026-08-07T17:53:36Z [9,538ms] [Warning] [omni.usd] Warning: in _ReportErrors at line 3172 of /builds/omniverse/usd-ci/USD/pxr/usd/usd/stage.cpp -- In </World/envs/env_74/LinkerHand/middle_tip/visuals>: Unresolved reference prim path @/tmp/IsaacLab/usd_20260807_105335_548/configuration/linkerhand_l20_left_physics.usd@</visuals/middle_tip> introduced by @/tmp/IsaacLab/usd_20260807_105335_548/configuration/linkerhand_l20_left_base.usd@</linkerhand_l20_left/middle_tip/visuals> (recomposing stage on stage @anon:0x6533d3be8570:World0.usd@ <0x6533d3bedb00>)

2026-08-07T17:53:36Z [9,538ms] [Warning] [omni.usd] Warning: in _ReportErrors at line 3172 of /builds/omniverse/usd-ci/USD/pxr/usd/usd/stage.cpp -- In </World/envs/env_76/LinkerHand/index_tip/visuals>: Unresolved reference prim path @/tmp/IsaacLab/usd_20260807_105335_548/configuration/linkerhand_l20_left_physics.usd@</visuals/index_tip> introduced by @/tmp/IsaacLab/usd_20260807_105335_548/configuration/linkerhand_l20_left_base.usd@</linkerhand_l20_left/index_tip/visuals> (recomposing stage on stage @anon:0x6533d3be8570:World0.usd@ <0x6533d3bedb00>)

2026-08-07T17:53:36Z [9,538ms] [Warning] [omni.usd] Warning: in _ReportErrors at line 3172 of /builds/omniverse/usd-ci/USD/pxr/usd/usd/stage.cpp -- In </World/envs/env_79/LinkerHand/thumb_tip/visuals>: Unresolved reference prim path @/tmp/IsaacLab/usd_20260807_105335_548/configuration/linkerhand_l20_left_physics.usd@</visuals/thumb_tip> introduced by @/tmp/IsaacLab/usd_20260807_105335_548/configuration/linkerhand_l20_left_base.usd@</linkerhand_l20_left/thumb_tip/visuals> (recomposing stage on stage @anon:0x6533d3be8570:World0.usd@ <0x6533d3bedb00>)

2026-08-07T17:53:36Z [9,538ms] [Warning] [omni.usd] Warning: in _ReportErrors at line 3172 of /builds/omniverse/usd-ci/USD/pxr/usd/usd/stage.cpp -- In </World/envs/env_79/Screwdriver/vitrual_link_1/visuals>: Unresolved reference prim path @/tmp/IsaacLab/usd_20260807_105335_5437/configuration/screwdriver_64mm_handle_physics.usd@</visuals/vitrual_link_1> introduced by @/tmp/IsaacLab/usd_20260807_105335_5437/configuration/screwdriver_64mm_handle_base.usd@</screwdriver_on_the_table_64mm_handle/vitrual_link_1/visuals> (recomposing stage on stage @anon:0x6533d3be8570:World0.usd@ <0x6533d3bedb00>)

2026-08-07T17:53:36Z [9,538ms] [Warning] [omni.usd] Warning: in _ReportErrors at line 3172 of /builds/omniverse/usd-ci/USD/pxr/usd/usd/stage.cpp -- In </World/envs/env_8/LinkerHand/thumb_tip/visuals>: Unresolved reference prim path @/tmp/IsaacLab/usd_20260807_105335_548/configuration/linkerhand_l20_left_physics.usd@</visuals/thumb_tip> introduced by @/tmp/IsaacLab/usd_20260807_105335_548/configuration/linkerhand_l20_left_base.usd@</linkerhand_l20_left/thumb_tip/visuals> (recomposing stage on stage @anon:0x6533d3be8570:World0.usd@ <0x6533d3bedb00>)

2026-08-07T17:53:36Z [9,538ms] [Warning] [omni.usd] Warning: in _ReportErrors at line 3172 of /builds/omniverse/usd-ci/USD/pxr/usd/usd/stage.cpp -- In </World/envs/env_75/LinkerHand/index_tip/visuals>: Unresolved reference prim path @/tmp/IsaacLab/usd_20260807_105335_548/configuration/linkerhand_l20_left_physics.usd@</visuals/index_tip> introduced by @/tmp/IsaacLab/usd_20260807_105335_548/configuration/linkerhand_l20_left_base.usd@</linkerhand_l20_left/index_tip/visuals> (recomposing stage on stage @anon:0x6533d3be8570:World0.usd@ <0x6533d3bedb00>)

2026-08-07T17:53:36Z [9,538ms] [Warning] [omni.usd] Warning: in _ReportErrors at line 3172 of /builds/omniverse/usd-ci/USD/pxr/usd/usd/stage.cpp -- In </World/envs/env_82/LinkerHand/thumb_tip/visuals>: Unresolved reference prim path @/tmp/IsaacLab/usd_20260807_105335_548/configuration/linkerhand_l20_left_physics.usd@</visuals/thumb_tip> introduced by @/tmp/IsaacLab/usd_20260807_105335_548/configuration/linkerhand_l20_left_base.usd@</linkerhand_l20_left/thumb_tip/visuals> (recomposing stage on stage @anon:0x6533d3be8570:World0.usd@ <0x6533d3bedb00>)

2026-08-07T17:53:36Z [9,538ms] [Warning] [omni.usd] Warning: in _ReportErrors at line 3172 of /builds/omniverse/usd-ci/USD/pxr/usd/usd/stage.cpp -- In </World/envs/env_96/LinkerHand/pinky_tip/visuals>: Unresolved reference prim path @/tmp/IsaacLab/usd_20260807_105335_548/configuration/linkerhand_l20_left_physics.usd@</visuals/pinky_tip> introduced by @/tmp/IsaacLab/usd_20260807_105335_548/configuration/linkerhand_l20_left_base.usd@</linkerhand_l20_left/pinky_tip/visuals> (recomposing stage on stage @anon:0x6533d3be8570:World0.usd@ <0x6533d3bedb00>)

2026-08-07T17:53:36Z [9,538ms] [Warning] [omni.usd] Warning: in _ReportErrors at line 3172 of /builds/omniverse/usd-ci/USD/pxr/usd/usd/stage.cpp -- In </World/envs/env_79/Screwdriver/vitrual_link_2/visuals>: Unresolved reference prim path @/tmp/IsaacLab/usd_20260807_105335_5437/configuration/screwdriver_64mm_handle_physics.usd@</visuals/vitrual_link_2> introduced by @/tmp/IsaacLab/usd_20260807_105335_5437/configuration/screwdriver_64mm_handle_base.usd@</screwdriver_on_the_table_64mm_handle/vitrual_link_2/visuals> (recomposing stage on stage @anon:0x6533d3be8570:World0.usd@ <0x6533d3bedb00>)

2026-08-07T17:53:36Z [9,538ms] [Warning] [omni.usd] Warning: in _ReportErrors at line 3172 of /builds/omniverse/usd-ci/USD/pxr/usd/usd/stage.cpp -- In </World/envs/env_80/LinkerHand/thumb_tip/visuals>: Unresolved reference prim path @/tmp/IsaacLab/usd_20260807_105335_548/configuration/linkerhand_l20_left_physics.usd@</visuals/thumb_tip> introduced by @/tmp/IsaacLab/usd_20260807_105335_548/configuration/linkerhand_l20_left_base.usd@</linkerhand_l20_left/thumb_tip/visuals> (recomposing stage on stage @anon:0x6533d3be8570:World0.usd@ <0x6533d3bedb00>)

2026-08-07T17:53:36Z [9,538ms] [Warning] [omni.usd] Warning: in _ReportErrors at line 3172 of /builds/omniverse/usd-ci/USD/pxr/usd/usd/stage.cpp -- In </World/envs/env_8/Screwdriver/vitrual_link_2/visuals>: Unresolved reference prim path @/tmp/IsaacLab/usd_20260807_105335_5437/configuration/screwdriver_64mm_handle_physics.usd@</visuals/vitrual_link_2> introduced by @/tmp/IsaacLab/usd_20260807_105335_5437/configuration/screwdriver_64mm_handle_base.usd@</screwdriver_on_the_table_64mm_handle/vitrual_link_2/visuals> (recomposing stage on stage @anon:0x6533d3be8570:World0.usd@ <0x6533d3bedb00>)

2026-08-07T17:53:36Z [9,538ms] [Warning] [omni.usd] Warning: in _ReportErrors at line 3172 of /builds/omniverse/usd-ci/USD/pxr/usd/usd/stage.cpp -- In </World/envs/env_81/Screwdriver/vitrual_link_2/visuals>: Unresolved reference prim path @/tmp/IsaacLab/usd_20260807_105335_5437/configuration/screwdriver_64mm_handle_physics.usd@</visuals/vitrual_link_2> introduced by @/tmp/IsaacLab/usd_20260807_105335_5437/configuration/screwdriver_64mm_handle_base.usd@</screwdriver_on_the_table_64mm_handle/vitrual_link_2/visuals> (recomposing stage on stage @anon:0x6533d3be8570:World0.usd@ <0x6533d3bedb00>)

2026-08-07T17:53:36Z [9,538ms] [Warning] [omni.usd] Warning: in _ReportErrors at line 3172 of /builds/omniverse/usd-ci/USD/pxr/usd/usd/stage.cpp -- In </World/envs/env_77/LinkerHand/index_tip/visuals>: Unresolved reference prim path @/tmp/IsaacLab/usd_20260807_105335_548/configuration/linkerhand_l20_left_physics.usd@</visuals/index_tip> introduced by @/tmp/IsaacLab/usd_20260807_105335_548/configuration/linkerhand_l20_left_base.usd@</linkerhand_l20_left/index_tip/visuals> (recomposing stage on stage @anon:0x6533d3be8570:World0.usd@ <0x6533d3bedb00>)

2026-08-07T17:53:36Z [9,538ms] [Warning] [omni.usd] Warning: in _ReportErrors at line 3172 of /builds/omniverse/usd-ci/USD/pxr/usd/usd/stage.cpp -- In </World/envs/env_76/LinkerHand/middle_tip/visuals>: Unresolved reference prim path @/tmp/IsaacLab/usd_20260807_105335_548/configuration/linkerhand_l20_left_physics.usd@</visuals/middle_tip> introduced by @/tmp/IsaacLab/usd_20260807_105335_548/configuration/linkerhand_l20_left_base.usd@</linkerhand_l20_left/middle_tip/visuals> (recomposing stage on stage @anon:0x6533d3be8570:World0.usd@ <0x6533d3bedb00>)

2026-08-07T17:53:36Z [9,538ms] [Warning] [omni.usd] Warning: in _ReportErrors at line 3172 of /builds/omniverse/usd-ci/USD/pxr/usd/usd/stage.cpp -- In </World/envs/env_80/Screwdriver/vitrual_link_1/visuals>: Unresolved reference prim path @/tmp/IsaacLab/usd_20260807_105335_5437/configuration/screwdriver_64mm_handle_physics.usd@</visuals/vitrual_link_1> introduced by @/tmp/IsaacLab/usd_20260807_105335_5437/configuration/screwdriver_64mm_handle_base.usd@</screwdriver_on_the_table_64mm_handle/vitrual_link_1/visuals> (recomposing stage on stage @anon:0x6533d3be8570:World0.usd@ <0x6533d3bedb00>)

2026-08-07T17:53:36Z [9,538ms] [Warning] [omni.usd] Warning: in _ReportErrors at line 3172 of /builds/omniverse/usd-ci/USD/pxr/usd/usd/stage.cpp -- In </World/envs/env_8/Screwdriver/vitrual_link_1/visuals>: Unresolved reference prim path @/tmp/IsaacLab/usd_20260807_105335_5437/configuration/screwdriver_64mm_handle_physics.usd@</visuals/vitrual_link_1> introduced by @/tmp/IsaacLab/usd_20260807_105335_5437/configuration/screwdriver_64mm_handle_base.usd@</screwdriver_on_the_table_64mm_handle/vitrual_link_1/visuals> (recomposing stage on stage @anon:0x6533d3be8570:World0.usd@ <0x6533d3bedb00>)

2026-08-07T17:53:36Z [9,538ms] [Warning] [omni.usd] Warning: in _ReportErrors at line 3172 of /builds/omniverse/usd-ci/USD/pxr/usd/usd/stage.cpp -- In </World/envs/env_82/Screwdriver/vitrual_link_1/visuals>: Unresolved reference prim path @/tmp/IsaacLab/usd_20260807_105335_5437/configuration/screwdriver_64mm_handle_physics.usd@</visuals/vitrual_link_1> introduced by @/tmp/IsaacLab/usd_20260807_105335_5437/configuration/screwdriver_64mm_handle_base.usd@</screwdriver_on_the_table_64mm_handle/vitrual_link_1/visuals> (recomposing stage on stage @anon:0x6533d3be8570:World0.usd@ <0x6533d3bedb00>)

2026-08-07T17:53:36Z [9,538ms] [Warning] [omni.usd] Warning: in _ReportErrors at line 3172 of /builds/omniverse/usd-ci/USD/pxr/usd/usd/stage.cpp -- In </World/envs/env_81/Screwdriver/vitrual_link_1/visuals>: Unresolved reference prim path @/tmp/IsaacLab/usd_20260807_105335_5437/configuration/screwdriver_64mm_handle_physics.usd@</visuals/vitrual_link_1> introduced by @/tmp/IsaacLab/usd_20260807_105335_5437/configuration/screwdriver_64mm_handle_base.usd@</screwdriver_on_the_table_64mm_handle/vitrual_link_1/visuals> (recomposing stage on stage @anon:0x6533d3be8570:World0.usd@ <0x6533d3bedb00>)

2026-08-07T17:53:36Z [9,538ms] [Warning] [omni.usd] Warning: in _ReportErrors at line 3172 of /builds/omniverse/usd-ci/USD/pxr/usd/usd/stage.cpp -- In </World/envs/env_82/Screwdriver/vitrual_link_2/visuals>: Unresolved reference prim path @/tmp/IsaacLab/usd_20260807_105335_5437/configuration/screwdriver_64mm_handle_physics.usd@</visuals/vitrual_link_2> introduced by @/tmp/IsaacLab/usd_20260807_105335_5437/configuration/screwdriver_64mm_handle_base.usd@</screwdriver_on_the_table_64mm_handle/vitrual_link_2/visuals> (recomposing stage on stage @anon:0x6533d3be8570:World0.usd@ <0x6533d3bedb00>)

2026-08-07T17:53:36Z [9,538ms] [Warning] [omni.usd] Warning: in _ReportErrors at line 3172 of /builds/omniverse/usd-ci/USD/pxr/usd/usd/stage.cpp -- In </World/envs/env_83/Screwdriver/vitrual_link_1/visuals>: Unresolved reference prim path @/tmp/IsaacLab/usd_20260807_105335_5437/configuration/screwdriver_64mm_handle_physics.usd@</visuals/vitrual_link_1> introduced by @/tmp/IsaacLab/usd_20260807_105335_5437/configuration/screwdriver_64mm_handle_base.usd@</screwdriver_on_the_table_64mm_handle/vitrual_link_1/visuals> (recomposing stage on stage @anon:0x6533d3be8570:World0.usd@ <0x6533d3bedb00>)

2026-08-07T17:53:36Z [9,538ms] [Warning] [omni.usd] Warning: in _ReportErrors at line 3172 of /builds/omniverse/usd-ci/USD/pxr/usd/usd/stage.cpp -- In </World/envs/env_77/LinkerHand/pinky_tip/visuals>: Unresolved reference prim path @/tmp/IsaacLab/usd_20260807_105335_548/configuration/linkerhand_l20_left_physics.usd@</visuals/pinky_tip> introduced by @/tmp/IsaacLab/usd_20260807_105335_548/configuration/linkerhand_l20_left_base.usd@</linkerhand_l20_left/pinky_tip/visuals> (recomposing stage on stage @anon:0x6533d3be8570:World0.usd@ <0x6533d3bedb00>)

2026-08-07T17:53:36Z [9,538ms] [Warning] [omni.usd] Warning: in _ReportErrors at line 3172 of /builds/omniverse/usd-ci/USD/pxr/usd/usd/stage.cpp -- In </World/envs/env_80/Screwdriver/vitrual_link_2/visuals>: Unresolved reference prim path @/tmp/IsaacLab/usd_20260807_105335_5437/configuration/screwdriver_64mm_handle_physics.usd@</visuals/vitrual_link_2> introduced by @/tmp/IsaacLab/usd_20260807_105335_5437/configuration/screwdriver_64mm_handle_base.usd@</screwdriver_on_the_table_64mm_handle/vitrual_link_2/visuals> (recomposing stage on stage @anon:0x6533d3be8570:World0.usd@ <0x6533d3bedb00>)

2026-08-07T17:53:36Z [9,538ms] [Warning] [omni.usd] Warning: in _ReportErrors at line 3172 of /builds/omniverse/usd-ci/USD/pxr/usd/usd/stage.cpp -- In </World/envs/env_81/LinkerHand/thumb_tip/visuals>: Unresolved reference prim path @/tmp/IsaacLab/usd_20260807_105335_548/configuration/linkerhand_l20_left_physics.usd@</visuals/thumb_tip> introduced by @/tmp/IsaacLab/usd_20260807_105335_548/configuration/linkerhand_l20_left_base.usd@</linkerhand_l20_left/thumb_tip/visuals> (recomposing stage on stage @anon:0x6533d3be8570:World0.usd@ <0x6533d3bedb00>)

2026-08-07T17:53:36Z [9,538ms] [Warning] [omni.usd] Warning: in _ReportErrors at line 3172 of /builds/omniverse/usd-ci/USD/pxr/usd/usd/stage.cpp -- In </World/envs/env_79/LinkerHand/index_tip/visuals>: Unresolved reference prim path @/tmp/IsaacLab/usd_20260807_105335_548/configuration/linkerhand_l20_left_physics.usd@</visuals/index_tip> introduced by @/tmp/IsaacLab/usd_20260807_105335_548/configuration/linkerhand_l20_left_base.usd@</linkerhand_l20_left/index_tip/visuals> (recomposing stage on stage @anon:0x6533d3be8570:World0.usd@ <0x6533d3bedb00>)

2026-08-07T17:53:36Z [9,538ms] [Warning] [omni.usd] Warning: in _ReportErrors at line 3172 of /builds/omniverse/usd-ci/USD/pxr/usd/usd/stage.cpp -- In </World/envs/env_83/LinkerHand/thumb_tip/visuals>: Unresolved reference prim path @/tmp/IsaacLab/usd_20260807_105335_548/configuration/linkerhand_l20_left_physics.usd@</visuals/thumb_tip> introduced by @/tmp/IsaacLab/usd_20260807_105335_548/configuration/linkerhand_l20_left_base.usd@</linkerhand_l20_left/thumb_tip/visuals> (recomposing stage on stage @anon:0x6533d3be8570:World0.usd@ <0x6533d3bedb00>)

2026-08-07T17:53:36Z [9,538ms] [Warning] [omni.usd] Warning: in _ReportErrors at line 3172 of /builds/omniverse/usd-ci/USD/pxr/usd/usd/stage.cpp -- In </World/envs/env_78/LinkerHand/pinky_tip/visuals>: Unresolved reference prim path @/tmp/IsaacLab/usd_20260807_105335_548/configuration/linkerhand_l20_left_physics.usd@</visuals/pinky_tip> introduced by @/tmp/IsaacLab/usd_20260807_105335_548/configuration/linkerhand_l20_left_base.usd@</linkerhand_l20_left/pinky_tip/visuals> (recomposing stage on stage @anon:0x6533d3be8570:World0.usd@ <0x6533d3bedb00>)

2026-08-07T17:53:36Z [9,538ms] [Warning] [omni.usd] Warning: in _ReportErrors at line 3172 of /builds/omniverse/usd-ci/USD/pxr/usd/usd/stage.cpp -- In </World/envs/env_96/LinkerHand/middle_tip/visuals>: Unresolved reference prim path @/tmp/IsaacLab/usd_20260807_105335_548/configuration/linkerhand_l20_left_physics.usd@</visuals/middle_tip> introduced by @/tmp/IsaacLab/usd_20260807_105335_548/configuration/linkerhand_l20_left_base.usd@</linkerhand_l20_left/middle_tip/visuals> (recomposing stage on stage @anon:0x6533d3be8570:World0.usd@ <0x6533d3bedb00>)

2026-08-07T17:53:36Z [9,538ms] [Warning] [omni.usd] Warning: in _ReportErrors at line 3172 of /builds/omniverse/usd-ci/USD/pxr/usd/usd/stage.cpp -- In </World/envs/env_84/LinkerHand/thumb_tip/visuals>: Unresolved reference prim path @/tmp/IsaacLab/usd_20260807_105335_548/configuration/linkerhand_l20_left_physics.usd@</visuals/thumb_tip> introduced by @/tmp/IsaacLab/usd_20260807_105335_548/configuration/linkerhand_l20_left_base.usd@</linkerhand_l20_left/thumb_tip/visuals> (recomposing stage on stage @anon:0x6533d3be8570:World0.usd@ <0x6533d3bedb00>)

2026-08-07T17:53:36Z [9,538ms] [Warning] [omni.usd] Warning: in _ReportErrors at line 3172 of /builds/omniverse/usd-ci/USD/pxr/usd/usd/stage.cpp -- In </World/envs/env_83/Screwdriver/vitrual_link_2/visuals>: Unresolved reference prim path @/tmp/IsaacLab/usd_20260807_105335_5437/configuration/screwdriver_64mm_handle_physics.usd@</visuals/vitrual_link_2> introduced by @/tmp/IsaacLab/usd_20260807_105335_5437/configuration/screwdriver_64mm_handle_base.usd@</screwdriver_on_the_table_64mm_handle/vitrual_link_2/visuals> (recomposing stage on stage @anon:0x6533d3be8570:World0.usd@ <0x6533d3bedb00>)

2026-08-07T17:53:36Z [9,538ms] [Warning] [omni.usd] Warning: in _ReportErrors at line 3172 of /builds/omniverse/usd-ci/USD/pxr/usd/usd/stage.cpp -- In </World/envs/env_84/Screwdriver/vitrual_link_1/visuals>: Unresolved reference prim path @/tmp/IsaacLab/usd_20260807_105335_5437/configuration/screwdriver_64mm_handle_physics.usd@</visuals/vitrual_link_1> introduced by @/tmp/IsaacLab/usd_20260807_105335_5437/configuration/screwdriver_64mm_handle_base.usd@</screwdriver_on_the_table_64mm_handle/vitrual_link_1/visuals> (recomposing stage on stage @anon:0x6533d3be8570:World0.usd@ <0x6533d3bedb00>)

2026-08-07T17:53:36Z [9,538ms] [Warning] [omni.usd] Warning: in _ReportErrors at line 3172 of /builds/omniverse/usd-ci/USD/pxr/usd/usd/stage.cpp -- In </World/envs/env_82/LinkerHand/ring_tip/visuals>: Unresolved reference prim path @/tmp/IsaacLab/usd_20260807_105335_548/configuration/linkerhand_l20_left_physics.usd@</visuals/ring_tip> introduced by @/tmp/IsaacLab/usd_20260807_105335_548/configuration/linkerhand_l20_left_base.usd@</linkerhand_l20_left/ring_tip/visuals> (recomposing stage on stage @anon:0x6533d3be8570:World0.usd@ <0x6533d3bedb00>)

2026-08-07T17:53:36Z [9,538ms] [Warning] [omni.usd] Warning: in _ReportErrors at line 3172 of /builds/omniverse/usd-ci/USD/pxr/usd/usd/stage.cpp -- In </World/envs/env_79/LinkerHand/ring_tip/visuals>: Unresolved reference prim path @/tmp/IsaacLab/usd_20260807_105335_548/configuration/linkerhand_l20_left_physics.usd@</visuals/ring_tip> introduced by @/tmp/IsaacLab/usd_20260807_105335_548/configuration/linkerhand_l20_left_base.usd@</linkerhand_l20_left/ring_tip/visuals> (recomposing stage on stage @anon:0x6533d3be8570:World0.usd@ <0x6533d3bedb00>)

2026-08-07T17:53:36Z [9,538ms] [Warning] [omni.usd] Warning: in _ReportErrors at line 3172 of /builds/omniverse/usd-ci/USD/pxr/usd/usd/stage.cpp -- In </World/envs/env_86/LinkerHand/thumb_tip/visuals>: Unresolved reference prim path @/tmp/IsaacLab/usd_20260807_105335_548/configuration/linkerhand_l20_left_physics.usd@</visuals/thumb_tip> introduced by @/tmp/IsaacLab/usd_20260807_105335_548/configuration/linkerhand_l20_left_base.usd@</linkerhand_l20_left/thumb_tip/visuals> (recomposing stage on stage @anon:0x6533d3be8570:World0.usd@ <0x6533d3bedb00>)

2026-08-07T17:53:36Z [9,538ms] [Warning] [omni.usd] Warning: in _ReportErrors at line 3172 of /builds/omniverse/usd-ci/USD/pxr/usd/usd/stage.cpp -- In </World/envs/env_78/LinkerHand/index_tip/visuals>: Unresolved reference prim path @/tmp/IsaacLab/usd_20260807_105335_548/configuration/linkerhand_l20_left_physics.usd@</visuals/index_tip> introduced by @/tmp/IsaacLab/usd_20260807_105335_548/configuration/linkerhand_l20_left_base.usd@</linkerhand_l20_left/index_tip/visuals> (recomposing stage on stage @anon:0x6533d3be8570:World0.usd@ <0x6533d3bedb00>)

2026-08-07T17:53:36Z [9,538ms] [Warning] [omni.usd] Warning: in _ReportErrors at line 3172 of /builds/omniverse/usd-ci/USD/pxr/usd/usd/stage.cpp -- In </World/envs/env_84/Screwdriver/vitrual_link_2/visuals>: Unresolved reference prim path @/tmp/IsaacLab/usd_20260807_105335_5437/configuration/screwdriver_64mm_handle_physics.usd@</visuals/vitrual_link_2> introduced by @/tmp/IsaacLab/usd_20260807_105335_5437/configuration/screwdriver_64mm_handle_base.usd@</screwdriver_on_the_table_64mm_handle/vitrual_link_2/visuals> (recomposing stage on stage @anon:0x6533d3be8570:World0.usd@ <0x6533d3bedb00>)

2026-08-07T17:53:36Z [9,538ms] [Warning] [omni.usd] Warning: in _ReportErrors at line 3172 of /builds/omniverse/usd-ci/USD/pxr/usd/usd/stage.cpp -- In </World/envs/env_86/Screwdriver/vitrual_link_2/visuals>: Unresolved reference prim path @/tmp/IsaacLab/usd_20260807_105335_5437/configuration/screwdriver_64mm_handle_physics.usd@</visuals/vitrual_link_2> introduced by @/tmp/IsaacLab/usd_20260807_105335_5437/configuration/screwdriver_64mm_handle_base.usd@</screwdriver_on_the_table_64mm_handle/vitrual_link_2/visuals> (recomposing stage on stage @anon:0x6533d3be8570:World0.usd@ <0x6533d3bedb00>)

2026-08-07T17:53:36Z [9,538ms] [Warning] [omni.usd] Warning: in _ReportErrors at line 3172 of /builds/omniverse/usd-ci/USD/pxr/usd/usd/stage.cpp -- In </World/envs/env_85/Screwdriver/vitrual_link_2/visuals>: Unresolved reference prim path @/tmp/IsaacLab/usd_20260807_105335_5437/configuration/screwdriver_64mm_handle_physics.usd@</visuals/vitrual_link_2> introduced by @/tmp/IsaacLab/usd_20260807_105335_5437/configuration/screwdriver_64mm_handle_base.usd@</screwdriver_on_the_table_64mm_handle/vitrual_link_2/visuals> (recomposing stage on stage @anon:0x6533d3be8570:World0.usd@ <0x6533d3bedb00>)

2026-08-07T17:53:36Z [9,538ms] [Warning] [omni.usd] Warning: in _ReportErrors at line 3172 of /builds/omniverse/usd-ci/USD/pxr/usd/usd/stage.cpp -- In </World/envs/env_85/Screwdriver/vitrual_link_1/visuals>: Unresolved reference prim path @/tmp/IsaacLab/usd_20260807_105335_5437/configuration/screwdriver_64mm_handle_physics.usd@</visuals/vitrual_link_1> introduced by @/tmp/IsaacLab/usd_20260807_105335_5437/configuration/screwdriver_64mm_handle_base.usd@</screwdriver_on_the_table_64mm_handle/vitrual_link_1/visuals> (recomposing stage on stage @anon:0x6533d3be8570:World0.usd@ <0x6533d3bedb00>)

2026-08-07T17:53:36Z [9,538ms] [Warning] [omni.usd] Warning: in _ReportErrors at line 3172 of /builds/omniverse/usd-ci/USD/pxr/usd/usd/stage.cpp -- In </World/envs/env_87/LinkerHand/thumb_tip/visuals>: Unresolved reference prim path @/tmp/IsaacLab/usd_20260807_105335_548/configuration/linkerhand_l20_left_physics.usd@</visuals/thumb_tip> introduced by @/tmp/IsaacLab/usd_20260807_105335_548/configuration/linkerhand_l20_left_base.usd@</linkerhand_l20_left/thumb_tip/visuals> (recomposing stage on stage @anon:0x6533d3be8570:World0.usd@ <0x6533d3bedb00>)

2026-08-07T17:53:36Z [9,538ms] [Warning] [omni.usd] Warning: in _ReportErrors at line 3172 of /builds/omniverse/usd-ci/USD/pxr/usd/usd/stage.cpp -- In </World/envs/env_8/LinkerHand/ring_tip/visuals>: Unresolved reference prim path @/tmp/IsaacLab/usd_20260807_105335_548/configuration/linkerhand_l20_left_physics.usd@</visuals/ring_tip> introduced by @/tmp/IsaacLab/usd_20260807_105335_548/configuration/linkerhand_l20_left_base.usd@</linkerhand_l20_left/ring_tip/visuals> (recomposing stage on stage @anon:0x6533d3be8570:World0.usd@ <0x6533d3bedb00>)

2026-08-07T17:53:36Z [9,538ms] [Warning] [omni.usd] Warning: in _ReportErrors at line 3172 of /builds/omniverse/usd-ci/USD/pxr/usd/usd/stage.cpp -- In </World/envs/env_86/Screwdriver/vitrual_link_1/visuals>: Unresolved reference prim path @/tmp/IsaacLab/usd_20260807_105335_5437/configuration/screwdriver_64mm_handle_physics.usd@</visuals/vitrual_link_1> introduced by @/tmp/IsaacLab/usd_20260807_105335_5437/configuration/screwdriver_64mm_handle_base.usd@</screwdriver_on_the_table_64mm_handle/vitrual_link_1/visuals> (recomposing stage on stage @anon:0x6533d3be8570:World0.usd@ <0x6533d3bedb00>)

2026-08-07T17:53:36Z [9,538ms] [Warning] [omni.usd] Warning: in _ReportErrors at line 3172 of /builds/omniverse/usd-ci/USD/pxr/usd/usd/stage.cpp -- In </World/envs/env_87/Screwdriver/vitrual_link_2/visuals>: Unresolved reference prim path @/tmp/IsaacLab/usd_20260807_105335_5437/configuration/screwdriver_64mm_handle_physics.usd@</visuals/vitrual_link_2> introduced by @/tmp/IsaacLab/usd_20260807_105335_5437/configuration/screwdriver_64mm_handle_base.usd@</screwdriver_on_the_table_64mm_handle/vitrual_link_2/visuals> (recomposing stage on stage @anon:0x6533d3be8570:World0.usd@ <0x6533d3bedb00>)

2026-08-07T17:53:36Z [9,538ms] [Warning] [omni.usd] Warning: in _ReportErrors at line 3172 of /builds/omniverse/usd-ci/USD/pxr/usd/usd/stage.cpp -- In </World/envs/env_85/LinkerHand/thumb_tip/visuals>: Unresolved reference prim path @/tmp/IsaacLab/usd_20260807_105335_548/configuration/linkerhand_l20_left_physics.usd@</visuals/thumb_tip> introduced by @/tmp/IsaacLab/usd_20260807_105335_548/configuration/linkerhand_l20_left_base.usd@</linkerhand_l20_left/thumb_tip/visuals> (recomposing stage on stage @anon:0x6533d3be8570:World0.usd@ <0x6533d3bedb00>)

2026-08-07T17:53:36Z [9,538ms] [Warning] [omni.usd] Warning: in _ReportErrors at line 3172 of /builds/omniverse/usd-ci/USD/pxr/usd/usd/stage.cpp -- In </World/envs/env_96/LinkerHand/index_tip/visuals>: Unresolved reference prim path @/tmp/IsaacLab/usd_20260807_105335_548/configuration/linkerhand_l20_left_physics.usd@</visuals/index_tip> introduced by @/tmp/IsaacLab/usd_20260807_105335_548/configuration/linkerhand_l20_left_base.usd@</linkerhand_l20_left/index_tip/visuals> (recomposing stage on stage @anon:0x6533d3be8570:World0.usd@ <0x6533d3bedb00>)

2026-08-07T17:53:36Z [9,538ms] [Warning] [omni.usd] Warning: in _ReportErrors at line 3172 of /builds/omniverse/usd-ci/USD/pxr/usd/usd/stage.cpp -- In </World/envs/env_82/LinkerHand/index_tip/visuals>: Unresolved reference prim path @/tmp/IsaacLab/usd_20260807_105335_548/configuration/linkerhand_l20_left_physics.usd@</visuals/index_tip> introduced by @/tmp/IsaacLab/usd_20260807_105335_548/configuration/linkerhand_l20_left_base.usd@</linkerhand_l20_left/index_tip/visuals> (recomposing stage on stage @anon:0x6533d3be8570:World0.usd@ <0x6533d3bedb00>)

2026-08-07T17:53:36Z [9,538ms] [Warning] [omni.usd] Warning: in _ReportErrors at line 3172 of /builds/omniverse/usd-ci/USD/pxr/usd/usd/stage.cpp -- In </World/envs/env_87/Screwdriver/vitrual_link_1/visuals>: Unresolved reference prim path @/tmp/IsaacLab/usd_20260807_105335_5437/configuration/screwdriver_64mm_handle_physics.usd@</visuals/vitrual_link_1> introduced by @/tmp/IsaacLab/usd_20260807_105335_5437/configuration/screwdriver_64mm_handle_base.usd@</screwdriver_on_the_table_64mm_handle/vitrual_link_1/visuals> (recomposing stage on stage @anon:0x6533d3be8570:World0.usd@ <0x6533d3bedb00>)

2026-08-07T17:53:36Z [9,538ms] [Warning] [omni.usd] Warning: in _ReportErrors at line 3172 of /builds/omniverse/usd-ci/USD/pxr/usd/usd/stage.cpp -- In </World/envs/env_88/Screwdriver/vitrual_link_2/visuals>: Unresolved reference prim path @/tmp/IsaacLab/usd_20260807_105335_5437/configuration/screwdriver_64mm_handle_physics.usd@</visuals/vitrual_link_2> introduced by @/tmp/IsaacLab/usd_20260807_105335_5437/configuration/screwdriver_64mm_handle_base.usd@</screwdriver_on_the_table_64mm_handle/vitrual_link_2/visuals> (recomposing stage on stage @anon:0x6533d3be8570:World0.usd@ <0x6533d3bedb00>)

2026-08-07T17:53:36Z [9,538ms] [Warning] [omni.usd] Warning: in _ReportErrors at line 3172 of /builds/omniverse/usd-ci/USD/pxr/usd/usd/stage.cpp -- In </World/envs/env_81/LinkerHand/ring_tip/visuals>: Unresolved reference prim path @/tmp/IsaacLab/usd_20260807_105335_548/configuration/linkerhand_l20_left_physics.usd@</visuals/ring_tip> introduced by @/tmp/IsaacLab/usd_20260807_105335_548/configuration/linkerhand_l20_left_base.usd@</linkerhand_l20_left/ring_tip/visuals> (recomposing stage on stage @anon:0x6533d3be8570:World0.usd@ <0x6533d3bedb00>)

2026-08-07T17:53:36Z [9,538ms] [Warning] [omni.usd] Warning: in _ReportErrors at line 3172 of /builds/omniverse/usd-ci/USD/pxr/usd/usd/stage.cpp -- In </World/envs/env_77/LinkerHand/middle_tip/visuals>: Unresolved reference prim path @/tmp/IsaacLab/usd_20260807_105335_548/configuration/linkerhand_l20_left_physics.usd@</visuals/middle_tip> introduced by @/tmp/IsaacLab/usd_20260807_105335_548/configuration/linkerhand_l20_left_base.usd@</linkerhand_l20_left/middle_tip/visuals> (recomposing stage on stage @anon:0x6533d3be8570:World0.usd@ <0x6533d3bedb00>)

2026-08-07T17:53:36Z [9,538ms] [Warning] [omni.usd] Warning: in _ReportErrors at line 3172 of /builds/omniverse/usd-ci/USD/pxr/usd/usd/stage.cpp -- In </World/envs/env_80/LinkerHand/ring_tip/visuals>: Unresolved reference prim path @/tmp/IsaacLab/usd_20260807_105335_548/configuration/linkerhand_l20_left_physics.usd@</visuals/ring_tip> introduced by @/tmp/IsaacLab/usd_20260807_105335_548/configuration/linkerhand_l20_left_base.usd@</linkerhand_l20_left/ring_tip/visuals> (recomposing stage on stage @anon:0x6533d3be8570:World0.usd@ <0x6533d3bedb00>)

2026-08-07T17:53:36Z [9,538ms] [Warning] [omni.usd] Warning: in _ReportErrors at line 3172 of /builds/omniverse/usd-ci/USD/pxr/usd/usd/stage.cpp -- In </World/envs/env_84/LinkerHand/ring_tip/visuals>: Unresolved reference prim path @/tmp/IsaacLab/usd_20260807_105335_548/configuration/linkerhand_l20_left_physics.usd@</visuals/ring_tip> introduced by @/tmp/IsaacLab/usd_20260807_105335_548/configuration/linkerhand_l20_left_base.usd@</linkerhand_l20_left/ring_tip/visuals> (recomposing stage on stage @anon:0x6533d3be8570:World0.usd@ <0x6533d3bedb00>)

2026-08-07T17:53:36Z [9,538ms] [Warning] [omni.usd] Warning: in _ReportErrors at line 3172 of /builds/omniverse/usd-ci/USD/pxr/usd/usd/stage.cpp -- In </World/envs/env_79/LinkerHand/pinky_tip/visuals>: Unresolved reference prim path @/tmp/IsaacLab/usd_20260807_105335_548/configuration/linkerhand_l20_left_physics.usd@</visuals/pinky_tip> introduced by @/tmp/IsaacLab/usd_20260807_105335_548/configuration/linkerhand_l20_left_base.usd@</linkerhand_l20_left/pinky_tip/visuals> (recomposing stage on stage @anon:0x6533d3be8570:World0.usd@ <0x6533d3bedb00>)

2026-08-07T17:53:36Z [9,538ms] [Warning] [omni.usd] Warning: in _ReportErrors at line 3172 of /builds/omniverse/usd-ci/USD/pxr/usd/usd/stage.cpp -- In </World/envs/env_89/LinkerHand/thumb_tip/visuals>: Unresolved reference prim path @/tmp/IsaacLab/usd_20260807_105335_548/configuration/linkerhand_l20_left_physics.usd@</visuals/thumb_tip> introduced by @/tmp/IsaacLab/usd_20260807_105335_548/configuration/linkerhand_l20_left_base.usd@</linkerhand_l20_left/thumb_tip/visuals> (recomposing stage on stage @anon:0x6533d3be8570:World0.usd@ <0x6533d3bedb00>)

2026-08-07T17:53:36Z [9,538ms] [Warning] [omni.usd] Warning: in _ReportErrors at line 3172 of /builds/omniverse/usd-ci/USD/pxr/usd/usd/stage.cpp -- In </World/envs/env_88/LinkerHand/thumb_tip/visuals>: Unresolved reference prim path @/tmp/IsaacLab/usd_20260807_105335_548/configuration/linkerhand_l20_left_physics.usd@</visuals/thumb_tip> introduced by @/tmp/IsaacLab/usd_20260807_105335_548/configuration/linkerhand_l20_left_base.usd@</linkerhand_l20_left/thumb_tip/visuals> (recomposing stage on stage @anon:0x6533d3be8570:World0.usd@ <0x6533d3bedb00>)

2026-08-07T17:53:36Z [9,538ms] [Warning] [omni.usd] Warning: in _ReportErrors at line 3172 of /builds/omniverse/usd-ci/USD/pxr/usd/usd/stage.cpp -- In </World/envs/env_88/Screwdriver/vitrual_link_1/visuals>: Unresolved reference prim path @/tmp/IsaacLab/usd_20260807_105335_5437/configuration/screwdriver_64mm_handle_physics.usd@</visuals/vitrual_link_1> introduced by @/tmp/IsaacLab/usd_20260807_105335_5437/configuration/screwdriver_64mm_handle_base.usd@</screwdriver_on_the_table_64mm_handle/vitrual_link_1/visuals> (recomposing stage on stage @anon:0x6533d3be8570:World0.usd@ <0x6533d3bedb00>)

2026-08-07T17:53:36Z [9,538ms] [Warning] [omni.usd] Warning: in _ReportErrors at line 3172 of /builds/omniverse/usd-ci/USD/pxr/usd/usd/stage.cpp -- In </World/envs/env_86/LinkerHand/ring_tip/visuals>: Unresolved reference prim path @/tmp/IsaacLab/usd_20260807_105335_548/configuration/linkerhand_l20_left_physics.usd@</visuals/ring_tip> introduced by @/tmp/IsaacLab/usd_20260807_105335_548/configuration/linkerhand_l20_left_base.usd@</linkerhand_l20_left/ring_tip/visuals> (recomposing stage on stage @anon:0x6533d3be8570:World0.usd@ <0x6533d3bedb00>)

2026-08-07T17:53:36Z [9,538ms] [Warning] [omni.usd] Warning: in _ReportErrors at line 3172 of /builds/omniverse/usd-ci/USD/pxr/usd/usd/stage.cpp -- In </World/envs/env_83/LinkerHand/ring_tip/visuals>: Unresolved reference prim path @/tmp/IsaacLab/usd_20260807_105335_548/configuration/linkerhand_l20_left_physics.usd@</visuals/ring_tip> introduced by @/tmp/IsaacLab/usd_20260807_105335_548/configuration/linkerhand_l20_left_base.usd@</linkerhand_l20_left/ring_tip/visuals> (recomposing stage on stage @anon:0x6533d3be8570:World0.usd@ <0x6533d3bedb00>)

2026-08-07T17:53:36Z [9,538ms] [Warning] [omni.usd] Warning: in _ReportErrors at line 3172 of /builds/omniverse/usd-ci/USD/pxr/usd/usd/stage.cpp -- In </World/envs/env_8/LinkerHand/pinky_tip/visuals>: Unresolved reference prim path @/tmp/IsaacLab/usd_20260807_105335_548/configuration/linkerhand_l20_left_physics.usd@</visuals/pinky_tip> introduced by @/tmp/IsaacLab/usd_20260807_105335_548/configuration/linkerhand_l20_left_base.usd@</linkerhand_l20_left/pinky_tip/visuals> (recomposing stage on stage @anon:0x6533d3be8570:World0.usd@ <0x6533d3bedb00>)

2026-08-07T17:53:36Z [9,538ms] [Warning] [omni.usd] Warning: in _ReportErrors at line 3172 of /builds/omniverse/usd-ci/USD/pxr/usd/usd/stage.cpp -- In </World/envs/env_89/Screwdriver/vitrual_link_2/visuals>: Unresolved reference prim path @/tmp/IsaacLab/usd_20260807_105335_5437/configuration/screwdriver_64mm_handle_physics.usd@</visuals/vitrual_link_2> introduced by @/tmp/IsaacLab/usd_20260807_105335_5437/configuration/screwdriver_64mm_handle_base.usd@</screwdriver_on_the_table_64mm_handle/vitrual_link_2/visuals> (recomposing stage on stage @anon:0x6533d3be8570:World0.usd@ <0x6533d3bedb00>)

2026-08-07T17:53:36Z [9,538ms] [Warning] [omni.usd] Warning: in _ReportErrors at line 3172 of /builds/omniverse/usd-ci/USD/pxr/usd/usd/stage.cpp -- In </World/envs/env_78/LinkerHand/middle_tip/visuals>: Unresolved reference prim path @/tmp/IsaacLab/usd_20260807_105335_548/configuration/linkerhand_l20_left_physics.usd@</visuals/middle_tip> introduced by @/tmp/IsaacLab/usd_20260807_105335_548/configuration/linkerhand_l20_left_base.usd@</linkerhand_l20_left/middle_tip/visuals> (recomposing stage on stage @anon:0x6533d3be8570:World0.usd@ <0x6533d3bedb00>)

2026-08-07T17:53:36Z [9,538ms] [Warning] [omni.usd] Warning: in _ReportErrors at line 3172 of /builds/omniverse/usd-ci/USD/pxr/usd/usd/stage.cpp -- In </World/envs/env_9/LinkerHand/thumb_tip/visuals>: Unresolved reference prim path @/tmp/IsaacLab/usd_20260807_105335_548/configuration/linkerhand_l20_left_physics.usd@</visuals/thumb_tip> introduced by @/tmp/IsaacLab/usd_20260807_105335_548/configuration/linkerhand_l20_left_base.usd@</linkerhand_l20_left/thumb_tip/visuals> (recomposing stage on stage @anon:0x6533d3be8570:World0.usd@ <0x6533d3bedb00>)

2026-08-07T17:53:36Z [9,538ms] [Warning] [omni.usd] Warning: in _ReportErrors at line 3172 of /builds/omniverse/usd-ci/USD/pxr/usd/usd/stage.cpp -- In </World/envs/env_89/Screwdriver/vitrual_link_1/visuals>: Unresolved reference prim path @/tmp/IsaacLab/usd_20260807_105335_5437/configuration/screwdriver_64mm_handle_physics.usd@</visuals/vitrual_link_1> introduced by @/tmp/IsaacLab/usd_20260807_105335_5437/configuration/screwdriver_64mm_handle_base.usd@</screwdriver_on_the_table_64mm_handle/vitrual_link_1/visuals> (recomposing stage on stage @anon:0x6533d3be8570:World0.usd@ <0x6533d3bedb00>)

2026-08-07T17:53:36Z [9,538ms] [Warning] [omni.usd] Warning: in _ReportErrors at line 3172 of /builds/omniverse/usd-ci/USD/pxr/usd/usd/stage.cpp -- In </World/envs/env_9/Screwdriver/vitrual_link_2/visuals>: Unresolved reference prim path @/tmp/IsaacLab/usd_20260807_105335_5437/configuration/screwdriver_64mm_handle_physics.usd@</visuals/vitrual_link_2> introduced by @/tmp/IsaacLab/usd_20260807_105335_5437/configuration/screwdriver_64mm_handle_base.usd@</screwdriver_on_the_table_64mm_handle/vitrual_link_2/visuals> (recomposing stage on stage @anon:0x6533d3be8570:World0.usd@ <0x6533d3bedb00>)

2026-08-07T17:53:36Z [9,538ms] [Warning] [omni.usd] Warning: in _ReportErrors at line 3172 of /builds/omniverse/usd-ci/USD/pxr/usd/usd/stage.cpp -- In </World/envs/env_8/LinkerHand/index_tip/visuals>: Unresolved reference prim path @/tmp/IsaacLab/usd_20260807_105335_548/configuration/linkerhand_l20_left_physics.usd@</visuals/index_tip> introduced by @/tmp/IsaacLab/usd_20260807_105335_548/configuration/linkerhand_l20_left_base.usd@</linkerhand_l20_left/index_tip/visuals> (recomposing stage on stage @anon:0x6533d3be8570:World0.usd@ <0x6533d3bedb00>)

2026-08-07T17:53:36Z [9,538ms] [Warning] [omni.usd] Warning: in _ReportErrors at line 3172 of /builds/omniverse/usd-ci/USD/pxr/usd/usd/stage.cpp -- In </World/envs/env_87/LinkerHand/ring_tip/visuals>: Unresolved reference prim path @/tmp/IsaacLab/usd_20260807_105335_548/configuration/linkerhand_l20_left_physics.usd@</visuals/ring_tip> introduced by @/tmp/IsaacLab/usd_20260807_105335_548/configuration/linkerhand_l20_left_base.usd@</linkerhand_l20_left/ring_tip/visuals> (recomposing stage on stage @anon:0x6533d3be8570:World0.usd@ <0x6533d3bedb00>)

2026-08-07T17:53:36Z [9,538ms] [Warning] [omni.usd] Warning: in _ReportErrors at line 3172 of /builds/omniverse/usd-ci/USD/pxr/usd/usd/stage.cpp -- In </World/envs/env_80/LinkerHand/index_tip/visuals>: Unresolved reference prim path @/tmp/IsaacLab/usd_20260807_105335_548/configuration/linkerhand_l20_left_physics.usd@</visuals/index_tip> introduced by @/tmp/IsaacLab/usd_20260807_105335_548/configuration/linkerhand_l20_left_base.usd@</linkerhand_l20_left/index_tip/visuals> (recomposing stage on stage @anon:0x6533d3be8570:World0.usd@ <0x6533d3bedb00>)

2026-08-07T17:53:36Z [9,538ms] [Warning] [omni.usd] Warning: in _ReportErrors at line 3172 of /builds/omniverse/usd-ci/USD/pxr/usd/usd/stage.cpp -- In </World/envs/env_84/LinkerHand/pinky_tip/visuals>: Unresolved reference prim path @/tmp/IsaacLab/usd_20260807_105335_548/configuration/linkerhand_l20_left_physics.usd@</visuals/pinky_tip> introduced by @/tmp/IsaacLab/usd_20260807_105335_548/configuration/linkerhand_l20_left_base.usd@</linkerhand_l20_left/pinky_tip/visuals> (recomposing stage on stage @anon:0x6533d3be8570:World0.usd@ <0x6533d3bedb00>)

2026-08-07T17:53:36Z [9,538ms] [Warning] [omni.usd] Warning: in _ReportErrors at line 3172 of /builds/omniverse/usd-ci/USD/pxr/usd/usd/stage.cpp -- In </World/envs/env_83/LinkerHand/index_tip/visuals>: Unresolved reference prim path @/tmp/IsaacLab/usd_20260807_105335_548/configuration/linkerhand_l20_left_physics.usd@</visuals/index_tip> introduced by @/tmp/IsaacLab/usd_20260807_105335_548/configuration/linkerhand_l20_left_base.usd@</linkerhand_l20_left/index_tip/visuals> (recomposing stage on stage @anon:0x6533d3be8570:World0.usd@ <0x6533d3bedb00>)

2026-08-07T17:53:36Z [9,538ms] [Warning] [omni.usd] Warning: in _ReportErrors at line 3172 of /builds/omniverse/usd-ci/USD/pxr/usd/usd/stage.cpp -- In </World/envs/env_79/LinkerHand/middle_tip/visuals>: Unresolved reference prim path @/tmp/IsaacLab/usd_20260807_105335_548/configuration/linkerhand_l20_left_physics.usd@</visuals/middle_tip> introduced by @/tmp/IsaacLab/usd_20260807_105335_548/configuration/linkerhand_l20_left_base.usd@</linkerhand_l20_left/middle_tip/visuals> (recomposing stage on stage @anon:0x6533d3be8570:World0.usd@ <0x6533d3bedb00>)

2026-08-07T17:53:36Z [9,538ms] [Warning] [omni.usd] Warning: in _ReportErrors at line 3172 of /builds/omniverse/usd-ci/USD/pxr/usd/usd/stage.cpp -- In </World/envs/env_82/LinkerHand/pinky_tip/visuals>: Unresolved reference prim path @/tmp/IsaacLab/usd_20260807_105335_548/configuration/linkerhand_l20_left_physics.usd@</visuals/pinky_tip> introduced by @/tmp/IsaacLab/usd_20260807_105335_548/configuration/linkerhand_l20_left_base.usd@</linkerhand_l20_left/pinky_tip/visuals> (recomposing stage on stage @anon:0x6533d3be8570:World0.usd@ <0x6533d3bedb00>)

2026-08-07T17:53:36Z [9,538ms] [Warning] [omni.usd] Warning: in _ReportErrors at line 3172 of /builds/omniverse/usd-ci/USD/pxr/usd/usd/stage.cpp -- In </World/envs/env_9/Screwdriver/vitrual_link_1/visuals>: Unresolved reference prim path @/tmp/IsaacLab/usd_20260807_105335_5437/configuration/screwdriver_64mm_handle_physics.usd@</visuals/vitrual_link_1> introduced by @/tmp/IsaacLab/usd_20260807_105335_5437/configuration/screwdriver_64mm_handle_base.usd@</screwdriver_on_the_table_64mm_handle/vitrual_link_1/visuals> (recomposing stage on stage @anon:0x6533d3be8570:World0.usd@ <0x6533d3bedb00>)

2026-08-07T17:53:36Z [9,538ms] [Warning] [omni.usd] Warning: in _ReportErrors at line 3172 of /builds/omniverse/usd-ci/USD/pxr/usd/usd/stage.cpp -- In </World/envs/env_90/Screwdriver/vitrual_link_2/visuals>: Unresolved reference prim path @/tmp/IsaacLab/usd_20260807_105335_5437/configuration/screwdriver_64mm_handle_physics.usd@</visuals/vitrual_link_2> introduced by @/tmp/IsaacLab/usd_20260807_105335_5437/configuration/screwdriver_64mm_handle_base.usd@</screwdriver_on_the_table_64mm_handle/vitrual_link_2/visuals> (recomposing stage on stage @anon:0x6533d3be8570:World0.usd@ <0x6533d3bedb00>)

2026-08-07T17:53:36Z [9,538ms] [Warning] [omni.usd] Warning: in _ReportErrors at line 3172 of /builds/omniverse/usd-ci/USD/pxr/usd/usd/stage.cpp -- In </World/envs/env_86/LinkerHand/pinky_tip/visuals>: Unresolved reference prim path @/tmp/IsaacLab/usd_20260807_105335_548/configuration/linkerhand_l20_left_physics.usd@</visuals/pinky_tip> introduced by @/tmp/IsaacLab/usd_20260807_105335_548/configuration/linkerhand_l20_left_base.usd@</linkerhand_l20_left/pinky_tip/visuals> (recomposing stage on stage @anon:0x6533d3be8570:World0.usd@ <0x6533d3bedb00>)

2026-08-07T17:53:36Z [9,538ms] [Warning] [omni.usd] Warning: in _ReportErrors at line 3172 of /builds/omniverse/usd-ci/USD/pxr/usd/usd/stage.cpp -- In </World/envs/env_80/LinkerHand/pinky_tip/visuals>: Unresolved reference prim path @/tmp/IsaacLab/usd_20260807_105335_548/configuration/linkerhand_l20_left_physics.usd@</visuals/pinky_tip> introduced by @/tmp/IsaacLab/usd_20260807_105335_548/configuration/linkerhand_l20_left_base.usd@</linkerhand_l20_left/pinky_tip/visuals> (recomposing stage on stage @anon:0x6533d3be8570:World0.usd@ <0x6533d3bedb00>)

2026-08-07T17:53:36Z [9,538ms] [Warning] [omni.usd] Warning: in _ReportErrors at line 3172 of /builds/omniverse/usd-ci/USD/pxr/usd/usd/stage.cpp -- In </World/envs/env_85/LinkerHand/ring_tip/visuals>: Unresolved reference prim path @/tmp/IsaacLab/usd_20260807_105335_548/configuration/linkerhand_l20_left_physics.usd@</visuals/ring_tip> introduced by @/tmp/IsaacLab/usd_20260807_105335_548/configuration/linkerhand_l20_left_base.usd@</linkerhand_l20_left/ring_tip/visuals> (recomposing stage on stage @anon:0x6533d3be8570:World0.usd@ <0x6533d3bedb00>)

2026-08-07T17:53:36Z [9,538ms] [Warning] [omni.usd] Warning: in _ReportErrors at line 3172 of /builds/omniverse/usd-ci/USD/pxr/usd/usd/stage.cpp -- In </World/envs/env_81/LinkerHand/pinky_tip/visuals>: Unresolved reference prim path @/tmp/IsaacLab/usd_20260807_105335_548/configuration/linkerhand_l20_left_physics.usd@</visuals/pinky_tip> introduced by @/tmp/IsaacLab/usd_20260807_105335_548/configuration/linkerhand_l20_left_base.usd@</linkerhand_l20_left/pinky_tip/visuals> (recomposing stage on stage @anon:0x6533d3be8570:World0.usd@ <0x6533d3bedb00>)

2026-08-07T17:53:36Z [9,538ms] [Warning] [omni.usd] Warning: in _ReportErrors at line 3172 of /builds/omniverse/usd-ci/USD/pxr/usd/usd/stage.cpp -- In </World/envs/env_9/LinkerHand/index_tip/visuals>: Unresolved reference prim path @/tmp/IsaacLab/usd_20260807_105335_548/configuration/linkerhand_l20_left_physics.usd@</visuals/index_tip> introduced by @/tmp/IsaacLab/usd_20260807_105335_548/configuration/linkerhand_l20_left_base.usd@</linkerhand_l20_left/index_tip/visuals> (recomposing stage on stage @anon:0x6533d3be8570:World0.usd@ <0x6533d3bedb00>)

2026-08-07T17:53:36Z [9,538ms] [Warning] [omni.usd] Warning: in _ReportErrors at line 3172 of /builds/omniverse/usd-ci/USD/pxr/usd/usd/stage.cpp -- In </World/envs/env_9/LinkerHand/ring_tip/visuals>: Unresolved reference prim path @/tmp/IsaacLab/usd_20260807_105335_548/configuration/linkerhand_l20_left_physics.usd@</visuals/ring_tip> introduced by @/tmp/IsaacLab/usd_20260807_105335_548/configuration/linkerhand_l20_left_base.usd@</linkerhand_l20_left/ring_tip/visuals> (recomposing stage on stage @anon:0x6533d3be8570:World0.usd@ <0x6533d3bedb00>)

2026-08-07T17:53:36Z [9,538ms] [Warning] [omni.usd] Warning: in _ReportErrors at line 3172 of /builds/omniverse/usd-ci/USD/pxr/usd/usd/stage.cpp -- In </World/envs/env_89/LinkerHand/ring_tip/visuals>: Unresolved reference prim path @/tmp/IsaacLab/usd_20260807_105335_548/configuration/linkerhand_l20_left_physics.usd@</visuals/ring_tip> introduced by @/tmp/IsaacLab/usd_20260807_105335_548/configuration/linkerhand_l20_left_base.usd@</linkerhand_l20_left/ring_tip/visuals> (recomposing stage on stage @anon:0x6533d3be8570:World0.usd@ <0x6533d3bedb00>)

2026-08-07T17:53:36Z [9,538ms] [Warning] [omni.usd] Warning: in _ReportErrors at line 3172 of /builds/omniverse/usd-ci/USD/pxr/usd/usd/stage.cpp -- In </World/envs/env_90/Screwdriver/vitrual_link_1/visuals>: Unresolved reference prim path @/tmp/IsaacLab/usd_20260807_105335_5437/configuration/screwdriver_64mm_handle_physics.usd@</visuals/vitrual_link_1> introduced by @/tmp/IsaacLab/usd_20260807_105335_5437/configuration/screwdriver_64mm_handle_base.usd@</screwdriver_on_the_table_64mm_handle/vitrual_link_1/visuals> (recomposing stage on stage @anon:0x6533d3be8570:World0.usd@ <0x6533d3bedb00>)

2026-08-07T17:53:36Z [9,538ms] [Warning] [omni.usd] Warning: in _ReportErrors at line 3172 of /builds/omniverse/usd-ci/USD/pxr/usd/usd/stage.cpp -- In </World/envs/env_87/LinkerHand/pinky_tip/visuals>: Unresolved reference prim path @/tmp/IsaacLab/usd_20260807_105335_548/configuration/linkerhand_l20_left_physics.usd@</visuals/pinky_tip> introduced by @/tmp/IsaacLab/usd_20260807_105335_548/configuration/linkerhand_l20_left_base.usd@</linkerhand_l20_left/pinky_tip/visuals> (recomposing stage on stage @anon:0x6533d3be8570:World0.usd@ <0x6533d3bedb00>)

2026-08-07T17:53:36Z [9,538ms] [Warning] [omni.usd] Warning: in _ReportErrors at line 3172 of /builds/omniverse/usd-ci/USD/pxr/usd/usd/stage.cpp -- In </World/envs/env_8/LinkerHand/middle_tip/visuals>: Unresolved reference prim path @/tmp/IsaacLab/usd_20260807_105335_548/configuration/linkerhand_l20_left_physics.usd@</visuals/middle_tip> introduced by @/tmp/IsaacLab/usd_20260807_105335_548/configuration/linkerhand_l20_left_base.usd@</linkerhand_l20_left/middle_tip/visuals> (recomposing stage on stage @anon:0x6533d3be8570:World0.usd@ <0x6533d3bedb00>)

2026-08-07T17:53:36Z [9,538ms] [Warning] [omni.usd] Warning: in _ReportErrors at line 3172 of /builds/omniverse/usd-ci/USD/pxr/usd/usd/stage.cpp -- In </World/envs/env_95/Screwdriver/vitrual_link_2/visuals>: Unresolved reference prim path @/tmp/IsaacLab/usd_20260807_105335_5437/configuration/screwdriver_64mm_handle_physics.usd@</visuals/vitrual_link_2> introduced by @/tmp/IsaacLab/usd_20260807_105335_5437/configuration/screwdriver_64mm_handle_base.usd@</screwdriver_on_the_table_64mm_handle/vitrual_link_2/visuals> (recomposing stage on stage @anon:0x6533d3be8570:World0.usd@ <0x6533d3bedb00>)

2026-08-07T17:53:36Z [9,538ms] [Warning] [omni.usd] Warning: in _ReportErrors at line 3172 of /builds/omniverse/usd-ci/USD/pxr/usd/usd/stage.cpp -- In </World/envs/env_95/Screwdriver/vitrual_link_1/visuals>: Unresolved reference prim path @/tmp/IsaacLab/usd_20260807_105335_5437/configuration/screwdriver_64mm_handle_physics.usd@</visuals/vitrual_link_1> introduced by @/tmp/IsaacLab/usd_20260807_105335_5437/configuration/screwdriver_64mm_handle_base.usd@</screwdriver_on_the_table_64mm_handle/vitrual_link_1/visuals> (recomposing stage on stage @anon:0x6533d3be8570:World0.usd@ <0x6533d3bedb00>)

2026-08-07T17:53:36Z [9,538ms] [Warning] [omni.usd] Warning: in _ReportErrors at line 3172 of /builds/omniverse/usd-ci/USD/pxr/usd/usd/stage.cpp -- In </World/envs/env_84/LinkerHand/middle_tip/visuals>: Unresolved reference prim path @/tmp/IsaacLab/usd_20260807_105335_548/configuration/linkerhand_l20_left_physics.usd@</visuals/middle_tip> introduced by @/tmp/IsaacLab/usd_20260807_105335_548/configuration/linkerhand_l20_left_base.usd@</linkerhand_l20_left/middle_tip/visuals> (recomposing stage on stage @anon:0x6533d3be8570:World0.usd@ <0x6533d3bedb00>)

2026-08-07T17:53:36Z [9,538ms] [Warning] [omni.usd] Warning: in _ReportErrors at line 3172 of /builds/omniverse/usd-ci/USD/pxr/usd/usd/stage.cpp -- In </World/envs/env_90/LinkerHand/thumb_tip/visuals>: Unresolved reference prim path @/tmp/IsaacLab/usd_20260807_105335_548/configuration/linkerhand_l20_left_physics.usd@</visuals/thumb_tip> introduced by @/tmp/IsaacLab/usd_20260807_105335_548/configuration/linkerhand_l20_left_base.usd@</linkerhand_l20_left/thumb_tip/visuals> (recomposing stage on stage @anon:0x6533d3be8570:World0.usd@ <0x6533d3bedb00>)

2026-08-07T17:53:36Z [9,538ms] [Warning] [omni.usd] Warning: in _ReportErrors at line 3172 of /builds/omniverse/usd-ci/USD/pxr/usd/usd/stage.cpp -- In </World/envs/env_93/Screwdriver/vitrual_link_2/visuals>: Unresolved reference prim path @/tmp/IsaacLab/usd_20260807_105335_5437/configuration/screwdriver_64mm_handle_physics.usd@</visuals/vitrual_link_2> introduced by @/tmp/IsaacLab/usd_20260807_105335_5437/configuration/screwdriver_64mm_handle_base.usd@</screwdriver_on_the_table_64mm_handle/vitrual_link_2/visuals> (recomposing stage on stage @anon:0x6533d3be8570:World0.usd@ <0x6533d3bedb00>)

2026-08-07T17:53:36Z [9,538ms] [Warning] [omni.usd] Warning: in _ReportErrors at line 3172 of /builds/omniverse/usd-ci/USD/pxr/usd/usd/stage.cpp -- In </World/envs/env_92/LinkerHand/thumb_tip/visuals>: Unresolved reference prim path @/tmp/IsaacLab/usd_20260807_105335_548/configuration/linkerhand_l20_left_physics.usd@</visuals/thumb_tip> introduced by @/tmp/IsaacLab/usd_20260807_105335_548/configuration/linkerhand_l20_left_base.usd@</linkerhand_l20_left/thumb_tip/visuals> (recomposing stage on stage @anon:0x6533d3be8570:World0.usd@ <0x6533d3bedb00>)

2026-08-07T17:53:36Z [9,538ms] [Warning] [omni.usd] Warning: in _ReportErrors at line 3172 of /builds/omniverse/usd-ci/USD/pxr/usd/usd/stage.cpp -- In </World/envs/env_95/LinkerHand/thumb_tip/visuals>: Unresolved reference prim path @/tmp/IsaacLab/usd_20260807_105335_548/configuration/linkerhand_l20_left_physics.usd@</visuals/thumb_tip> introduced by @/tmp/IsaacLab/usd_20260807_105335_548/configuration/linkerhand_l20_left_base.usd@</linkerhand_l20_left/thumb_tip/visuals> (recomposing stage on stage @anon:0x6533d3be8570:World0.usd@ <0x6533d3bedb00>)

2026-08-07T17:53:36Z [9,538ms] [Warning] [omni.usd] Warning: in _ReportErrors at line 3172 of /builds/omniverse/usd-ci/USD/pxr/usd/usd/stage.cpp -- In </World/envs/env_85/LinkerHand/pinky_tip/visuals>: Unresolved reference prim path @/tmp/IsaacLab/usd_20260807_105335_548/configuration/linkerhand_l20_left_physics.usd@</visuals/pinky_tip> introduced by @/tmp/IsaacLab/usd_20260807_105335_548/configuration/linkerhand_l20_left_base.usd@</linkerhand_l20_left/pinky_tip/visuals> (recomposing stage on stage @anon:0x6533d3be8570:World0.usd@ <0x6533d3bedb00>)

2026-08-07T17:53:36Z [9,538ms] [Warning] [omni.usd] Warning: in _ReportErrors at line 3172 of /builds/omniverse/usd-ci/USD/pxr/usd/usd/stage.cpp -- In </World/envs/env_87/LinkerHand/middle_tip/visuals>: Unresolved reference prim path @/tmp/IsaacLab/usd_20260807_105335_548/configuration/linkerhand_l20_left_physics.usd@</visuals/middle_tip> introduced by @/tmp/IsaacLab/usd_20260807_105335_548/configuration/linkerhand_l20_left_base.usd@</linkerhand_l20_left/middle_tip/visuals> (recomposing stage on stage @anon:0x6533d3be8570:World0.usd@ <0x6533d3bedb00>)

2026-08-07T17:53:36Z [9,538ms] [Warning] [omni.usd] Warning: in _ReportErrors at line 3172 of /builds/omniverse/usd-ci/USD/pxr/usd/usd/stage.cpp -- In </World/envs/env_91/Screwdriver/vitrual_link_2/visuals>: Unresolved reference prim path @/tmp/IsaacLab/usd_20260807_105335_5437/configuration/screwdriver_64mm_handle_physics.usd@</visuals/vitrual_link_2> introduced by @/tmp/IsaacLab/usd_20260807_105335_5437/configuration/screwdriver_64mm_handle_base.usd@</screwdriver_on_the_table_64mm_handle/vitrual_link_2/visuals> (recomposing stage on stage @anon:0x6533d3be8570:World0.usd@ <0x6533d3bedb00>)

2026-08-07T17:53:36Z [9,538ms] [Warning] [omni.usd] Warning: in _ReportErrors at line 3172 of /builds/omniverse/usd-ci/USD/pxr/usd/usd/stage.cpp -- In </World/envs/env_88/LinkerHand/ring_tip/visuals>: Unresolved reference prim path @/tmp/IsaacLab/usd_20260807_105335_548/configuration/linkerhand_l20_left_physics.usd@</visuals/ring_tip> introduced by @/tmp/IsaacLab/usd_20260807_105335_548/configuration/linkerhand_l20_left_base.usd@</linkerhand_l20_left/ring_tip/visuals> (recomposing stage on stage @anon:0x6533d3be8570:World0.usd@ <0x6533d3bedb00>)

2026-08-07T17:53:36Z [9,538ms] [Warning] [omni.usd] Warning: in _ReportErrors at line 3172 of /builds/omniverse/usd-ci/USD/pxr/usd/usd/stage.cpp -- In </World/envs/env_93/Screwdriver/vitrual_link_1/visuals>: Unresolved reference prim path @/tmp/IsaacLab/usd_20260807_105335_5437/configuration/screwdriver_64mm_handle_physics.usd@</visuals/vitrual_link_1> introduced by @/tmp/IsaacLab/usd_20260807_105335_5437/configuration/screwdriver_64mm_handle_base.usd@</screwdriver_on_the_table_64mm_handle/vitrual_link_1/visuals> (recomposing stage on stage @anon:0x6533d3be8570:World0.usd@ <0x6533d3bedb00>)

2026-08-07T17:53:36Z [9,538ms] [Warning] [omni.usd] Warning: in _ReportErrors at line 3172 of /builds/omniverse/usd-ci/USD/pxr/usd/usd/stage.cpp -- In </World/envs/env_82/LinkerHand/middle_tip/visuals>: Unresolved reference prim path @/tmp/IsaacLab/usd_20260807_105335_548/configuration/linkerhand_l20_left_physics.usd@</visuals/middle_tip> introduced by @/tmp/IsaacLab/usd_20260807_105335_548/configuration/linkerhand_l20_left_base.usd@</linkerhand_l20_left/middle_tip/visuals> (recomposing stage on stage @anon:0x6533d3be8570:World0.usd@ <0x6533d3bedb00>)

2026-08-07T17:53:36Z [9,538ms] [Warning] [omni.usd] Warning: in _ReportErrors at line 3172 of /builds/omniverse/usd-ci/USD/pxr/usd/usd/stage.cpp -- In </World/envs/env_92/Screwdriver/vitrual_link_2/visuals>: Unresolved reference prim path @/tmp/IsaacLab/usd_20260807_105335_5437/configuration/screwdriver_64mm_handle_physics.usd@</visuals/vitrual_link_2> introduced by @/tmp/IsaacLab/usd_20260807_105335_5437/configuration/screwdriver_64mm_handle_base.usd@</screwdriver_on_the_table_64mm_handle/vitrual_link_2/visuals> (recomposing stage on stage @anon:0x6533d3be8570:World0.usd@ <0x6533d3bedb00>)

2026-08-07T17:53:36Z [9,538ms] [Warning] [omni.usd] Warning: in _ReportErrors at line 3172 of /builds/omniverse/usd-ci/USD/pxr/usd/usd/stage.cpp -- In </World/envs/env_90/LinkerHand/ring_tip/visuals>: Unresolved reference prim path @/tmp/IsaacLab/usd_20260807_105335_548/configuration/linkerhand_l20_left_physics.usd@</visuals/ring_tip> introduced by @/tmp/IsaacLab/usd_20260807_105335_548/configuration/linkerhand_l20_left_base.usd@</linkerhand_l20_left/ring_tip/visuals> (recomposing stage on stage @anon:0x6533d3be8570:World0.usd@ <0x6533d3bedb00>)

2026-08-07T17:53:36Z [9,538ms] [Warning] [omni.usd] Warning: in _ReportErrors at line 3172 of /builds/omniverse/usd-ci/USD/pxr/usd/usd/stage.cpp -- In </World/envs/env_89/LinkerHand/index_tip/visuals>: Unresolved reference prim path @/tmp/IsaacLab/usd_20260807_105335_548/configuration/linkerhand_l20_left_physics.usd@</visuals/index_tip> introduced by @/tmp/IsaacLab/usd_20260807_105335_548/configuration/linkerhand_l20_left_base.usd@</linkerhand_l20_left/index_tip/visuals> (recomposing stage on stage @anon:0x6533d3be8570:World0.usd@ <0x6533d3bedb00>)

2026-08-07T17:53:36Z [9,538ms] [Warning] [omni.usd] Warning: in _ReportErrors at line 3172 of /builds/omniverse/usd-ci/USD/pxr/usd/usd/stage.cpp -- In </World/envs/env_93/LinkerHand/thumb_tip/visuals>: Unresolved reference prim path @/tmp/IsaacLab/usd_20260807_105335_548/configuration/linkerhand_l20_left_physics.usd@</visuals/thumb_tip> introduced by @/tmp/IsaacLab/usd_20260807_105335_548/configuration/linkerhand_l20_left_base.usd@</linkerhand_l20_left/thumb_tip/visuals> (recomposing stage on stage @anon:0x6533d3be8570:World0.usd@ <0x6533d3bedb00>)

2026-08-07T17:53:36Z [9,538ms] [Warning] [omni.usd] Warning: in _ReportErrors at line 3172 of /builds/omniverse/usd-ci/USD/pxr/usd/usd/stage.cpp -- In </World/envs/env_86/LinkerHand/middle_tip/visuals>: Unresolved reference prim path @/tmp/IsaacLab/usd_20260807_105335_548/configuration/linkerhand_l20_left_physics.usd@</visuals/middle_tip> introduced by @/tmp/IsaacLab/usd_20260807_105335_548/configuration/linkerhand_l20_left_base.usd@</linkerhand_l20_left/middle_tip/visuals> (recomposing stage on stage @anon:0x6533d3be8570:World0.usd@ <0x6533d3bedb00>)

2026-08-07T17:53:36Z [9,538ms] [Warning] [omni.usd] Warning: in _ReportErrors at line 3172 of /builds/omniverse/usd-ci/USD/pxr/usd/usd/stage.cpp -- In </World/envs/env_9/LinkerHand/pinky_tip/visuals>: Unresolved reference prim path @/tmp/IsaacLab/usd_20260807_105335_548/configuration/linkerhand_l20_left_physics.usd@</visuals/pinky_tip> introduced by @/tmp/IsaacLab/usd_20260807_105335_548/configuration/linkerhand_l20_left_base.usd@</linkerhand_l20_left/pinky_tip/visuals> (recomposing stage on stage @anon:0x6533d3be8570:World0.usd@ <0x6533d3bedb00>)

2026-08-07T17:53:36Z [9,538ms] [Warning] [omni.usd] Warning: in _ReportErrors at line 3172 of /builds/omniverse/usd-ci/USD/pxr/usd/usd/stage.cpp -- In </World/envs/env_83/LinkerHand/pinky_tip/visuals>: Unresolved reference prim path @/tmp/IsaacLab/usd_20260807_105335_548/configuration/linkerhand_l20_left_physics.usd@</visuals/pinky_tip> introduced by @/tmp/IsaacLab/usd_20260807_105335_548/configuration/linkerhand_l20_left_base.usd@</linkerhand_l20_left/pinky_tip/visuals> (recomposing stage on stage @anon:0x6533d3be8570:World0.usd@ <0x6533d3bedb00>)

2026-08-07T17:53:36Z [9,538ms] [Warning] [omni.usd] Warning: in _ReportErrors at line 3172 of /builds/omniverse/usd-ci/USD/pxr/usd/usd/stage.cpp -- In </World/envs/env_80/LinkerHand/middle_tip/visuals>: Unresolved reference prim path @/tmp/IsaacLab/usd_20260807_105335_548/configuration/linkerhand_l20_left_physics.usd@</visuals/middle_tip> introduced by @/tmp/IsaacLab/usd_20260807_105335_548/configuration/linkerhand_l20_left_base.usd@</linkerhand_l20_left/middle_tip/visuals> (recomposing stage on stage @anon:0x6533d3be8570:World0.usd@ <0x6533d3bedb00>)

2026-08-07T17:53:36Z [9,538ms] [Warning] [omni.usd] Warning: in _ReportErrors at line 3172 of /builds/omniverse/usd-ci/USD/pxr/usd/usd/stage.cpp -- In </World/envs/env_81/LinkerHand/middle_tip/visuals>: Unresolved reference prim path @/tmp/IsaacLab/usd_20260807_105335_548/configuration/linkerhand_l20_left_physics.usd@</visuals/middle_tip> introduced by @/tmp/IsaacLab/usd_20260807_105335_548/configuration/linkerhand_l20_left_base.usd@</linkerhand_l20_left/middle_tip/visuals> (recomposing stage on stage @anon:0x6533d3be8570:World0.usd@ <0x6533d3bedb00>)

2026-08-07T17:53:36Z [9,538ms] [Warning] [omni.usd] Warning: in _ReportErrors at line 3172 of /builds/omniverse/usd-ci/USD/pxr/usd/usd/stage.cpp -- In </World/envs/env_91/LinkerHand/thumb_tip/visuals>: Unresolved reference prim path @/tmp/IsaacLab/usd_20260807_105335_548/configuration/linkerhand_l20_left_physics.usd@</visuals/thumb_tip> introduced by @/tmp/IsaacLab/usd_20260807_105335_548/configuration/linkerhand_l20_left_base.usd@</linkerhand_l20_left/thumb_tip/visuals> (recomposing stage on stage @anon:0x6533d3be8570:World0.usd@ <0x6533d3bedb00>)

2026-08-07T17:53:36Z [9,538ms] [Warning] [omni.usd] Warning: in _ReportErrors at line 3172 of /builds/omniverse/usd-ci/USD/pxr/usd/usd/stage.cpp -- In </World/envs/env_85/LinkerHand/middle_tip/visuals>: Unresolved reference prim path @/tmp/IsaacLab/usd_20260807_105335_548/configuration/linkerhand_l20_left_physics.usd@</visuals/middle_tip> introduced by @/tmp/IsaacLab/usd_20260807_105335_548/configuration/linkerhand_l20_left_base.usd@</linkerhand_l20_left/middle_tip/visuals> (recomposing stage on stage @anon:0x6533d3be8570:World0.usd@ <0x6533d3bedb00>)

2026-08-07T17:53:36Z [9,538ms] [Warning] [omni.usd] Warning: in _ReportErrors at line 3172 of /builds/omniverse/usd-ci/USD/pxr/usd/usd/stage.cpp -- In </World/envs/env_95/LinkerHand/ring_tip/visuals>: Unresolved reference prim path @/tmp/IsaacLab/usd_20260807_105335_548/configuration/linkerhand_l20_left_physics.usd@</visuals/ring_tip> introduced by @/tmp/IsaacLab/usd_20260807_105335_548/configuration/linkerhand_l20_left_base.usd@</linkerhand_l20_left/ring_tip/visuals> (recomposing stage on stage @anon:0x6533d3be8570:World0.usd@ <0x6533d3bedb00>)

2026-08-07T17:53:36Z [9,538ms] [Warning] [omni.usd] Warning: in _ReportErrors at line 3172 of /builds/omniverse/usd-ci/USD/pxr/usd/usd/stage.cpp -- In </World/envs/env_91/Screwdriver/vitrual_link_1/visuals>: Unresolved reference prim path @/tmp/IsaacLab/usd_20260807_105335_5437/configuration/screwdriver_64mm_handle_physics.usd@</visuals/vitrual_link_1> introduced by @/tmp/IsaacLab/usd_20260807_105335_5437/configuration/screwdriver_64mm_handle_base.usd@</screwdriver_on_the_table_64mm_handle/vitrual_link_1/visuals> (recomposing stage on stage @anon:0x6533d3be8570:World0.usd@ <0x6533d3bedb00>)

2026-08-07T17:53:36Z [9,538ms] [Warning] [omni.usd] Warning: in _ReportErrors at line 3172 of /builds/omniverse/usd-ci/USD/pxr/usd/usd/stage.cpp -- In </World/envs/env_92/Screwdriver/vitrual_link_1/visuals>: Unresolved reference prim path @/tmp/IsaacLab/usd_20260807_105335_5437/configuration/screwdriver_64mm_handle_physics.usd@</visuals/vitrual_link_1> introduced by @/tmp/IsaacLab/usd_20260807_105335_5437/configuration/screwdriver_64mm_handle_base.usd@</screwdriver_on_the_table_64mm_handle/vitrual_link_1/visuals> (recomposing stage on stage @anon:0x6533d3be8570:World0.usd@ <0x6533d3bedb00>)

2026-08-07T17:53:36Z [9,538ms] [Warning] [omni.usd] Warning: in _ReportErrors at line 3172 of /builds/omniverse/usd-ci/USD/pxr/usd/usd/stage.cpp -- In </World/envs/env_89/LinkerHand/pinky_tip/visuals>: Unresolved reference prim path @/tmp/IsaacLab/usd_20260807_105335_548/configuration/linkerhand_l20_left_physics.usd@</visuals/pinky_tip> introduced by @/tmp/IsaacLab/usd_20260807_105335_548/configuration/linkerhand_l20_left_base.usd@</linkerhand_l20_left/pinky_tip/visuals> (recomposing stage on stage @anon:0x6533d3be8570:World0.usd@ <0x6533d3bedb00>)

2026-08-07T17:53:36Z [9,538ms] [Warning] [omni.usd] Warning: in _ReportErrors at line 3172 of /builds/omniverse/usd-ci/USD/pxr/usd/usd/stage.cpp -- In </World/envs/env_94/Screwdriver/vitrual_link_2/visuals>: Unresolved reference prim path @/tmp/IsaacLab/usd_20260807_105335_5437/configuration/screwdriver_64mm_handle_physics.usd@</visuals/vitrual_link_2> introduced by @/tmp/IsaacLab/usd_20260807_105335_5437/configuration/screwdriver_64mm_handle_base.usd@</screwdriver_on_the_table_64mm_handle/vitrual_link_2/visuals> (recomposing stage on stage @anon:0x6533d3be8570:World0.usd@ <0x6533d3bedb00>)

2026-08-07T17:53:36Z [9,538ms] [Warning] [omni.usd] Warning: in _ReportErrors at line 3172 of /builds/omniverse/usd-ci/USD/pxr/usd/usd/stage.cpp -- In </World/envs/env_92/LinkerHand/ring_tip/visuals>: Unresolved reference prim path @/tmp/IsaacLab/usd_20260807_105335_548/configuration/linkerhand_l20_left_physics.usd@</visuals/ring_tip> introduced by @/tmp/IsaacLab/usd_20260807_105335_548/configuration/linkerhand_l20_left_base.usd@</linkerhand_l20_left/ring_tip/visuals> (recomposing stage on stage @anon:0x6533d3be8570:World0.usd@ <0x6533d3bedb00>)

2026-08-07T17:53:36Z [9,538ms] [Warning] [omni.usd] Warning: in _ReportErrors at line 3172 of /builds/omniverse/usd-ci/USD/pxr/usd/usd/stage.cpp -- In </World/envs/env_84/LinkerHand/index_tip/visuals>: Unresolved reference prim path @/tmp/IsaacLab/usd_20260807_105335_548/configuration/linkerhand_l20_left_physics.usd@</visuals/index_tip> introduced by @/tmp/IsaacLab/usd_20260807_105335_548/configuration/linkerhand_l20_left_base.usd@</linkerhand_l20_left/index_tip/visuals> (recomposing stage on stage @anon:0x6533d3be8570:World0.usd@ <0x6533d3bedb00>)

2026-08-07T17:53:36Z [9,538ms] [Warning] [omni.usd] Warning: in _ReportErrors at line 3172 of /builds/omniverse/usd-ci/USD/pxr/usd/usd/stage.cpp -- In </World/envs/env_94/Screwdriver/vitrual_link_1/visuals>: Unresolved reference prim path @/tmp/IsaacLab/usd_20260807_105335_5437/configuration/screwdriver_64mm_handle_physics.usd@</visuals/vitrual_link_1> introduced by @/tmp/IsaacLab/usd_20260807_105335_5437/configuration/screwdriver_64mm_handle_base.usd@</screwdriver_on_the_table_64mm_handle/vitrual_link_1/visuals> (recomposing stage on stage @anon:0x6533d3be8570:World0.usd@ <0x6533d3bedb00>)

2026-08-07T17:53:36Z [9,538ms] [Warning] [omni.usd] Warning: in _ReportErrors at line 3172 of /builds/omniverse/usd-ci/USD/pxr/usd/usd/stage.cpp -- In </World/envs/env_92/LinkerHand/pinky_tip/visuals>: Unresolved reference prim path @/tmp/IsaacLab/usd_20260807_105335_548/configuration/linkerhand_l20_left_physics.usd@</visuals/pinky_tip> introduced by @/tmp/IsaacLab/usd_20260807_105335_548/configuration/linkerhand_l20_left_base.usd@</linkerhand_l20_left/pinky_tip/visuals> (recomposing stage on stage @anon:0x6533d3be8570:World0.usd@ <0x6533d3bedb00>)

2026-08-07T17:53:36Z [9,538ms] [Warning] [omni.usd] Warning: in _ReportErrors at line 3172 of /builds/omniverse/usd-ci/USD/pxr/usd/usd/stage.cpp -- In </World/envs/env_86/LinkerHand/index_tip/visuals>: Unresolved reference prim path @/tmp/IsaacLab/usd_20260807_105335_548/configuration/linkerhand_l20_left_physics.usd@</visuals/index_tip> introduced by @/tmp/IsaacLab/usd_20260807_105335_548/configuration/linkerhand_l20_left_base.usd@</linkerhand_l20_left/index_tip/visuals> (recomposing stage on stage @anon:0x6533d3be8570:World0.usd@ <0x6533d3bedb00>)

2026-08-07T17:53:36Z [9,538ms] [Warning] [omni.usd] Warning: in _ReportErrors at line 3172 of /builds/omniverse/usd-ci/USD/pxr/usd/usd/stage.cpp -- In </World/envs/env_94/LinkerHand/thumb_tip/visuals>: Unresolved reference prim path @/tmp/IsaacLab/usd_20260807_105335_548/configuration/linkerhand_l20_left_physics.usd@</visuals/thumb_tip> introduced by @/tmp/IsaacLab/usd_20260807_105335_548/configuration/linkerhand_l20_left_base.usd@</linkerhand_l20_left/thumb_tip/visuals> (recomposing stage on stage @anon:0x6533d3be8570:World0.usd@ <0x6533d3bedb00>)

2026-08-07T17:53:36Z [9,538ms] [Warning] [omni.usd] Warning: in _ReportErrors at line 3172 of /builds/omniverse/usd-ci/USD/pxr/usd/usd/stage.cpp -- In </World/envs/env_9/LinkerHand/middle_tip/visuals>: Unresolved reference prim path @/tmp/IsaacLab/usd_20260807_105335_548/configuration/linkerhand_l20_left_physics.usd@</visuals/middle_tip> introduced by @/tmp/IsaacLab/usd_20260807_105335_548/configuration/linkerhand_l20_left_base.usd@</linkerhand_l20_left/middle_tip/visuals> (recomposing stage on stage @anon:0x6533d3be8570:World0.usd@ <0x6533d3bedb00>)

2026-08-07T17:53:36Z [9,538ms] [Warning] [omni.usd] Warning: in _ReportErrors at line 3172 of /builds/omniverse/usd-ci/USD/pxr/usd/usd/stage.cpp -- In </World/envs/env_87/LinkerHand/index_tip/visuals>: Unresolved reference prim path @/tmp/IsaacLab/usd_20260807_105335_548/configuration/linkerhand_l20_left_physics.usd@</visuals/index_tip> introduced by @/tmp/IsaacLab/usd_20260807_105335_548/configuration/linkerhand_l20_left_base.usd@</linkerhand_l20_left/index_tip/visuals> (recomposing stage on stage @anon:0x6533d3be8570:World0.usd@ <0x6533d3bedb00>)

2026-08-07T17:53:36Z [9,538ms] [Warning] [omni.usd] Warning: in _ReportErrors at line 3172 of /builds/omniverse/usd-ci/USD/pxr/usd/usd/stage.cpp -- In </World/envs/env_85/LinkerHand/index_tip/visuals>: Unresolved reference prim path @/tmp/IsaacLab/usd_20260807_105335_548/configuration/linkerhand_l20_left_physics.usd@</visuals/index_tip> introduced by @/tmp/IsaacLab/usd_20260807_105335_548/configuration/linkerhand_l20_left_base.usd@</linkerhand_l20_left/index_tip/visuals> (recomposing stage on stage @anon:0x6533d3be8570:World0.usd@ <0x6533d3bedb00>)

2026-08-07T17:53:36Z [9,538ms] [Warning] [omni.usd] Warning: in _ReportErrors at line 3172 of /builds/omniverse/usd-ci/USD/pxr/usd/usd/stage.cpp -- In </World/envs/env_88/LinkerHand/pinky_tip/visuals>: Unresolved reference prim path @/tmp/IsaacLab/usd_20260807_105335_548/configuration/linkerhand_l20_left_physics.usd@</visuals/pinky_tip> introduced by @/tmp/IsaacLab/usd_20260807_105335_548/configuration/linkerhand_l20_left_base.usd@</linkerhand_l20_left/pinky_tip/visuals> (recomposing stage on stage @anon:0x6533d3be8570:World0.usd@ <0x6533d3bedb00>)

2026-08-07T17:53:36Z [9,539ms] [Warning] [omni.usd] Warning: in _ReportErrors at line 3172 of /builds/omniverse/usd-ci/USD/pxr/usd/usd/stage.cpp -- In </World/envs/env_91/LinkerHand/ring_tip/visuals>: Unresolved reference prim path @/tmp/IsaacLab/usd_20260807_105335_548/configuration/linkerhand_l20_left_physics.usd@</visuals/ring_tip> introduced by @/tmp/IsaacLab/usd_20260807_105335_548/configuration/linkerhand_l20_left_base.usd@</linkerhand_l20_left/ring_tip/visuals> (recomposing stage on stage @anon:0x6533d3be8570:World0.usd@ <0x6533d3bedb00>)

2026-08-07T17:53:36Z [9,539ms] [Warning] [omni.usd] Warning: in _ReportErrors at line 3172 of /builds/omniverse/usd-ci/USD/pxr/usd/usd/stage.cpp -- In </World/envs/env_93/LinkerHand/ring_tip/visuals>: Unresolved reference prim path @/tmp/IsaacLab/usd_20260807_105335_548/configuration/linkerhand_l20_left_physics.usd@</visuals/ring_tip> introduced by @/tmp/IsaacLab/usd_20260807_105335_548/configuration/linkerhand_l20_left_base.usd@</linkerhand_l20_left/ring_tip/visuals> (recomposing stage on stage @anon:0x6533d3be8570:World0.usd@ <0x6533d3bedb00>)

2026-08-07T17:53:36Z [9,539ms] [Warning] [omni.usd] Warning: in _ReportErrors at line 3172 of /builds/omniverse/usd-ci/USD/pxr/usd/usd/stage.cpp -- In </World/envs/env_83/LinkerHand/middle_tip/visuals>: Unresolved reference prim path @/tmp/IsaacLab/usd_20260807_105335_548/configuration/linkerhand_l20_left_physics.usd@</visuals/middle_tip> introduced by @/tmp/IsaacLab/usd_20260807_105335_548/configuration/linkerhand_l20_left_base.usd@</linkerhand_l20_left/middle_tip/visuals> (recomposing stage on stage @anon:0x6533d3be8570:World0.usd@ <0x6533d3bedb00>)

2026-08-07T17:53:36Z [9,539ms] [Warning] [omni.usd] Warning: in _ReportErrors at line 3172 of /builds/omniverse/usd-ci/USD/pxr/usd/usd/stage.cpp -- In </World/envs/env_89/LinkerHand/middle_tip/visuals>: Unresolved reference prim path @/tmp/IsaacLab/usd_20260807_105335_548/configuration/linkerhand_l20_left_physics.usd@</visuals/middle_tip> introduced by @/tmp/IsaacLab/usd_20260807_105335_548/configuration/linkerhand_l20_left_base.usd@</linkerhand_l20_left/middle_tip/visuals> (recomposing stage on stage @anon:0x6533d3be8570:World0.usd@ <0x6533d3bedb00>)

2026-08-07T17:53:36Z [9,539ms] [Warning] [omni.usd] Warning: in _ReportErrors at line 3172 of /builds/omniverse/usd-ci/USD/pxr/usd/usd/stage.cpp -- In </World/envs/env_81/LinkerHand/index_tip/visuals>: Unresolved reference prim path @/tmp/IsaacLab/usd_20260807_105335_548/configuration/linkerhand_l20_left_physics.usd@</visuals/index_tip> introduced by @/tmp/IsaacLab/usd_20260807_105335_548/configuration/linkerhand_l20_left_base.usd@</linkerhand_l20_left/index_tip/visuals> (recomposing stage on stage @anon:0x6533d3be8570:World0.usd@ <0x6533d3bedb00>)

2026-08-07T17:53:36Z [9,539ms] [Warning] [omni.usd] Warning: in _ReportErrors at line 3172 of /builds/omniverse/usd-ci/USD/pxr/usd/usd/stage.cpp -- In </World/envs/env_95/LinkerHand/pinky_tip/visuals>: Unresolved reference prim path @/tmp/IsaacLab/usd_20260807_105335_548/configuration/linkerhand_l20_left_physics.usd@</visuals/pinky_tip> introduced by @/tmp/IsaacLab/usd_20260807_105335_548/configuration/linkerhand_l20_left_base.usd@</linkerhand_l20_left/pinky_tip/visuals> (recomposing stage on stage @anon:0x6533d3be8570:World0.usd@ <0x6533d3bedb00>)

2026-08-07T17:53:36Z [9,539ms] [Warning] [omni.usd] Warning: in _ReportErrors at line 3172 of /builds/omniverse/usd-ci/USD/pxr/usd/usd/stage.cpp -- In </World/envs/env_90/LinkerHand/index_tip/visuals>: Unresolved reference prim path @/tmp/IsaacLab/usd_20260807_105335_548/configuration/linkerhand_l20_left_physics.usd@</visuals/index_tip> introduced by @/tmp/IsaacLab/usd_20260807_105335_548/configuration/linkerhand_l20_left_base.usd@</linkerhand_l20_left/index_tip/visuals> (recomposing stage on stage @anon:0x6533d3be8570:World0.usd@ <0x6533d3bedb00>)

2026-08-07T17:53:36Z [9,539ms] [Warning] [omni.usd] Warning: in _ReportErrors at line 3172 of /builds/omniverse/usd-ci/USD/pxr/usd/usd/stage.cpp -- In </World/envs/env_95/LinkerHand/index_tip/visuals>: Unresolved reference prim path @/tmp/IsaacLab/usd_20260807_105335_548/configuration/linkerhand_l20_left_physics.usd@</visuals/index_tip> introduced by @/tmp/IsaacLab/usd_20260807_105335_548/configuration/linkerhand_l20_left_base.usd@</linkerhand_l20_left/index_tip/visuals> (recomposing stage on stage @anon:0x6533d3be8570:World0.usd@ <0x6533d3bedb00>)

2026-08-07T17:53:36Z [9,539ms] [Warning] [omni.usd] Warning: in _ReportErrors at line 3172 of /builds/omniverse/usd-ci/USD/pxr/usd/usd/stage.cpp -- In </World/envs/env_92/LinkerHand/middle_tip/visuals>: Unresolved reference prim path @/tmp/IsaacLab/usd_20260807_105335_548/configuration/linkerhand_l20_left_physics.usd@</visuals/middle_tip> introduced by @/tmp/IsaacLab/usd_20260807_105335_548/configuration/linkerhand_l20_left_base.usd@</linkerhand_l20_left/middle_tip/visuals> (recomposing stage on stage @anon:0x6533d3be8570:World0.usd@ <0x6533d3bedb00>)

2026-08-07T17:53:36Z [9,539ms] [Warning] [omni.usd] Warning: in _ReportErrors at line 3172 of /builds/omniverse/usd-ci/USD/pxr/usd/usd/stage.cpp -- In </World/envs/env_90/LinkerHand/pinky_tip/visuals>: Unresolved reference prim path @/tmp/IsaacLab/usd_20260807_105335_548/configuration/linkerhand_l20_left_physics.usd@</visuals/pinky_tip> introduced by @/tmp/IsaacLab/usd_20260807_105335_548/configuration/linkerhand_l20_left_base.usd@</linkerhand_l20_left/pinky_tip/visuals> (recomposing stage on stage @anon:0x6533d3be8570:World0.usd@ <0x6533d3bedb00>)

2026-08-07T17:53:36Z [9,539ms] [Warning] [omni.usd] Warning: in _ReportErrors at line 3172 of /builds/omniverse/usd-ci/USD/pxr/usd/usd/stage.cpp -- In </World/envs/env_93/LinkerHand/index_tip/visuals>: Unresolved reference prim path @/tmp/IsaacLab/usd_20260807_105335_548/configuration/linkerhand_l20_left_physics.usd@</visuals/index_tip> introduced by @/tmp/IsaacLab/usd_20260807_105335_548/configuration/linkerhand_l20_left_base.usd@</linkerhand_l20_left/index_tip/visuals> (recomposing stage on stage @anon:0x6533d3be8570:World0.usd@ <0x6533d3bedb00>)

2026-08-07T17:53:36Z [9,539ms] [Warning] [omni.usd] Warning: in _ReportErrors at line 3172 of /builds/omniverse/usd-ci/USD/pxr/usd/usd/stage.cpp -- In </World/envs/env_90/LinkerHand/middle_tip/visuals>: Unresolved reference prim path @/tmp/IsaacLab/usd_20260807_105335_548/configuration/linkerhand_l20_left_physics.usd@</visuals/middle_tip> introduced by @/tmp/IsaacLab/usd_20260807_105335_548/configuration/linkerhand_l20_left_base.usd@</linkerhand_l20_left/middle_tip/visuals> (recomposing stage on stage @anon:0x6533d3be8570:World0.usd@ <0x6533d3bedb00>)

2026-08-07T17:53:36Z [9,539ms] [Warning] [omni.usd] Warning: in _ReportErrors at line 3172 of /builds/omniverse/usd-ci/USD/pxr/usd/usd/stage.cpp -- In </World/envs/env_92/LinkerHand/index_tip/visuals>: Unresolved reference prim path @/tmp/IsaacLab/usd_20260807_105335_548/configuration/linkerhand_l20_left_physics.usd@</visuals/index_tip> introduced by @/tmp/IsaacLab/usd_20260807_105335_548/configuration/linkerhand_l20_left_base.usd@</linkerhand_l20_left/index_tip/visuals> (recomposing stage on stage @anon:0x6533d3be8570:World0.usd@ <0x6533d3bedb00>)

2026-08-07T17:53:36Z [9,539ms] [Warning] [omni.usd] Warning: in _ReportErrors at line 3172 of /builds/omniverse/usd-ci/USD/pxr/usd/usd/stage.cpp -- In </World/envs/env_88/LinkerHand/index_tip/visuals>: Unresolved reference prim path @/tmp/IsaacLab/usd_20260807_105335_548/configuration/linkerhand_l20_left_physics.usd@</visuals/index_tip> introduced by @/tmp/IsaacLab/usd_20260807_105335_548/configuration/linkerhand_l20_left_base.usd@</linkerhand_l20_left/index_tip/visuals> (recomposing stage on stage @anon:0x6533d3be8570:World0.usd@ <0x6533d3bedb00>)

2026-08-07T17:53:36Z [9,539ms] [Warning] [omni.usd] Warning: in _ReportErrors at line 3172 of /builds/omniverse/usd-ci/USD/pxr/usd/usd/stage.cpp -- In </World/envs/env_91/LinkerHand/index_tip/visuals>: Unresolved reference prim path @/tmp/IsaacLab/usd_20260807_105335_548/configuration/linkerhand_l20_left_physics.usd@</visuals/index_tip> introduced by @/tmp/IsaacLab/usd_20260807_105335_548/configuration/linkerhand_l20_left_base.usd@</linkerhand_l20_left/index_tip/visuals> (recomposing stage on stage @anon:0x6533d3be8570:World0.usd@ <0x6533d3bedb00>)

2026-08-07T17:53:36Z [9,539ms] [Warning] [omni.usd] Warning: in _ReportErrors at line 3172 of /builds/omniverse/usd-ci/USD/pxr/usd/usd/stage.cpp -- In </World/envs/env_94/LinkerHand/index_tip/visuals>: Unresolved reference prim path @/tmp/IsaacLab/usd_20260807_105335_548/configuration/linkerhand_l20_left_physics.usd@</visuals/index_tip> introduced by @/tmp/IsaacLab/usd_20260807_105335_548/configuration/linkerhand_l20_left_base.usd@</linkerhand_l20_left/index_tip/visuals> (recomposing stage on stage @anon:0x6533d3be8570:World0.usd@ <0x6533d3bedb00>)

2026-08-07T17:53:36Z [9,539ms] [Warning] [omni.usd] Warning: in _ReportErrors at line 3172 of /builds/omniverse/usd-ci/USD/pxr/usd/usd/stage.cpp -- In </World/envs/env_94/LinkerHand/ring_tip/visuals>: Unresolved reference prim path @/tmp/IsaacLab/usd_20260807_105335_548/configuration/linkerhand_l20_left_physics.usd@</visuals/ring_tip> introduced by @/tmp/IsaacLab/usd_20260807_105335_548/configuration/linkerhand_l20_left_base.usd@</linkerhand_l20_left/ring_tip/visuals> (recomposing stage on stage @anon:0x6533d3be8570:World0.usd@ <0x6533d3bedb00>)

2026-08-07T17:53:36Z [9,539ms] [Warning] [omni.usd] Warning: in _ReportErrors at line 3172 of /builds/omniverse/usd-ci/USD/pxr/usd/usd/stage.cpp -- In </World/envs/env_93/LinkerHand/middle_tip/visuals>: Unresolved reference prim path @/tmp/IsaacLab/usd_20260807_105335_548/configuration/linkerhand_l20_left_physics.usd@</visuals/middle_tip> introduced by @/tmp/IsaacLab/usd_20260807_105335_548/configuration/linkerhand_l20_left_base.usd@</linkerhand_l20_left/middle_tip/visuals> (recomposing stage on stage @anon:0x6533d3be8570:World0.usd@ <0x6533d3bedb00>)

2026-08-07T17:53:36Z [9,539ms] [Warning] [omni.usd] Warning: in _ReportErrors at line 3172 of /builds/omniverse/usd-ci/USD/pxr/usd/usd/stage.cpp -- In </World/envs/env_88/LinkerHand/middle_tip/visuals>: Unresolved reference prim path @/tmp/IsaacLab/usd_20260807_105335_548/configuration/linkerhand_l20_left_physics.usd@</visuals/middle_tip> introduced by @/tmp/IsaacLab/usd_20260807_105335_548/configuration/linkerhand_l20_left_base.usd@</linkerhand_l20_left/middle_tip/visuals> (recomposing stage on stage @anon:0x6533d3be8570:World0.usd@ <0x6533d3bedb00>)

2026-08-07T17:53:36Z [9,539ms] [Warning] [omni.usd] Warning: in _ReportErrors at line 3172 of /builds/omniverse/usd-ci/USD/pxr/usd/usd/stage.cpp -- In </World/envs/env_95/LinkerHand/middle_tip/visuals>: Unresolved reference prim path @/tmp/IsaacLab/usd_20260807_105335_548/configuration/linkerhand_l20_left_physics.usd@</visuals/middle_tip> introduced by @/tmp/IsaacLab/usd_20260807_105335_548/configuration/linkerhand_l20_left_base.usd@</linkerhand_l20_left/middle_tip/visuals> (recomposing stage on stage @anon:0x6533d3be8570:World0.usd@ <0x6533d3bedb00>)

2026-08-07T17:53:36Z [9,539ms] [Warning] [omni.usd] Warning: in _ReportErrors at line 3172 of /builds/omniverse/usd-ci/USD/pxr/usd/usd/stage.cpp -- In </World/envs/env_91/LinkerHand/middle_tip/visuals>: Unresolved reference prim path @/tmp/IsaacLab/usd_20260807_105335_548/configuration/linkerhand_l20_left_physics.usd@</visuals/middle_tip> introduced by @/tmp/IsaacLab/usd_20260807_105335_548/configuration/linkerhand_l20_left_base.usd@</linkerhand_l20_left/middle_tip/visuals> (recomposing stage on stage @anon:0x6533d3be8570:World0.usd@ <0x6533d3bedb00>)

2026-08-07T17:53:36Z [9,539ms] [Warning] [omni.usd] Warning: in _ReportErrors at line 3172 of /builds/omniverse/usd-ci/USD/pxr/usd/usd/stage.cpp -- In </World/envs/env_93/LinkerHand/pinky_tip/visuals>: Unresolved reference prim path @/tmp/IsaacLab/usd_20260807_105335_548/configuration/linkerhand_l20_left_physics.usd@</visuals/pinky_tip> introduced by @/tmp/IsaacLab/usd_20260807_105335_548/configuration/linkerhand_l20_left_base.usd@</linkerhand_l20_left/pinky_tip/visuals> (recomposing stage on stage @anon:0x6533d3be8570:World0.usd@ <0x6533d3bedb00>)

2026-08-07T17:53:36Z [9,539ms] [Warning] [omni.usd] Warning: in _ReportErrors at line 3172 of /builds/omniverse/usd-ci/USD/pxr/usd/usd/stage.cpp -- In </World/envs/env_94/LinkerHand/pinky_tip/visuals>: Unresolved reference prim path @/tmp/IsaacLab/usd_20260807_105335_548/configuration/linkerhand_l20_left_physics.usd@</visuals/pinky_tip> introduced by @/tmp/IsaacLab/usd_20260807_105335_548/configuration/linkerhand_l20_left_base.usd@</linkerhand_l20_left/pinky_tip/visuals> (recomposing stage on stage @anon:0x6533d3be8570:World0.usd@ <0x6533d3bedb00>)

2026-08-07T17:53:36Z [9,539ms] [Warning] [omni.usd] Warning: in _ReportErrors at line 3172 of /builds/omniverse/usd-ci/USD/pxr/usd/usd/stage.cpp -- In </World/envs/env_91/LinkerHand/pinky_tip/visuals>: Unresolved reference prim path @/tmp/IsaacLab/usd_20260807_105335_548/configuration/linkerhand_l20_left_physics.usd@</visuals/pinky_tip> introduced by @/tmp/IsaacLab/usd_20260807_105335_548/configuration/linkerhand_l20_left_base.usd@</linkerhand_l20_left/pinky_tip/visuals> (recomposing stage on stage @anon:0x6533d3be8570:World0.usd@ <0x6533d3bedb00>)

2026-08-07T17:53:36Z [9,539ms] [Warning] [omni.usd] Warning: in _ReportErrors at line 3172 of /builds/omniverse/usd-ci/USD/pxr/usd/usd/stage.cpp -- In </World/envs/env_94/LinkerHand/middle_tip/visuals>: Unresolved reference prim path @/tmp/IsaacLab/usd_20260807_105335_548/configuration/linkerhand_l20_left_physics.usd@</visuals/middle_tip> introduced by @/tmp/IsaacLab/usd_20260807_105335_548/configuration/linkerhand_l20_left_base.usd@</linkerhand_l20_left/middle_tip/visuals> (recomposing stage on stage @anon:0x6533d3be8570:World0.usd@ <0x6533d3bedb00>)

[INFO]: Time taken for scene creation : 2.838430 seconds
[INFO]: Scene manager:  <class InteractiveScene>
	Number of environments: 128
	Environment spacing   : 1.5
	Source prim name      : /World/envs/env_0
	Global prim paths     : []
	Replicate physics     : True
[INFO]: Starting the simulation. This may take a few seconds. Please wait...
2026-08-07T17:53:37Z [10,819ms] [Error] [omni.physx.tensors.plugin] Filter pattern '/World/envs/env_*/Screwdriver/screwdriver_stick' did not match the correct number of entries (expected 2176, found 128)
2026-08-07T17:53:37Z [10,820ms] [Error] [omni.physx.tensors.plugin] Filter pattern '/World/envs/env_*/Screwdriver/screwdriver_body' did not match the correct number of entries (expected 2176, found 128)
2026-08-07T17:53:37Z [10,822ms] [Error] [omni.physx.tensors.plugin] Filter pattern '/World/envs/env_*/Screwdriver/screwdriver_cap' did not match the correct number of entries (expected 2176, found 128)
[INFO]: Time taken for simulation start : 1.740285 seconds
[INFO]: Completed setting up the environment...

========================================================================
  ScrewdriverRL — Continuous Screwdriver Rotation Training
  Colour guide: good  ok  bad
  OscRatio < 0.15 = good  |  UprightGate > 0.8 = good
  ContactGate > 0.6 = good  |  RevVel < FwdVel = good
========================================================================
[eval] Curriculum phase pinned to @40,000,000 (term_threshold=1.2 rad, episode=45.0s)
[eval] proprio_dim 32 -> 96 (32 x 3 frames, from the task cfg)
self.seed = 20260807
[BasePlayer] Creating regular env:  rlgpu
{'observation_space': Box(-5.0, 5.0, (98,), float32), 'action_space': Box(-1.0, 1.0, (16,), float32), 'agents': 1, 'value_size': 1}
build mlp: 104
RunningMeanStd:  (1,)
RunningMeanStd:  (98,)
=> loading checkpoint 'runs/Isaac-LinkerL20-Screwdriver-Rotation-Topdown-Hora/linker_l20_screwdriver_rotation_07-09-14-23/nn/last_linker_l20_screwdriver_rotation_ep_140_rew__11949.862_.pth'
[eval] obs normaliser: |mean|=0.5472 var=0.0116 -> OK

[eval] Task        : Isaac-LinkerL20-Screwdriver-Rotation-Topdown-Hora
[eval] Checkpoint  : runs/Isaac-LinkerL20-Screwdriver-Rotation-Topdown-Hora/linker_l20_screwdriver_rotation_07-09-14-23/nn/last_linker_l20_screwdriver_rotation_ep_140_rew__11949.862_.pth
[eval] Num envs    : 128
[eval] Steps       : 900  (episode = 450 steps)
[eval] Actions     : deterministic
[eval] Device      : cuda:0

────────────────────────────────────────────────────────────────────────
  Epoch        0  Step   40,000,128  Elapsed 00h00m  SPS 32,113,133  Curriculum Phase 2/3
  Progress
    EpFallRate         0.000  EpNetTurns         0.000  n= 128
    FwdTurns          0.000  NetTurns          0.000  OscRatio          0.000
  Object state
    TiltNorm          0.021  UprightGate          0.986
  Contact quality
    ContactGate          0.000  InWindow          0.940  DriveCnt          3.312 ⚠ NO-CONTACT
    ContactForce   2.845N  IndexCapF    0.714N  IdleCnt          0.000
    WrongSurf         0.000N  MaxJointDev   0.207rad
    FwdVel          0.081  RevVel          0.022
  Reward breakdown
    TurnRew     7.130  Authority    0.000  IdxCap    0.000
    Drive    0.287  Grip    0.564
    RevCost     3.757  Excess    0.351  WrongC    0.000  HomeDev   0.007
    UprightCost    0.111  IdleCost    0.000  ActionCost   0.271
    FallCost    0.000  TiltVel    1.920
────────────────────────────────────────────────────────────────────────
  TOTAL REWARD        1.558   (mean per-step, Phase 2)

================================================================
  AGGREGATE EVALUATION  (mean ± std over step x env samples)
================================================================
  Rotation
    FwdVel (rad/s)       +0.504  ±    0.336
    RevVel (rad/s)       +0.008  ±    0.048
    TurnRew             +53.502  ±   44.959
    AuthorityRew         +4.315  ±    1.029
    TotalRew            +52.654  ±   47.753
  Object / upright
    TiltNorm (rad)       +0.061  ±    0.036
      └ tilt  p50 0.057  p90 0.096  p99 0.148  |  92.0% of steps < 0.10 rad
    UprightGate          +0.898  ±    0.106
  Contact
    OscRatio             +0.014  ±    0.046
    ContactGate          +0.953  ±    0.213
    BinaryGate           +0.953  ±    0.213
    MotionAuth           +0.643  ±    0.289
    DriveCount             3.76  ±     0.53
    InWindow             +0.797  ±    0.070
    ContactForce N        9.072  ±    2.471
    IndexCapForce N       0.371  ±    2.091
    IdleCount              0.03  ±     0.22
    WrongSurf N           0.005  ±    0.217
      └ wrong p50 0.000  p90 0.000  p99 0.000  max 14.723 N  |  0.1% > 0.05 N
      └ vs object N       0.000  ±    0.000
    MaxJointDev rad       0.303  ±    0.033

  Fall DR-corner cross-tab (n=256 episodes, overall 0.0%):
  Fall by load-torque× tercile [×base]: low(≤1.42) 0.0%  mid 0.0%  high(>2.09) 0.0%
  Fall by placement tercile [mm]: low(≤3.05) 0.0%  mid 0.0%  high(>4.48) 0.0%
  High-load∩high-placement corner: 0.0% (n=30)  vs rest 0.0%

  Wrong-surface trace (> 1.0 N): 76 events  |  near-termination 0/76  |  near-reset 6/76

  Episodes completed : 256
  PhysicalNetTurns   : mean +3.76  std 0.78  [p10 +2.90  p50 +3.92  p90 +4.51]
  PhysicalFwdTurns   : mean +3.82
  AuthorizedNetTurns : mean +2.61
  Fell over (tilt)   :   0.0%  of episodes
  Success (>=3 turns, upright):  87.5%

  Reward-validity (coasting probe)
    Steps with contact gate open (binary):  95.3%
    Mean FwdVel  WHILE in contact        : +0.525 rad/s
    Mean FwdVel  WITHOUT contact (coast) : +0.085 rad/s
    (High spin without contact => free-spin/coasting, not manipulation.)
================================================================

